ISO-10303-21;
HEADER;
FILE_DESCRIPTION(('KiCad electronic assembly'),'2;1');
FILE_NAME('LIGHT_TRAINER_PCB.step','2026-07-01T11:34:13',('Pcbnew'),(
    'Kicad'),'Open CASCADE STEP processor 7.9','KiCad to STEP converter'
  ,'Unknown');
FILE_SCHEMA(('AUTOMOTIVE_DESIGN { 1 0 10303 214 1 1 1 1 }'));
ENDSEC;
DATA;
#1 = APPLICATION_PROTOCOL_DEFINITION('international standard',
  'automotive_design',2000,#2);
#2 = APPLICATION_CONTEXT(
  'core data for automotive mechanical design processes');
#3 = SHAPE_DEFINITION_REPRESENTATION(#4,#10);
#4 = PRODUCT_DEFINITION_SHAPE('','',#5);
#5 = PRODUCT_DEFINITION('design','',#6,#9);
#6 = PRODUCT_DEFINITION_FORMATION('','',#7);
#7 = PRODUCT('LIGHT_TRAINER_PCB 1','LIGHT_TRAINER_PCB 1','',(#8));
#8 = PRODUCT_CONTEXT('',#2,'mechanical');
#9 = PRODUCT_DEFINITION_CONTEXT('part definition',#2,'design');
#10 = SHAPE_REPRESENTATION('',(#11,#15,#19),#23);
#11 = AXIS2_PLACEMENT_3D('',#12,#13,#14);
#12 = CARTESIAN_POINT('',(0.,0.,0.));
#13 = DIRECTION('',(0.,0.,1.));
#14 = DIRECTION('',(1.,0.,-0.));
#15 = AXIS2_PLACEMENT_3D('',#16,#17,#18);
#16 = CARTESIAN_POINT('',(0.,0.,0.));
#17 = DIRECTION('',(0.,0.,1.));
#18 = DIRECTION('',(1.,0.,-0.));
#19 = AXIS2_PLACEMENT_3D('',#20,#21,#22);
#20 = CARTESIAN_POINT('',(0.,0.,0.));
#21 = DIRECTION('',(0.,0.,1.));
#22 = DIRECTION('',(1.,0.,-0.));
#23 = ( GEOMETRIC_REPRESENTATION_CONTEXT(3) 
GLOBAL_UNCERTAINTY_ASSIGNED_CONTEXT((#27)) GLOBAL_UNIT_ASSIGNED_CONTEXT(
(#24,#25,#26)) REPRESENTATION_CONTEXT('Context #1',
  '3D Context with UNIT and UNCERTAINTY') );
#24 = ( LENGTH_UNIT() NAMED_UNIT(*) SI_UNIT(.MILLI.,.METRE.) );
#25 = ( NAMED_UNIT(*) PLANE_ANGLE_UNIT() SI_UNIT($,.RADIAN.) );
#26 = ( NAMED_UNIT(*) SI_UNIT($,.STERADIAN.) SOLID_ANGLE_UNIT() );
#27 = UNCERTAINTY_MEASURE_WITH_UNIT(LENGTH_MEASURE(1.E-07),#24,
  'distance_accuracy_value','confusion accuracy');
#28 = PRODUCT_RELATED_PRODUCT_CATEGORY('part',$,(#7));
#29 = SHAPE_DEFINITION_REPRESENTATION(#30,#36);
#30 = PRODUCT_DEFINITION_SHAPE('','',#31);
#31 = PRODUCT_DEFINITION('design','',#32,#35);
#32 = PRODUCT_DEFINITION_FORMATION('','',#33);
#33 = PRODUCT('light_trainer_copper','light_trainer_copper','',(#34));
#34 = PRODUCT_CONTEXT('',#2,'mechanical');
#35 = PRODUCT_DEFINITION_CONTEXT('part definition',#2,'design');
#36 = SHAPE_REPRESENTATION('',(#11,#37,#269,#905,#2431,#2764,#3472,#3805
    ,#4550,#4883,#5317,#5751,#6387,#8014),#8448);
#37 = MANIFOLD_SOLID_BREP('',#38);
#38 = CLOSED_SHELL('',(#39,#81,#112,#145,#167,#200,#233,#251));
#39 = ADVANCED_FACE('',(#40),#76,.T.);
#40 = FACE_BOUND('',#41,.F.);
#41 = EDGE_LOOP('',(#42,#52,#61,#69));
#42 = ORIENTED_EDGE('',*,*,#43,.T.);
#43 = EDGE_CURVE('',#44,#46,#48,.T.);
#44 = VERTEX_POINT('',#45);
#45 = CARTESIAN_POINT('',(169.92,-110.89,0.));
#46 = VERTEX_POINT('',#47);
#47 = CARTESIAN_POINT('',(169.92,-110.89,-3.5E-02));
#48 = LINE('',#49,#50);
#49 = CARTESIAN_POINT('',(169.92,-110.89,0.));
#50 = VECTOR('',#51,1.);
#51 = DIRECTION('',(0.,0.,-1.));
#52 = ORIENTED_EDGE('',*,*,#53,.T.);
#53 = EDGE_CURVE('',#46,#54,#56,.T.);
#54 = VERTEX_POINT('',#55);
#55 = CARTESIAN_POINT('',(167.92,-110.89,-3.5E-02));
#56 = CIRCLE('',#57,1.);
#57 = AXIS2_PLACEMENT_3D('',#58,#59,#60);
#58 = CARTESIAN_POINT('',(168.92,-110.8900002595,-3.5E-02));
#59 = DIRECTION('',(0.,0.,-1.));
#60 = DIRECTION('',(1.,2.595065353716E-07,0.));
#61 = ORIENTED_EDGE('',*,*,#62,.F.);
#62 = EDGE_CURVE('',#63,#54,#65,.T.);
#63 = VERTEX_POINT('',#64);
#64 = CARTESIAN_POINT('',(167.92,-110.89,0.));
#65 = LINE('',#66,#67);
#66 = CARTESIAN_POINT('',(167.92,-110.89,0.));
#67 = VECTOR('',#68,1.);
#68 = DIRECTION('',(0.,0.,-1.));
#69 = ORIENTED_EDGE('',*,*,#70,.F.);
#70 = EDGE_CURVE('',#44,#63,#71,.T.);
#71 = CIRCLE('',#72,1.);
#72 = AXIS2_PLACEMENT_3D('',#73,#74,#75);
#73 = CARTESIAN_POINT('',(168.92,-110.8900002595,0.));
#74 = DIRECTION('',(0.,0.,-1.));
#75 = DIRECTION('',(1.,2.595065353716E-07,0.));
#76 = CYLINDRICAL_SURFACE('',#77,1.);
#77 = AXIS2_PLACEMENT_3D('',#78,#79,#80);
#78 = CARTESIAN_POINT('',(168.92,-110.8900002595,0.));
#79 = DIRECTION('',(-0.,-0.,1.));
#80 = DIRECTION('',(1.,2.595065353716E-07,0.));
#81 = ADVANCED_FACE('',(#82),#107,.F.);
#82 = FACE_BOUND('',#83,.F.);
#83 = EDGE_LOOP('',(#84,#85,#93,#101));
#84 = ORIENTED_EDGE('',*,*,#62,.T.);
#85 = ORIENTED_EDGE('',*,*,#86,.T.);
#86 = EDGE_CURVE('',#54,#87,#89,.T.);
#87 = VERTEX_POINT('',#88);
#88 = CARTESIAN_POINT('',(167.92,-105.81,-3.5E-02));
#89 = LINE('',#90,#91);
#90 = CARTESIAN_POINT('',(167.92,-110.89,-3.5E-02));
#91 = VECTOR('',#92,1.);
#92 = DIRECTION('',(0.,1.,0.));
#93 = ORIENTED_EDGE('',*,*,#94,.F.);
#94 = EDGE_CURVE('',#95,#87,#97,.T.);
#95 = VERTEX_POINT('',#96);
#96 = CARTESIAN_POINT('',(167.92,-105.81,0.));
#97 = LINE('',#98,#99);
#98 = CARTESIAN_POINT('',(167.92,-105.81,0.));
#99 = VECTOR('',#100,1.);
#100 = DIRECTION('',(0.,0.,-1.));
#101 = ORIENTED_EDGE('',*,*,#102,.F.);
#102 = EDGE_CURVE('',#63,#95,#103,.T.);
#103 = LINE('',#104,#105);
#104 = CARTESIAN_POINT('',(167.92,-110.89,0.));
#105 = VECTOR('',#106,1.);
#106 = DIRECTION('',(0.,1.,0.));
#107 = PLANE('',#108);
#108 = AXIS2_PLACEMENT_3D('',#109,#110,#111);
#109 = CARTESIAN_POINT('',(167.92,-110.89,0.));
#110 = DIRECTION('',(1.,-0.,0.));
#111 = DIRECTION('',(0.,1.,0.));
#112 = ADVANCED_FACE('',(#113),#140,.T.);
#113 = FACE_BOUND('',#114,.F.);
#114 = EDGE_LOOP('',(#115,#116,#125,#133));
#115 = ORIENTED_EDGE('',*,*,#94,.T.);
#116 = ORIENTED_EDGE('',*,*,#117,.T.);
#117 = EDGE_CURVE('',#87,#118,#120,.T.);
#118 = VERTEX_POINT('',#119);
#119 = CARTESIAN_POINT('',(169.92,-105.81,-3.5E-02));
#120 = CIRCLE('',#121,1.);
#121 = AXIS2_PLACEMENT_3D('',#122,#123,#124);
#122 = CARTESIAN_POINT('',(168.92,-105.8100002313,-3.5E-02));
#123 = DIRECTION('',(0.,0.,-1.));
#124 = DIRECTION('',(-1.,2.313867497605E-07,0.));
#125 = ORIENTED_EDGE('',*,*,#126,.F.);
#126 = EDGE_CURVE('',#127,#118,#129,.T.);
#127 = VERTEX_POINT('',#128);
#128 = CARTESIAN_POINT('',(169.92,-105.81,0.));
#129 = LINE('',#130,#131);
#130 = CARTESIAN_POINT('',(169.92,-105.81,0.));
#131 = VECTOR('',#132,1.);
#132 = DIRECTION('',(0.,0.,-1.));
#133 = ORIENTED_EDGE('',*,*,#134,.F.);
#134 = EDGE_CURVE('',#95,#127,#135,.T.);
#135 = CIRCLE('',#136,1.);
#136 = AXIS2_PLACEMENT_3D('',#137,#138,#139);
#137 = CARTESIAN_POINT('',(168.92,-105.8100002313,0.));
#138 = DIRECTION('',(0.,0.,-1.));
#139 = DIRECTION('',(-1.,2.313867497605E-07,0.));
#140 = CYLINDRICAL_SURFACE('',#141,1.);
#141 = AXIS2_PLACEMENT_3D('',#142,#143,#144);
#142 = CARTESIAN_POINT('',(168.92,-105.8100002313,0.));
#143 = DIRECTION('',(-0.,-0.,1.));
#144 = DIRECTION('',(-1.,2.313867497605E-07,0.));
#145 = ADVANCED_FACE('',(#146),#162,.F.);
#146 = FACE_BOUND('',#147,.F.);
#147 = EDGE_LOOP('',(#148,#149,#155,#156));
#148 = ORIENTED_EDGE('',*,*,#126,.T.);
#149 = ORIENTED_EDGE('',*,*,#150,.T.);
#150 = EDGE_CURVE('',#118,#46,#151,.T.);
#151 = LINE('',#152,#153);
#152 = CARTESIAN_POINT('',(169.92,-105.81,-3.5E-02));
#153 = VECTOR('',#154,1.);
#154 = DIRECTION('',(0.,-1.,0.));
#155 = ORIENTED_EDGE('',*,*,#43,.F.);
#156 = ORIENTED_EDGE('',*,*,#157,.F.);
#157 = EDGE_CURVE('',#127,#44,#158,.T.);
#158 = LINE('',#159,#160);
#159 = CARTESIAN_POINT('',(169.92,-105.81,0.));
#160 = VECTOR('',#161,1.);
#161 = DIRECTION('',(0.,-1.,0.));
#162 = PLANE('',#163);
#163 = AXIS2_PLACEMENT_3D('',#164,#165,#166);
#164 = CARTESIAN_POINT('',(169.92,-105.81,0.));
#165 = DIRECTION('',(-1.,-0.,-0.));
#166 = DIRECTION('',(0.,-1.,0.));
#167 = ADVANCED_FACE('',(#168),#195,.F.);
#168 = FACE_BOUND('',#169,.F.);
#169 = EDGE_LOOP('',(#170,#180,#187,#188));
#170 = ORIENTED_EDGE('',*,*,#171,.T.);
#171 = EDGE_CURVE('',#172,#174,#176,.T.);
#172 = VERTEX_POINT('',#173);
#173 = CARTESIAN_POINT('',(169.407392,-110.89,0.));
#174 = VERTEX_POINT('',#175);
#175 = CARTESIAN_POINT('',(169.407392,-110.89,-3.5E-02));
#176 = LINE('',#177,#178);
#177 = CARTESIAN_POINT('',(169.407392,-110.89,0.));
#178 = VECTOR('',#179,1.);
#179 = DIRECTION('',(0.,0.,-1.));
#180 = ORIENTED_EDGE('',*,*,#181,.T.);
#181 = EDGE_CURVE('',#174,#174,#182,.T.);
#182 = CIRCLE('',#183,0.487392);
#183 = AXIS2_PLACEMENT_3D('',#184,#185,#186);
#184 = CARTESIAN_POINT('',(168.92,-110.89,-3.5E-02));
#185 = DIRECTION('',(0.,0.,1.));
#186 = DIRECTION('',(1.,0.,-0.));
#187 = ORIENTED_EDGE('',*,*,#171,.F.);
#188 = ORIENTED_EDGE('',*,*,#189,.F.);
#189 = EDGE_CURVE('',#172,#172,#190,.T.);
#190 = CIRCLE('',#191,0.487392);
#191 = AXIS2_PLACEMENT_3D('',#192,#193,#194);
#192 = CARTESIAN_POINT('',(168.92,-110.89,0.));
#193 = DIRECTION('',(0.,0.,1.));
#194 = DIRECTION('',(1.,0.,-0.));
#195 = CYLINDRICAL_SURFACE('',#196,0.487392);
#196 = AXIS2_PLACEMENT_3D('',#197,#198,#199);
#197 = CARTESIAN_POINT('',(168.92,-110.89,0.));
#198 = DIRECTION('',(0.,0.,1.));
#199 = DIRECTION('',(1.,0.,-0.));
#200 = ADVANCED_FACE('',(#201),#228,.F.);
#201 = FACE_BOUND('',#202,.F.);
#202 = EDGE_LOOP('',(#203,#213,#220,#221));
#203 = ORIENTED_EDGE('',*,*,#204,.T.);
#204 = EDGE_CURVE('',#205,#207,#209,.T.);
#205 = VERTEX_POINT('',#206);
#206 = CARTESIAN_POINT('',(169.307392,-105.81,0.));
#207 = VERTEX_POINT('',#208);
#208 = CARTESIAN_POINT('',(169.307392,-105.81,-3.5E-02));
#209 = LINE('',#210,#211);
#210 = CARTESIAN_POINT('',(169.307392,-105.81,0.));
#211 = VECTOR('',#212,1.);
#212 = DIRECTION('',(0.,0.,-1.));
#213 = ORIENTED_EDGE('',*,*,#214,.T.);
#214 = EDGE_CURVE('',#207,#207,#215,.T.);
#215 = CIRCLE('',#216,0.387392);
#216 = AXIS2_PLACEMENT_3D('',#217,#218,#219);
#217 = CARTESIAN_POINT('',(168.92,-105.81,-3.5E-02));
#218 = DIRECTION('',(0.,0.,1.));
#219 = DIRECTION('',(1.,0.,-0.));
#220 = ORIENTED_EDGE('',*,*,#204,.F.);
#221 = ORIENTED_EDGE('',*,*,#222,.F.);
#222 = EDGE_CURVE('',#205,#205,#223,.T.);
#223 = CIRCLE('',#224,0.387392);
#224 = AXIS2_PLACEMENT_3D('',#225,#226,#227);
#225 = CARTESIAN_POINT('',(168.92,-105.81,0.));
#226 = DIRECTION('',(0.,0.,1.));
#227 = DIRECTION('',(1.,0.,-0.));
#228 = CYLINDRICAL_SURFACE('',#229,0.387392);
#229 = AXIS2_PLACEMENT_3D('',#230,#231,#232);
#230 = CARTESIAN_POINT('',(168.92,-105.81,0.));
#231 = DIRECTION('',(0.,0.,1.));
#232 = DIRECTION('',(1.,0.,-0.));
#233 = ADVANCED_FACE('',(#234,#240,#243),#246,.F.);
#234 = FACE_BOUND('',#235,.F.);
#235 = EDGE_LOOP('',(#236,#237,#238,#239));
#236 = ORIENTED_EDGE('',*,*,#70,.T.);
#237 = ORIENTED_EDGE('',*,*,#102,.T.);
#238 = ORIENTED_EDGE('',*,*,#134,.T.);
#239 = ORIENTED_EDGE('',*,*,#157,.T.);
#240 = FACE_BOUND('',#241,.F.);
#241 = EDGE_LOOP('',(#242));
#242 = ORIENTED_EDGE('',*,*,#189,.T.);
#243 = FACE_BOUND('',#244,.F.);
#244 = EDGE_LOOP('',(#245));
#245 = ORIENTED_EDGE('',*,*,#222,.T.);
#246 = PLANE('',#247);
#247 = AXIS2_PLACEMENT_3D('',#248,#249,#250);
#248 = CARTESIAN_POINT('',(0.,0.,0.));
#249 = DIRECTION('',(-0.,-0.,-1.));
#250 = DIRECTION('',(-1.,0.,0.));
#251 = ADVANCED_FACE('',(#252,#258,#261),#264,.T.);
#252 = FACE_BOUND('',#253,.T.);
#253 = EDGE_LOOP('',(#254,#255,#256,#257));
#254 = ORIENTED_EDGE('',*,*,#53,.T.);
#255 = ORIENTED_EDGE('',*,*,#86,.T.);
#256 = ORIENTED_EDGE('',*,*,#117,.T.);
#257 = ORIENTED_EDGE('',*,*,#150,.T.);
#258 = FACE_BOUND('',#259,.T.);
#259 = EDGE_LOOP('',(#260));
#260 = ORIENTED_EDGE('',*,*,#181,.T.);
#261 = FACE_BOUND('',#262,.T.);
#262 = EDGE_LOOP('',(#263));
#263 = ORIENTED_EDGE('',*,*,#214,.T.);
#264 = PLANE('',#265);
#265 = AXIS2_PLACEMENT_3D('',#266,#267,#268);
#266 = CARTESIAN_POINT('',(0.,0.,-3.5E-02));
#267 = DIRECTION('',(-0.,-0.,-1.));
#268 = DIRECTION('',(-1.,0.,0.));
#269 = MANIFOLD_SOLID_BREP('',#270);
#270 = CLOSED_SHELL('',(#271,#313,#344,#377,#408,#441,#472,#503,#534,
    #567,#598,#631,#662,#695,#726,#757,#779,#812,#845,#875));
#271 = ADVANCED_FACE('',(#272),#308,.T.);
#272 = FACE_BOUND('',#273,.F.);
#273 = EDGE_LOOP('',(#274,#284,#293,#301));
#274 = ORIENTED_EDGE('',*,*,#275,.T.);
#275 = EDGE_CURVE('',#276,#278,#280,.T.);
#276 = VERTEX_POINT('',#277);
#277 = CARTESIAN_POINT('',(121.92,-102.6,0.));
#278 = VERTEX_POINT('',#279);
#279 = CARTESIAN_POINT('',(121.92,-102.6,-3.5E-02));
#280 = LINE('',#281,#282);
#281 = CARTESIAN_POINT('',(121.92,-102.6,0.));
#282 = VECTOR('',#283,1.);
#283 = DIRECTION('',(0.,0.,-1.));
#284 = ORIENTED_EDGE('',*,*,#285,.T.);
#285 = EDGE_CURVE('',#278,#286,#288,.T.);
#286 = VERTEX_POINT('',#287);
#287 = CARTESIAN_POINT('',(121.92,-100.6,-3.5E-02));
#288 = CIRCLE('',#289,1.);
#289 = AXIS2_PLACEMENT_3D('',#290,#291,#292);
#290 = CARTESIAN_POINT('',(121.91999974049,-101.6,-3.5E-02));
#291 = DIRECTION('',(0.,0.,-1.));
#292 = DIRECTION('',(2.595065353716E-07,-1.,0.));
#293 = ORIENTED_EDGE('',*,*,#294,.F.);
#294 = EDGE_CURVE('',#295,#286,#297,.T.);
#295 = VERTEX_POINT('',#296);
#296 = CARTESIAN_POINT('',(121.92,-100.6,0.));
#297 = LINE('',#298,#299);
#298 = CARTESIAN_POINT('',(121.92,-100.6,0.));
#299 = VECTOR('',#300,1.);
#300 = DIRECTION('',(0.,0.,-1.));
#301 = ORIENTED_EDGE('',*,*,#302,.F.);
#302 = EDGE_CURVE('',#276,#295,#303,.T.);
#303 = CIRCLE('',#304,1.);
#304 = AXIS2_PLACEMENT_3D('',#305,#306,#307);
#305 = CARTESIAN_POINT('',(121.91999974049,-101.6,0.));
#306 = DIRECTION('',(0.,0.,-1.));
#307 = DIRECTION('',(2.595065353716E-07,-1.,0.));
#308 = CYLINDRICAL_SURFACE('',#309,1.);
#309 = AXIS2_PLACEMENT_3D('',#310,#311,#312);
#310 = CARTESIAN_POINT('',(121.91999974049,-101.6,0.));
#311 = DIRECTION('',(-0.,-0.,1.));
#312 = DIRECTION('',(2.595065353716E-07,-1.,0.));
#313 = ADVANCED_FACE('',(#314),#339,.F.);
#314 = FACE_BOUND('',#315,.F.);
#315 = EDGE_LOOP('',(#316,#317,#325,#333));
#316 = ORIENTED_EDGE('',*,*,#294,.T.);
#317 = ORIENTED_EDGE('',*,*,#318,.T.);
#318 = EDGE_CURVE('',#286,#319,#321,.T.);
#319 = VERTEX_POINT('',#320);
#320 = CARTESIAN_POINT('',(124.1,-100.6,-3.5E-02));
#321 = LINE('',#322,#323);
#322 = CARTESIAN_POINT('',(121.92,-100.6,-3.5E-02));
#323 = VECTOR('',#324,1.);
#324 = DIRECTION('',(1.,0.,0.));
#325 = ORIENTED_EDGE('',*,*,#326,.F.);
#326 = EDGE_CURVE('',#327,#319,#329,.T.);
#327 = VERTEX_POINT('',#328);
#328 = CARTESIAN_POINT('',(124.1,-100.6,0.));
#329 = LINE('',#330,#331);
#330 = CARTESIAN_POINT('',(124.1,-100.6,0.));
#331 = VECTOR('',#332,1.);
#332 = DIRECTION('',(0.,0.,-1.));
#333 = ORIENTED_EDGE('',*,*,#334,.F.);
#334 = EDGE_CURVE('',#295,#327,#335,.T.);
#335 = LINE('',#336,#337);
#336 = CARTESIAN_POINT('',(121.92,-100.6,0.));
#337 = VECTOR('',#338,1.);
#338 = DIRECTION('',(1.,0.,0.));
#339 = PLANE('',#340);
#340 = AXIS2_PLACEMENT_3D('',#341,#342,#343);
#341 = CARTESIAN_POINT('',(121.92,-100.6,0.));
#342 = DIRECTION('',(0.,-1.,0.));
#343 = DIRECTION('',(1.,0.,0.));
#344 = ADVANCED_FACE('',(#345),#372,.T.);
#345 = FACE_BOUND('',#346,.F.);
#346 = EDGE_LOOP('',(#347,#348,#357,#365));
#347 = ORIENTED_EDGE('',*,*,#326,.T.);
#348 = ORIENTED_EDGE('',*,*,#349,.T.);
#349 = EDGE_CURVE('',#319,#350,#352,.T.);
#350 = VERTEX_POINT('',#351);
#351 = CARTESIAN_POINT('',(124.807107,-100.892893,-3.5E-02));
#352 = CIRCLE('',#353,1.000004594775);
#353 = AXIS2_PLACEMENT_3D('',#354,#355,#356);
#354 = CARTESIAN_POINT('',(124.09999853441,-101.6000045947,-3.5E-02));
#355 = DIRECTION('',(0.,0.,-1.));
#356 = DIRECTION('',(1.465582203301E-06,0.999999999999,0.));
#357 = ORIENTED_EDGE('',*,*,#358,.F.);
#358 = EDGE_CURVE('',#359,#350,#361,.T.);
#359 = VERTEX_POINT('',#360);
#360 = CARTESIAN_POINT('',(124.807107,-100.892893,0.));
#361 = LINE('',#362,#363);
#362 = CARTESIAN_POINT('',(124.807107,-100.892893,0.));
#363 = VECTOR('',#364,1.);
#364 = DIRECTION('',(0.,0.,-1.));
#365 = ORIENTED_EDGE('',*,*,#366,.F.);
#366 = EDGE_CURVE('',#327,#359,#367,.T.);
#367 = CIRCLE('',#368,1.000004594775);
#368 = AXIS2_PLACEMENT_3D('',#369,#370,#371);
#369 = CARTESIAN_POINT('',(124.09999853441,-101.6000045947,0.));
#370 = DIRECTION('',(0.,0.,-1.));
#371 = DIRECTION('',(1.465582203301E-06,0.999999999999,0.));
#372 = CYLINDRICAL_SURFACE('',#373,1.000004594775);
#373 = AXIS2_PLACEMENT_3D('',#374,#375,#376);
#374 = CARTESIAN_POINT('',(124.09999853441,-101.6000045947,0.));
#375 = DIRECTION('',(-0.,-0.,1.));
#376 = DIRECTION('',(1.465582203301E-06,0.999999999999,0.));
#377 = ADVANCED_FACE('',(#378),#403,.F.);
#378 = FACE_BOUND('',#379,.F.);
#379 = EDGE_LOOP('',(#380,#381,#389,#397));
#380 = ORIENTED_EDGE('',*,*,#358,.T.);
#381 = ORIENTED_EDGE('',*,*,#382,.T.);
#382 = EDGE_CURVE('',#350,#383,#385,.T.);
#383 = VERTEX_POINT('',#384);
#384 = CARTESIAN_POINT('',(128.207107,-104.292893,-3.5E-02));
#385 = LINE('',#386,#387);
#386 = CARTESIAN_POINT('',(124.807107,-100.892893,-3.5E-02));
#387 = VECTOR('',#388,1.);
#388 = DIRECTION('',(0.707106781187,-0.707106781187,0.));
#389 = ORIENTED_EDGE('',*,*,#390,.F.);
#390 = EDGE_CURVE('',#391,#383,#393,.T.);
#391 = VERTEX_POINT('',#392);
#392 = CARTESIAN_POINT('',(128.207107,-104.292893,0.));
#393 = LINE('',#394,#395);
#394 = CARTESIAN_POINT('',(128.207107,-104.292893,0.));
#395 = VECTOR('',#396,1.);
#396 = DIRECTION('',(0.,0.,-1.));
#397 = ORIENTED_EDGE('',*,*,#398,.F.);
#398 = EDGE_CURVE('',#359,#391,#399,.T.);
#399 = LINE('',#400,#401);
#400 = CARTESIAN_POINT('',(124.807107,-100.892893,0.));
#401 = VECTOR('',#402,1.);
#402 = DIRECTION('',(0.707106781187,-0.707106781187,0.));
#403 = PLANE('',#404);
#404 = AXIS2_PLACEMENT_3D('',#405,#406,#407);
#405 = CARTESIAN_POINT('',(124.807107,-100.892893,0.));
#406 = DIRECTION('',(-0.707106781187,-0.707106781187,-0.));
#407 = DIRECTION('',(0.707106781187,-0.707106781187,0.));
#408 = ADVANCED_FACE('',(#409),#436,.T.);
#409 = FACE_BOUND('',#410,.F.);
#410 = EDGE_LOOP('',(#411,#412,#421,#429));
#411 = ORIENTED_EDGE('',*,*,#390,.T.);
#412 = ORIENTED_EDGE('',*,*,#413,.T.);
#413 = EDGE_CURVE('',#383,#414,#416,.T.);
#414 = VERTEX_POINT('',#415);
#415 = CARTESIAN_POINT('',(128.5,-105.,-3.5E-02));
#416 = CIRCLE('',#417,1.000004086185);
#417 = AXIS2_PLACEMENT_3D('',#418,#419,#420);
#418 = CARTESIAN_POINT('',(127.49999591381,-105.0000012549,-3.5E-02));
#419 = DIRECTION('',(0.,0.,-1.));
#420 = DIRECTION('',(0.707108196809,0.707105365561,0.));
#421 = ORIENTED_EDGE('',*,*,#422,.F.);
#422 = EDGE_CURVE('',#423,#414,#425,.T.);
#423 = VERTEX_POINT('',#424);
#424 = CARTESIAN_POINT('',(128.5,-105.,0.));
#425 = LINE('',#426,#427);
#426 = CARTESIAN_POINT('',(128.5,-105.,0.));
#427 = VECTOR('',#428,1.);
#428 = DIRECTION('',(0.,0.,-1.));
#429 = ORIENTED_EDGE('',*,*,#430,.F.);
#430 = EDGE_CURVE('',#391,#423,#431,.T.);
#431 = CIRCLE('',#432,1.000004086185);
#432 = AXIS2_PLACEMENT_3D('',#433,#434,#435);
#433 = CARTESIAN_POINT('',(127.49999591381,-105.0000012549,0.));
#434 = DIRECTION('',(0.,0.,-1.));
#435 = DIRECTION('',(0.707108196809,0.707105365561,0.));
#436 = CYLINDRICAL_SURFACE('',#437,1.000004086185);
#437 = AXIS2_PLACEMENT_3D('',#438,#439,#440);
#438 = CARTESIAN_POINT('',(127.49999591381,-105.0000012549,0.));
#439 = DIRECTION('',(-0.,-0.,1.));
#440 = DIRECTION('',(0.707108196809,0.707105365561,0.));
#441 = ADVANCED_FACE('',(#442),#467,.F.);
#442 = FACE_BOUND('',#443,.F.);
#443 = EDGE_LOOP('',(#444,#445,#453,#461));
#444 = ORIENTED_EDGE('',*,*,#422,.T.);
#445 = ORIENTED_EDGE('',*,*,#446,.T.);
#446 = EDGE_CURVE('',#414,#447,#449,.T.);
#447 = VERTEX_POINT('',#448);
#448 = CARTESIAN_POINT('',(128.5,-107.585786,-3.5E-02));
#449 = LINE('',#450,#451);
#450 = CARTESIAN_POINT('',(128.5,-105.,-3.5E-02));
#451 = VECTOR('',#452,1.);
#452 = DIRECTION('',(0.,-1.,0.));
#453 = ORIENTED_EDGE('',*,*,#454,.F.);
#454 = EDGE_CURVE('',#455,#447,#457,.T.);
#455 = VERTEX_POINT('',#456);
#456 = CARTESIAN_POINT('',(128.5,-107.585786,0.));
#457 = LINE('',#458,#459);
#458 = CARTESIAN_POINT('',(128.5,-107.585786,0.));
#459 = VECTOR('',#460,1.);
#460 = DIRECTION('',(0.,0.,-1.));
#461 = ORIENTED_EDGE('',*,*,#462,.F.);
#462 = EDGE_CURVE('',#423,#455,#463,.T.);
#463 = LINE('',#464,#465);
#464 = CARTESIAN_POINT('',(128.5,-105.,0.));
#465 = VECTOR('',#466,1.);
#466 = DIRECTION('',(0.,-1.,0.));
#467 = PLANE('',#468);
#468 = AXIS2_PLACEMENT_3D('',#469,#470,#471);
#469 = CARTESIAN_POINT('',(128.5,-105.,0.));
#470 = DIRECTION('',(-1.,-0.,-0.));
#471 = DIRECTION('',(0.,-1.,0.));
#472 = ADVANCED_FACE('',(#473),#498,.F.);
#473 = FACE_BOUND('',#474,.F.);
#474 = EDGE_LOOP('',(#475,#476,#484,#492));
#475 = ORIENTED_EDGE('',*,*,#454,.T.);
#476 = ORIENTED_EDGE('',*,*,#477,.T.);
#477 = EDGE_CURVE('',#447,#478,#480,.T.);
#478 = VERTEX_POINT('',#479);
#479 = CARTESIAN_POINT('',(143.988214,-123.074,-3.5E-02));
#480 = LINE('',#481,#482);
#481 = CARTESIAN_POINT('',(128.5,-107.585786,-3.5E-02));
#482 = VECTOR('',#483,1.);
#483 = DIRECTION('',(0.707106781187,-0.707106781187,0.));
#484 = ORIENTED_EDGE('',*,*,#485,.F.);
#485 = EDGE_CURVE('',#486,#478,#488,.T.);
#486 = VERTEX_POINT('',#487);
#487 = CARTESIAN_POINT('',(143.988214,-123.074,0.));
#488 = LINE('',#489,#490);
#489 = CARTESIAN_POINT('',(143.988214,-123.074,0.));
#490 = VECTOR('',#491,1.);
#491 = DIRECTION('',(0.,0.,-1.));
#492 = ORIENTED_EDGE('',*,*,#493,.F.);
#493 = EDGE_CURVE('',#455,#486,#494,.T.);
#494 = LINE('',#495,#496);
#495 = CARTESIAN_POINT('',(128.5,-107.585786,0.));
#496 = VECTOR('',#497,1.);
#497 = DIRECTION('',(0.707106781187,-0.707106781187,0.));
#498 = PLANE('',#499);
#499 = AXIS2_PLACEMENT_3D('',#500,#501,#502);
#500 = CARTESIAN_POINT('',(128.5,-107.585786,0.));
#501 = DIRECTION('',(-0.707106781187,-0.707106781187,-0.));
#502 = DIRECTION('',(0.707106781187,-0.707106781187,0.));
#503 = ADVANCED_FACE('',(#504),#529,.F.);
#504 = FACE_BOUND('',#505,.F.);
#505 = EDGE_LOOP('',(#506,#507,#515,#523));
#506 = ORIENTED_EDGE('',*,*,#485,.T.);
#507 = ORIENTED_EDGE('',*,*,#508,.T.);
#508 = EDGE_CURVE('',#478,#509,#511,.T.);
#509 = VERTEX_POINT('',#510);
#510 = CARTESIAN_POINT('',(144.78,-123.074,-3.5E-02));
#511 = LINE('',#512,#513);
#512 = CARTESIAN_POINT('',(143.988214,-123.074,-3.5E-02));
#513 = VECTOR('',#514,1.);
#514 = DIRECTION('',(1.,0.,0.));
#515 = ORIENTED_EDGE('',*,*,#516,.F.);
#516 = EDGE_CURVE('',#517,#509,#519,.T.);
#517 = VERTEX_POINT('',#518);
#518 = CARTESIAN_POINT('',(144.78,-123.074,0.));
#519 = LINE('',#520,#521);
#520 = CARTESIAN_POINT('',(144.78,-123.074,0.));
#521 = VECTOR('',#522,1.);
#522 = DIRECTION('',(0.,0.,-1.));
#523 = ORIENTED_EDGE('',*,*,#524,.F.);
#524 = EDGE_CURVE('',#486,#517,#525,.T.);
#525 = LINE('',#526,#527);
#526 = CARTESIAN_POINT('',(143.988214,-123.074,0.));
#527 = VECTOR('',#528,1.);
#528 = DIRECTION('',(1.,0.,0.));
#529 = PLANE('',#530);
#530 = AXIS2_PLACEMENT_3D('',#531,#532,#533);
#531 = CARTESIAN_POINT('',(143.988214,-123.074,0.));
#532 = DIRECTION('',(0.,-1.,0.));
#533 = DIRECTION('',(1.,0.,0.));
#534 = ADVANCED_FACE('',(#535),#562,.T.);
#535 = FACE_BOUND('',#536,.F.);
#536 = EDGE_LOOP('',(#537,#538,#547,#555));
#537 = ORIENTED_EDGE('',*,*,#516,.T.);
#538 = ORIENTED_EDGE('',*,*,#539,.T.);
#539 = EDGE_CURVE('',#509,#540,#542,.T.);
#540 = VERTEX_POINT('',#541);
#541 = CARTESIAN_POINT('',(144.78,-125.074,-3.5E-02));
#542 = CIRCLE('',#543,1.);
#543 = AXIS2_PLACEMENT_3D('',#544,#545,#546);
#544 = CARTESIAN_POINT('',(144.7800002595,-124.074,-3.5E-02));
#545 = DIRECTION('',(0.,0.,-1.));
#546 = DIRECTION('',(-2.595065211608E-07,1.,-0.));
#547 = ORIENTED_EDGE('',*,*,#548,.F.);
#548 = EDGE_CURVE('',#549,#540,#551,.T.);
#549 = VERTEX_POINT('',#550);
#550 = CARTESIAN_POINT('',(144.78,-125.074,0.));
#551 = LINE('',#552,#553);
#552 = CARTESIAN_POINT('',(144.78,-125.074,0.));
#553 = VECTOR('',#554,1.);
#554 = DIRECTION('',(0.,0.,-1.));
#555 = ORIENTED_EDGE('',*,*,#556,.F.);
#556 = EDGE_CURVE('',#517,#549,#557,.T.);
#557 = CIRCLE('',#558,1.);
#558 = AXIS2_PLACEMENT_3D('',#559,#560,#561);
#559 = CARTESIAN_POINT('',(144.7800002595,-124.074,0.));
#560 = DIRECTION('',(0.,0.,-1.));
#561 = DIRECTION('',(-2.595065211608E-07,1.,-0.));
#562 = CYLINDRICAL_SURFACE('',#563,1.);
#563 = AXIS2_PLACEMENT_3D('',#564,#565,#566);
#564 = CARTESIAN_POINT('',(144.7800002595,-124.074,0.));
#565 = DIRECTION('',(-0.,-0.,1.));
#566 = DIRECTION('',(-2.595065211608E-07,1.,-0.));
#567 = ADVANCED_FACE('',(#568),#593,.F.);
#568 = FACE_BOUND('',#569,.F.);
#569 = EDGE_LOOP('',(#570,#571,#579,#587));
#570 = ORIENTED_EDGE('',*,*,#548,.T.);
#571 = ORIENTED_EDGE('',*,*,#572,.T.);
#572 = EDGE_CURVE('',#540,#573,#575,.T.);
#573 = VERTEX_POINT('',#574);
#574 = CARTESIAN_POINT('',(143.574,-125.074,-3.5E-02));
#575 = LINE('',#576,#577);
#576 = CARTESIAN_POINT('',(144.78,-125.074,-3.5E-02));
#577 = VECTOR('',#578,1.);
#578 = DIRECTION('',(-1.,0.,0.));
#579 = ORIENTED_EDGE('',*,*,#580,.F.);
#580 = EDGE_CURVE('',#581,#573,#583,.T.);
#581 = VERTEX_POINT('',#582);
#582 = CARTESIAN_POINT('',(143.574,-125.074,0.));
#583 = LINE('',#584,#585);
#584 = CARTESIAN_POINT('',(143.574,-125.074,0.));
#585 = VECTOR('',#586,1.);
#586 = DIRECTION('',(0.,0.,-1.));
#587 = ORIENTED_EDGE('',*,*,#588,.F.);
#588 = EDGE_CURVE('',#549,#581,#589,.T.);
#589 = LINE('',#590,#591);
#590 = CARTESIAN_POINT('',(144.78,-125.074,0.));
#591 = VECTOR('',#592,1.);
#592 = DIRECTION('',(-1.,0.,0.));
#593 = PLANE('',#594);
#594 = AXIS2_PLACEMENT_3D('',#595,#596,#597);
#595 = CARTESIAN_POINT('',(144.78,-125.074,0.));
#596 = DIRECTION('',(0.,1.,0.));
#597 = DIRECTION('',(-1.,0.,0.));
#598 = ADVANCED_FACE('',(#599),#626,.T.);
#599 = FACE_BOUND('',#600,.F.);
#600 = EDGE_LOOP('',(#601,#602,#611,#619));
#601 = ORIENTED_EDGE('',*,*,#580,.T.);
#602 = ORIENTED_EDGE('',*,*,#603,.T.);
#603 = EDGE_CURVE('',#573,#604,#606,.T.);
#604 = VERTEX_POINT('',#605);
#605 = CARTESIAN_POINT('',(142.866893,-124.781107,-3.5E-02));
#606 = CIRCLE('',#607,1.000004594775);
#607 = AXIS2_PLACEMENT_3D('',#608,#609,#610);
#608 = CARTESIAN_POINT('',(143.57400146558,-124.0739954052,-3.5E-02));
#609 = DIRECTION('',(0.,0.,-1.));
#610 = DIRECTION('',(-1.465582103826E-06,-0.999999999999,-0.));
#611 = ORIENTED_EDGE('',*,*,#612,.F.);
#612 = EDGE_CURVE('',#613,#604,#615,.T.);
#613 = VERTEX_POINT('',#614);
#614 = CARTESIAN_POINT('',(142.866893,-124.781107,0.));
#615 = LINE('',#616,#617);
#616 = CARTESIAN_POINT('',(142.866893,-124.781107,0.));
#617 = VECTOR('',#618,1.);
#618 = DIRECTION('',(0.,0.,-1.));
#619 = ORIENTED_EDGE('',*,*,#620,.F.);
#620 = EDGE_CURVE('',#581,#613,#621,.T.);
#621 = CIRCLE('',#622,1.000004594775);
#622 = AXIS2_PLACEMENT_3D('',#623,#624,#625);
#623 = CARTESIAN_POINT('',(143.57400146558,-124.0739954052,0.));
#624 = DIRECTION('',(0.,0.,-1.));
#625 = DIRECTION('',(-1.465582103826E-06,-0.999999999999,-0.));
#626 = CYLINDRICAL_SURFACE('',#627,1.000004594775);
#627 = AXIS2_PLACEMENT_3D('',#628,#629,#630);
#628 = CARTESIAN_POINT('',(143.57400146558,-124.0739954052,0.));
#629 = DIRECTION('',(-0.,-0.,1.));
#630 = DIRECTION('',(-1.465582103826E-06,-0.999999999999,-0.));
#631 = ADVANCED_FACE('',(#632),#657,.F.);
#632 = FACE_BOUND('',#633,.F.);
#633 = EDGE_LOOP('',(#634,#635,#643,#651));
#634 = ORIENTED_EDGE('',*,*,#612,.T.);
#635 = ORIENTED_EDGE('',*,*,#636,.T.);
#636 = EDGE_CURVE('',#604,#637,#639,.T.);
#637 = VERTEX_POINT('',#638);
#638 = CARTESIAN_POINT('',(126.792893,-108.707107,-3.5E-02));
#639 = LINE('',#640,#641);
#640 = CARTESIAN_POINT('',(142.866893,-124.781107,-3.5E-02));
#641 = VECTOR('',#642,1.);
#642 = DIRECTION('',(-0.707106781187,0.707106781187,0.));
#643 = ORIENTED_EDGE('',*,*,#644,.F.);
#644 = EDGE_CURVE('',#645,#637,#647,.T.);
#645 = VERTEX_POINT('',#646);
#646 = CARTESIAN_POINT('',(126.792893,-108.707107,0.));
#647 = LINE('',#648,#649);
#648 = CARTESIAN_POINT('',(126.792893,-108.707107,0.));
#649 = VECTOR('',#650,1.);
#650 = DIRECTION('',(0.,0.,-1.));
#651 = ORIENTED_EDGE('',*,*,#652,.F.);
#652 = EDGE_CURVE('',#613,#645,#653,.T.);
#653 = LINE('',#654,#655);
#654 = CARTESIAN_POINT('',(142.866893,-124.781107,0.));
#655 = VECTOR('',#656,1.);
#656 = DIRECTION('',(-0.707106781187,0.707106781187,0.));
#657 = PLANE('',#658);
#658 = AXIS2_PLACEMENT_3D('',#659,#660,#661);
#659 = CARTESIAN_POINT('',(142.866893,-124.781107,0.));
#660 = DIRECTION('',(0.707106781187,0.707106781187,0.));
#661 = DIRECTION('',(-0.707106781187,0.707106781187,0.));
#662 = ADVANCED_FACE('',(#663),#690,.T.);
#663 = FACE_BOUND('',#664,.F.);
#664 = EDGE_LOOP('',(#665,#666,#675,#683));
#665 = ORIENTED_EDGE('',*,*,#644,.T.);
#666 = ORIENTED_EDGE('',*,*,#667,.T.);
#667 = EDGE_CURVE('',#637,#668,#670,.T.);
#668 = VERTEX_POINT('',#669);
#669 = CARTESIAN_POINT('',(126.5,-108.,-3.5E-02));
#670 = CIRCLE('',#671,1.000004086185);
#671 = AXIS2_PLACEMENT_3D('',#672,#673,#674);
#672 = CARTESIAN_POINT('',(127.50000408618,-107.999998745,-3.5E-02));
#673 = DIRECTION('',(0.,0.,-1.));
#674 = DIRECTION('',(-0.707108196809,-0.707105365561,-0.));
#675 = ORIENTED_EDGE('',*,*,#676,.F.);
#676 = EDGE_CURVE('',#677,#668,#679,.T.);
#677 = VERTEX_POINT('',#678);
#678 = CARTESIAN_POINT('',(126.5,-108.,0.));
#679 = LINE('',#680,#681);
#680 = CARTESIAN_POINT('',(126.5,-108.,0.));
#681 = VECTOR('',#682,1.);
#682 = DIRECTION('',(0.,0.,-1.));
#683 = ORIENTED_EDGE('',*,*,#684,.F.);
#684 = EDGE_CURVE('',#645,#677,#685,.T.);
#685 = CIRCLE('',#686,1.000004086185);
#686 = AXIS2_PLACEMENT_3D('',#687,#688,#689);
#687 = CARTESIAN_POINT('',(127.50000408618,-107.999998745,0.));
#688 = DIRECTION('',(0.,0.,-1.));
#689 = DIRECTION('',(-0.707108196809,-0.707105365561,-0.));
#690 = CYLINDRICAL_SURFACE('',#691,1.000004086185);
#691 = AXIS2_PLACEMENT_3D('',#692,#693,#694);
#692 = CARTESIAN_POINT('',(127.50000408618,-107.999998745,0.));
#693 = DIRECTION('',(-0.,-0.,1.));
#694 = DIRECTION('',(-0.707108196809,-0.707105365561,-0.));
#695 = ADVANCED_FACE('',(#696),#721,.F.);
#696 = FACE_BOUND('',#697,.F.);
#697 = EDGE_LOOP('',(#698,#699,#707,#715));
#698 = ORIENTED_EDGE('',*,*,#676,.T.);
#699 = ORIENTED_EDGE('',*,*,#700,.T.);
#700 = EDGE_CURVE('',#668,#701,#703,.T.);
#701 = VERTEX_POINT('',#702);
#702 = CARTESIAN_POINT('',(126.5,-105.414214,-3.5E-02));
#703 = LINE('',#704,#705);
#704 = CARTESIAN_POINT('',(126.5,-108.,-3.5E-02));
#705 = VECTOR('',#706,1.);
#706 = DIRECTION('',(0.,1.,0.));
#707 = ORIENTED_EDGE('',*,*,#708,.F.);
#708 = EDGE_CURVE('',#709,#701,#711,.T.);
#709 = VERTEX_POINT('',#710);
#710 = CARTESIAN_POINT('',(126.5,-105.414214,0.));
#711 = LINE('',#712,#713);
#712 = CARTESIAN_POINT('',(126.5,-105.414214,0.));
#713 = VECTOR('',#714,1.);
#714 = DIRECTION('',(0.,0.,-1.));
#715 = ORIENTED_EDGE('',*,*,#716,.F.);
#716 = EDGE_CURVE('',#677,#709,#717,.T.);
#717 = LINE('',#718,#719);
#718 = CARTESIAN_POINT('',(126.5,-108.,0.));
#719 = VECTOR('',#720,1.);
#720 = DIRECTION('',(0.,1.,0.));
#721 = PLANE('',#722);
#722 = AXIS2_PLACEMENT_3D('',#723,#724,#725);
#723 = CARTESIAN_POINT('',(126.5,-108.,0.));
#724 = DIRECTION('',(1.,-0.,0.));
#725 = DIRECTION('',(0.,1.,0.));
#726 = ADVANCED_FACE('',(#727),#752,.F.);
#727 = FACE_BOUND('',#728,.F.);
#728 = EDGE_LOOP('',(#729,#730,#738,#746));
#729 = ORIENTED_EDGE('',*,*,#708,.T.);
#730 = ORIENTED_EDGE('',*,*,#731,.T.);
#731 = EDGE_CURVE('',#701,#732,#734,.T.);
#732 = VERTEX_POINT('',#733);
#733 = CARTESIAN_POINT('',(123.685786,-102.6,-3.5E-02));
#734 = LINE('',#735,#736);
#735 = CARTESIAN_POINT('',(126.5,-105.414214,-3.5E-02));
#736 = VECTOR('',#737,1.);
#737 = DIRECTION('',(-0.707106781187,0.707106781187,0.));
#738 = ORIENTED_EDGE('',*,*,#739,.F.);
#739 = EDGE_CURVE('',#740,#732,#742,.T.);
#740 = VERTEX_POINT('',#741);
#741 = CARTESIAN_POINT('',(123.685786,-102.6,0.));
#742 = LINE('',#743,#744);
#743 = CARTESIAN_POINT('',(123.685786,-102.6,0.));
#744 = VECTOR('',#745,1.);
#745 = DIRECTION('',(0.,0.,-1.));
#746 = ORIENTED_EDGE('',*,*,#747,.F.);
#747 = EDGE_CURVE('',#709,#740,#748,.T.);
#748 = LINE('',#749,#750);
#749 = CARTESIAN_POINT('',(126.5,-105.414214,0.));
#750 = VECTOR('',#751,1.);
#751 = DIRECTION('',(-0.707106781187,0.707106781187,0.));
#752 = PLANE('',#753);
#753 = AXIS2_PLACEMENT_3D('',#754,#755,#756);
#754 = CARTESIAN_POINT('',(126.5,-105.414214,0.));
#755 = DIRECTION('',(0.707106781187,0.707106781187,0.));
#756 = DIRECTION('',(-0.707106781187,0.707106781187,0.));
#757 = ADVANCED_FACE('',(#758),#774,.F.);
#758 = FACE_BOUND('',#759,.F.);
#759 = EDGE_LOOP('',(#760,#761,#767,#768));
#760 = ORIENTED_EDGE('',*,*,#739,.T.);
#761 = ORIENTED_EDGE('',*,*,#762,.T.);
#762 = EDGE_CURVE('',#732,#278,#763,.T.);
#763 = LINE('',#764,#765);
#764 = CARTESIAN_POINT('',(123.685786,-102.6,-3.5E-02));
#765 = VECTOR('',#766,1.);
#766 = DIRECTION('',(-1.,0.,0.));
#767 = ORIENTED_EDGE('',*,*,#275,.F.);
#768 = ORIENTED_EDGE('',*,*,#769,.F.);
#769 = EDGE_CURVE('',#740,#276,#770,.T.);
#770 = LINE('',#771,#772);
#771 = CARTESIAN_POINT('',(123.685786,-102.6,0.));
#772 = VECTOR('',#773,1.);
#773 = DIRECTION('',(-1.,0.,0.));
#774 = PLANE('',#775);
#775 = AXIS2_PLACEMENT_3D('',#776,#777,#778);
#776 = CARTESIAN_POINT('',(123.685786,-102.6,0.));
#777 = DIRECTION('',(0.,1.,0.));
#778 = DIRECTION('',(-1.,0.,0.));
#779 = ADVANCED_FACE('',(#780),#807,.F.);
#780 = FACE_BOUND('',#781,.F.);
#781 = EDGE_LOOP('',(#782,#792,#799,#800));
#782 = ORIENTED_EDGE('',*,*,#783,.T.);
#783 = EDGE_CURVE('',#784,#786,#788,.T.);
#784 = VERTEX_POINT('',#785);
#785 = CARTESIAN_POINT('',(145.211891,-124.074,0.));
#786 = VERTEX_POINT('',#787);
#787 = CARTESIAN_POINT('',(145.211891,-124.074,-3.5E-02));
#788 = LINE('',#789,#790);
#789 = CARTESIAN_POINT('',(145.211891,-124.074,0.));
#790 = VECTOR('',#791,1.);
#791 = DIRECTION('',(0.,0.,-1.));
#792 = ORIENTED_EDGE('',*,*,#793,.T.);
#793 = EDGE_CURVE('',#786,#786,#794,.T.);
#794 = CIRCLE('',#795,0.431891);
#795 = AXIS2_PLACEMENT_3D('',#796,#797,#798);
#796 = CARTESIAN_POINT('',(144.78,-124.074,-3.5E-02));
#797 = DIRECTION('',(0.,0.,1.));
#798 = DIRECTION('',(1.,0.,-0.));
#799 = ORIENTED_EDGE('',*,*,#783,.F.);
#800 = ORIENTED_EDGE('',*,*,#801,.F.);
#801 = EDGE_CURVE('',#784,#784,#802,.T.);
#802 = CIRCLE('',#803,0.431891);
#803 = AXIS2_PLACEMENT_3D('',#804,#805,#806);
#804 = CARTESIAN_POINT('',(144.78,-124.074,0.));
#805 = DIRECTION('',(0.,0.,1.));
#806 = DIRECTION('',(1.,0.,-0.));
#807 = CYLINDRICAL_SURFACE('',#808,0.431891);
#808 = AXIS2_PLACEMENT_3D('',#809,#810,#811);
#809 = CARTESIAN_POINT('',(144.78,-124.074,0.));
#810 = DIRECTION('',(0.,0.,1.));
#811 = DIRECTION('',(1.,0.,-0.));
#812 = ADVANCED_FACE('',(#813),#840,.F.);
#813 = FACE_BOUND('',#814,.F.);
#814 = EDGE_LOOP('',(#815,#825,#832,#833));
#815 = ORIENTED_EDGE('',*,*,#816,.T.);
#816 = EDGE_CURVE('',#817,#819,#821,.T.);
#817 = VERTEX_POINT('',#818);
#818 = CARTESIAN_POINT('',(122.407392,-101.6,0.));
#819 = VERTEX_POINT('',#820);
#820 = CARTESIAN_POINT('',(122.407392,-101.6,-3.5E-02));
#821 = LINE('',#822,#823);
#822 = CARTESIAN_POINT('',(122.407392,-101.6,0.));
#823 = VECTOR('',#824,1.);
#824 = DIRECTION('',(0.,0.,-1.));
#825 = ORIENTED_EDGE('',*,*,#826,.T.);
#826 = EDGE_CURVE('',#819,#819,#827,.T.);
#827 = CIRCLE('',#828,0.487392);
#828 = AXIS2_PLACEMENT_3D('',#829,#830,#831);
#829 = CARTESIAN_POINT('',(121.92,-101.6,-3.5E-02));
#830 = DIRECTION('',(0.,0.,1.));
#831 = DIRECTION('',(1.,0.,-0.));
#832 = ORIENTED_EDGE('',*,*,#816,.F.);
#833 = ORIENTED_EDGE('',*,*,#834,.F.);
#834 = EDGE_CURVE('',#817,#817,#835,.T.);
#835 = CIRCLE('',#836,0.487392);
#836 = AXIS2_PLACEMENT_3D('',#837,#838,#839);
#837 = CARTESIAN_POINT('',(121.92,-101.6,0.));
#838 = DIRECTION('',(0.,0.,1.));
#839 = DIRECTION('',(1.,0.,-0.));
#840 = CYLINDRICAL_SURFACE('',#841,0.487392);
#841 = AXIS2_PLACEMENT_3D('',#842,#843,#844);
#842 = CARTESIAN_POINT('',(121.92,-101.6,0.));
#843 = DIRECTION('',(0.,0.,1.));
#844 = DIRECTION('',(1.,0.,-0.));
#845 = ADVANCED_FACE('',(#846,#864,#867),#870,.F.);
#846 = FACE_BOUND('',#847,.F.);
#847 = EDGE_LOOP('',(#848,#849,#850,#851,#852,#853,#854,#855,#856,#857,
    #858,#859,#860,#861,#862,#863));
#848 = ORIENTED_EDGE('',*,*,#302,.T.);
#849 = ORIENTED_EDGE('',*,*,#334,.T.);
#850 = ORIENTED_EDGE('',*,*,#366,.T.);
#851 = ORIENTED_EDGE('',*,*,#398,.T.);
#852 = ORIENTED_EDGE('',*,*,#430,.T.);
#853 = ORIENTED_EDGE('',*,*,#462,.T.);
#854 = ORIENTED_EDGE('',*,*,#493,.T.);
#855 = ORIENTED_EDGE('',*,*,#524,.T.);
#856 = ORIENTED_EDGE('',*,*,#556,.T.);
#857 = ORIENTED_EDGE('',*,*,#588,.T.);
#858 = ORIENTED_EDGE('',*,*,#620,.T.);
#859 = ORIENTED_EDGE('',*,*,#652,.T.);
#860 = ORIENTED_EDGE('',*,*,#684,.T.);
#861 = ORIENTED_EDGE('',*,*,#716,.T.);
#862 = ORIENTED_EDGE('',*,*,#747,.T.);
#863 = ORIENTED_EDGE('',*,*,#769,.T.);
#864 = FACE_BOUND('',#865,.F.);
#865 = EDGE_LOOP('',(#866));
#866 = ORIENTED_EDGE('',*,*,#801,.T.);
#867 = FACE_BOUND('',#868,.F.);
#868 = EDGE_LOOP('',(#869));
#869 = ORIENTED_EDGE('',*,*,#834,.T.);
#870 = PLANE('',#871);
#871 = AXIS2_PLACEMENT_3D('',#872,#873,#874);
#872 = CARTESIAN_POINT('',(0.,0.,0.));
#873 = DIRECTION('',(-0.,-0.,-1.));
#874 = DIRECTION('',(-1.,0.,0.));
#875 = ADVANCED_FACE('',(#876,#894,#897),#900,.T.);
#876 = FACE_BOUND('',#877,.T.);
#877 = EDGE_LOOP('',(#878,#879,#880,#881,#882,#883,#884,#885,#886,#887,
    #888,#889,#890,#891,#892,#893));
#878 = ORIENTED_EDGE('',*,*,#285,.T.);
#879 = ORIENTED_EDGE('',*,*,#318,.T.);
#880 = ORIENTED_EDGE('',*,*,#349,.T.);
#881 = ORIENTED_EDGE('',*,*,#382,.T.);
#882 = ORIENTED_EDGE('',*,*,#413,.T.);
#883 = ORIENTED_EDGE('',*,*,#446,.T.);
#884 = ORIENTED_EDGE('',*,*,#477,.T.);
#885 = ORIENTED_EDGE('',*,*,#508,.T.);
#886 = ORIENTED_EDGE('',*,*,#539,.T.);
#887 = ORIENTED_EDGE('',*,*,#572,.T.);
#888 = ORIENTED_EDGE('',*,*,#603,.T.);
#889 = ORIENTED_EDGE('',*,*,#636,.T.);
#890 = ORIENTED_EDGE('',*,*,#667,.T.);
#891 = ORIENTED_EDGE('',*,*,#700,.T.);
#892 = ORIENTED_EDGE('',*,*,#731,.T.);
#893 = ORIENTED_EDGE('',*,*,#762,.T.);
#894 = FACE_BOUND('',#895,.T.);
#895 = EDGE_LOOP('',(#896));
#896 = ORIENTED_EDGE('',*,*,#793,.T.);
#897 = FACE_BOUND('',#898,.T.);
#898 = EDGE_LOOP('',(#899));
#899 = ORIENTED_EDGE('',*,*,#826,.T.);
#900 = PLANE('',#901);
#901 = AXIS2_PLACEMENT_3D('',#902,#903,#904);
#902 = CARTESIAN_POINT('',(0.,0.,-3.5E-02));
#903 = DIRECTION('',(-0.,-0.,-1.));
#904 = DIRECTION('',(-1.,0.,0.));
#905 = MANIFOLD_SOLID_BREP('',#906);
#906 = CLOSED_SHELL('',(#907,#949,#980,#1013,#1044,#1077,#1108,#1139,
    #1172,#1203,#1236,#1267,#1300,#1331,#1364,#1395,#1426,#1457,#1488,
    #1521,#1552,#1583,#1614,#1645,#1676,#1707,#1740,#1771,#1802,#1835,
    #1866,#1899,#1930,#1961,#1994,#2025,#2056,#2089,#2120,#2142,#2175,
    #2208,#2241,#2274,#2307,#2369));
#907 = ADVANCED_FACE('',(#908),#944,.T.);
#908 = FACE_BOUND('',#909,.F.);
#909 = EDGE_LOOP('',(#910,#920,#929,#937));
#910 = ORIENTED_EDGE('',*,*,#911,.T.);
#911 = EDGE_CURVE('',#912,#914,#916,.T.);
#912 = VERTEX_POINT('',#913);
#913 = CARTESIAN_POINT('',(128.642893,-94.792893,0.));
#914 = VERTEX_POINT('',#915);
#915 = CARTESIAN_POINT('',(128.642893,-94.792893,-3.5E-02));
#916 = LINE('',#917,#918);
#917 = CARTESIAN_POINT('',(128.642893,-94.792893,0.));
#918 = VECTOR('',#919,1.);
#919 = DIRECTION('',(0.,0.,-1.));
#920 = ORIENTED_EDGE('',*,*,#921,.T.);
#921 = EDGE_CURVE('',#914,#922,#924,.T.);
#922 = VERTEX_POINT('',#923);
#923 = CARTESIAN_POINT('',(129.35,-94.5,-3.5E-02));
#924 = CIRCLE('',#925,1.000004086185);
#925 = AXIS2_PLACEMENT_3D('',#926,#927,#928);
#926 = CARTESIAN_POINT('',(129.35000125492,-95.50000408618,-3.5E-02));
#927 = DIRECTION('',(0.,0.,-1.));
#928 = DIRECTION('',(-0.707105365561,0.707108196809,0.));
#929 = ORIENTED_EDGE('',*,*,#930,.F.);
#930 = EDGE_CURVE('',#931,#922,#933,.T.);
#931 = VERTEX_POINT('',#932);
#932 = CARTESIAN_POINT('',(129.35,-94.5,0.));
#933 = LINE('',#934,#935);
#934 = CARTESIAN_POINT('',(129.35,-94.5,0.));
#935 = VECTOR('',#936,1.);
#936 = DIRECTION('',(0.,0.,-1.));
#937 = ORIENTED_EDGE('',*,*,#938,.F.);
#938 = EDGE_CURVE('',#912,#931,#939,.T.);
#939 = CIRCLE('',#940,1.000004086185);
#940 = AXIS2_PLACEMENT_3D('',#941,#942,#943);
#941 = CARTESIAN_POINT('',(129.35000125492,-95.50000408618,0.));
#942 = DIRECTION('',(0.,0.,-1.));
#943 = DIRECTION('',(-0.707105365561,0.707108196809,0.));
#944 = CYLINDRICAL_SURFACE('',#945,1.000004086185);
#945 = AXIS2_PLACEMENT_3D('',#946,#947,#948);
#946 = CARTESIAN_POINT('',(129.35000125492,-95.50000408618,0.));
#947 = DIRECTION('',(-0.,-0.,1.));
#948 = DIRECTION('',(-0.707105365561,0.707108196809,0.));
#949 = ADVANCED_FACE('',(#950),#975,.F.);
#950 = FACE_BOUND('',#951,.F.);
#951 = EDGE_LOOP('',(#952,#953,#961,#969));
#952 = ORIENTED_EDGE('',*,*,#930,.T.);
#953 = ORIENTED_EDGE('',*,*,#954,.T.);
#954 = EDGE_CURVE('',#922,#955,#957,.T.);
#955 = VERTEX_POINT('',#956);
#956 = CARTESIAN_POINT('',(163.7,-94.5,-3.5E-02));
#957 = LINE('',#958,#959);
#958 = CARTESIAN_POINT('',(129.35,-94.5,-3.5E-02));
#959 = VECTOR('',#960,1.);
#960 = DIRECTION('',(1.,0.,0.));
#961 = ORIENTED_EDGE('',*,*,#962,.F.);
#962 = EDGE_CURVE('',#963,#955,#965,.T.);
#963 = VERTEX_POINT('',#964);
#964 = CARTESIAN_POINT('',(163.7,-94.5,0.));
#965 = LINE('',#966,#967);
#966 = CARTESIAN_POINT('',(163.7,-94.5,0.));
#967 = VECTOR('',#968,1.);
#968 = DIRECTION('',(0.,0.,-1.));
#969 = ORIENTED_EDGE('',*,*,#970,.F.);
#970 = EDGE_CURVE('',#931,#963,#971,.T.);
#971 = LINE('',#972,#973);
#972 = CARTESIAN_POINT('',(129.35,-94.5,0.));
#973 = VECTOR('',#974,1.);
#974 = DIRECTION('',(1.,0.,0.));
#975 = PLANE('',#976);
#976 = AXIS2_PLACEMENT_3D('',#977,#978,#979);
#977 = CARTESIAN_POINT('',(129.35,-94.5,0.));
#978 = DIRECTION('',(0.,-1.,0.));
#979 = DIRECTION('',(1.,0.,0.));
#980 = ADVANCED_FACE('',(#981),#1008,.T.);
#981 = FACE_BOUND('',#982,.F.);
#982 = EDGE_LOOP('',(#983,#984,#993,#1001));
#983 = ORIENTED_EDGE('',*,*,#962,.T.);
#984 = ORIENTED_EDGE('',*,*,#985,.T.);
#985 = EDGE_CURVE('',#955,#986,#988,.T.);
#986 = VERTEX_POINT('',#987);
#987 = CARTESIAN_POINT('',(164.407107,-94.792893,-3.5E-02));
#988 = CIRCLE('',#989,1.000004594775);
#989 = AXIS2_PLACEMENT_3D('',#990,#991,#992);
#990 = CARTESIAN_POINT('',(163.69999853441,-95.50000459477,-3.5E-02));
#991 = DIRECTION('',(0.,0.,-1.));
#992 = DIRECTION('',(1.465582103826E-06,0.999999999999,0.));
#993 = ORIENTED_EDGE('',*,*,#994,.F.);
#994 = EDGE_CURVE('',#995,#986,#997,.T.);
#995 = VERTEX_POINT('',#996);
#996 = CARTESIAN_POINT('',(164.407107,-94.792893,0.));
#997 = LINE('',#998,#999);
#998 = CARTESIAN_POINT('',(164.407107,-94.792893,0.));
#999 = VECTOR('',#1000,1.);
#1000 = DIRECTION('',(0.,0.,-1.));
#1001 = ORIENTED_EDGE('',*,*,#1002,.F.);
#1002 = EDGE_CURVE('',#963,#995,#1003,.T.);
#1003 = CIRCLE('',#1004,1.000004594775);
#1004 = AXIS2_PLACEMENT_3D('',#1005,#1006,#1007);
#1005 = CARTESIAN_POINT('',(163.69999853441,-95.50000459477,0.));
#1006 = DIRECTION('',(0.,0.,-1.));
#1007 = DIRECTION('',(1.465582103826E-06,0.999999999999,0.));
#1008 = CYLINDRICAL_SURFACE('',#1009,1.000004594775);
#1009 = AXIS2_PLACEMENT_3D('',#1010,#1011,#1012);
#1010 = CARTESIAN_POINT('',(163.69999853441,-95.50000459477,0.));
#1011 = DIRECTION('',(-0.,-0.,1.));
#1012 = DIRECTION('',(1.465582103826E-06,0.999999999999,0.));
#1013 = ADVANCED_FACE('',(#1014),#1039,.F.);
#1014 = FACE_BOUND('',#1015,.F.);
#1015 = EDGE_LOOP('',(#1016,#1017,#1025,#1033));
#1016 = ORIENTED_EDGE('',*,*,#994,.T.);
#1017 = ORIENTED_EDGE('',*,*,#1018,.T.);
#1018 = EDGE_CURVE('',#986,#1019,#1021,.T.);
#1019 = VERTEX_POINT('',#1020);
#1020 = CARTESIAN_POINT('',(166.307107,-96.692893,-3.5E-02));
#1021 = LINE('',#1022,#1023);
#1022 = CARTESIAN_POINT('',(164.407107,-94.792893,-3.5E-02));
#1023 = VECTOR('',#1024,1.);
#1024 = DIRECTION('',(0.707106781187,-0.707106781187,0.));
#1025 = ORIENTED_EDGE('',*,*,#1026,.F.);
#1026 = EDGE_CURVE('',#1027,#1019,#1029,.T.);
#1027 = VERTEX_POINT('',#1028);
#1028 = CARTESIAN_POINT('',(166.307107,-96.692893,0.));
#1029 = LINE('',#1030,#1031);
#1030 = CARTESIAN_POINT('',(166.307107,-96.692893,0.));
#1031 = VECTOR('',#1032,1.);
#1032 = DIRECTION('',(0.,0.,-1.));
#1033 = ORIENTED_EDGE('',*,*,#1034,.F.);
#1034 = EDGE_CURVE('',#995,#1027,#1035,.T.);
#1035 = LINE('',#1036,#1037);
#1036 = CARTESIAN_POINT('',(164.407107,-94.792893,0.));
#1037 = VECTOR('',#1038,1.);
#1038 = DIRECTION('',(0.707106781187,-0.707106781187,0.));
#1039 = PLANE('',#1040);
#1040 = AXIS2_PLACEMENT_3D('',#1041,#1042,#1043);
#1041 = CARTESIAN_POINT('',(164.407107,-94.792893,0.));
#1042 = DIRECTION('',(-0.707106781187,-0.707106781187,-0.));
#1043 = DIRECTION('',(0.707106781187,-0.707106781187,0.));
#1044 = ADVANCED_FACE('',(#1045),#1072,.T.);
#1045 = FACE_BOUND('',#1046,.F.);
#1046 = EDGE_LOOP('',(#1047,#1048,#1057,#1065));
#1047 = ORIENTED_EDGE('',*,*,#1026,.T.);
#1048 = ORIENTED_EDGE('',*,*,#1049,.T.);
#1049 = EDGE_CURVE('',#1019,#1050,#1052,.T.);
#1050 = VERTEX_POINT('',#1051);
#1051 = CARTESIAN_POINT('',(166.6,-97.4,-3.5E-02));
#1052 = CIRCLE('',#1053,1.000004086185);
#1053 = AXIS2_PLACEMENT_3D('',#1054,#1055,#1056);
#1054 = CARTESIAN_POINT('',(165.59999591381,-97.40000125492,-3.5E-02));
#1055 = DIRECTION('',(0.,0.,-1.));
#1056 = DIRECTION('',(0.707108196809,0.707105365561,0.));
#1057 = ORIENTED_EDGE('',*,*,#1058,.F.);
#1058 = EDGE_CURVE('',#1059,#1050,#1061,.T.);
#1059 = VERTEX_POINT('',#1060);
#1060 = CARTESIAN_POINT('',(166.6,-97.4,0.));
#1061 = LINE('',#1062,#1063);
#1062 = CARTESIAN_POINT('',(166.6,-97.4,0.));
#1063 = VECTOR('',#1064,1.);
#1064 = DIRECTION('',(0.,0.,-1.));
#1065 = ORIENTED_EDGE('',*,*,#1066,.F.);
#1066 = EDGE_CURVE('',#1027,#1059,#1067,.T.);
#1067 = CIRCLE('',#1068,1.000004086185);
#1068 = AXIS2_PLACEMENT_3D('',#1069,#1070,#1071);
#1069 = CARTESIAN_POINT('',(165.59999591381,-97.40000125492,0.));
#1070 = DIRECTION('',(0.,0.,-1.));
#1071 = DIRECTION('',(0.707108196809,0.707105365561,0.));
#1072 = CYLINDRICAL_SURFACE('',#1073,1.000004086185);
#1073 = AXIS2_PLACEMENT_3D('',#1074,#1075,#1076);
#1074 = CARTESIAN_POINT('',(165.59999591381,-97.40000125492,0.));
#1075 = DIRECTION('',(-0.,-0.,1.));
#1076 = DIRECTION('',(0.707108196809,0.707105365561,0.));
#1077 = ADVANCED_FACE('',(#1078),#1103,.F.);
#1078 = FACE_BOUND('',#1079,.F.);
#1079 = EDGE_LOOP('',(#1080,#1081,#1089,#1097));
#1080 = ORIENTED_EDGE('',*,*,#1058,.T.);
#1081 = ORIENTED_EDGE('',*,*,#1082,.T.);
#1082 = EDGE_CURVE('',#1050,#1083,#1085,.T.);
#1083 = VERTEX_POINT('',#1084);
#1084 = CARTESIAN_POINT('',(166.6,-110.585786,-3.5E-02));
#1085 = LINE('',#1086,#1087);
#1086 = CARTESIAN_POINT('',(166.6,-97.4,-3.5E-02));
#1087 = VECTOR('',#1088,1.);
#1088 = DIRECTION('',(0.,-1.,0.));
#1089 = ORIENTED_EDGE('',*,*,#1090,.F.);
#1090 = EDGE_CURVE('',#1091,#1083,#1093,.T.);
#1091 = VERTEX_POINT('',#1092);
#1092 = CARTESIAN_POINT('',(166.6,-110.585786,0.));
#1093 = LINE('',#1094,#1095);
#1094 = CARTESIAN_POINT('',(166.6,-110.585786,0.));
#1095 = VECTOR('',#1096,1.);
#1096 = DIRECTION('',(0.,0.,-1.));
#1097 = ORIENTED_EDGE('',*,*,#1098,.F.);
#1098 = EDGE_CURVE('',#1059,#1091,#1099,.T.);
#1099 = LINE('',#1100,#1101);
#1100 = CARTESIAN_POINT('',(166.6,-97.4,0.));
#1101 = VECTOR('',#1102,1.);
#1102 = DIRECTION('',(0.,-1.,0.));
#1103 = PLANE('',#1104);
#1104 = AXIS2_PLACEMENT_3D('',#1105,#1106,#1107);
#1105 = CARTESIAN_POINT('',(166.6,-97.4,0.));
#1106 = DIRECTION('',(-1.,-0.,-0.));
#1107 = DIRECTION('',(0.,-1.,0.));
#1108 = ADVANCED_FACE('',(#1109),#1134,.F.);
#1109 = FACE_BOUND('',#1110,.F.);
#1110 = EDGE_LOOP('',(#1111,#1112,#1120,#1128));
#1111 = ORIENTED_EDGE('',*,*,#1090,.T.);
#1112 = ORIENTED_EDGE('',*,*,#1113,.T.);
#1113 = EDGE_CURVE('',#1083,#1114,#1116,.T.);
#1114 = VERTEX_POINT('',#1115);
#1115 = CARTESIAN_POINT('',(170.547107,-114.532894,-3.5E-02));
#1116 = LINE('',#1117,#1118);
#1117 = CARTESIAN_POINT('',(166.6,-110.585786,-3.5E-02));
#1118 = VECTOR('',#1119,1.);
#1119 = DIRECTION('',(0.707106691614,-0.707106870759,0.));
#1120 = ORIENTED_EDGE('',*,*,#1121,.F.);
#1121 = EDGE_CURVE('',#1122,#1114,#1124,.T.);
#1122 = VERTEX_POINT('',#1123);
#1123 = CARTESIAN_POINT('',(170.547107,-114.532894,0.));
#1124 = LINE('',#1125,#1126);
#1125 = CARTESIAN_POINT('',(170.547107,-114.532894,0.));
#1126 = VECTOR('',#1127,1.);
#1127 = DIRECTION('',(0.,0.,-1.));
#1128 = ORIENTED_EDGE('',*,*,#1129,.F.);
#1129 = EDGE_CURVE('',#1091,#1122,#1130,.T.);
#1130 = LINE('',#1131,#1132);
#1131 = CARTESIAN_POINT('',(166.6,-110.585786,0.));
#1132 = VECTOR('',#1133,1.);
#1133 = DIRECTION('',(0.707106691614,-0.707106870759,0.));
#1134 = PLANE('',#1135);
#1135 = AXIS2_PLACEMENT_3D('',#1136,#1137,#1138);
#1136 = CARTESIAN_POINT('',(166.6,-110.585786,0.));
#1137 = DIRECTION('',(-0.707106870759,-0.707106691614,-0.));
#1138 = DIRECTION('',(0.707106691614,-0.707106870759,0.));
#1139 = ADVANCED_FACE('',(#1140),#1167,.T.);
#1140 = FACE_BOUND('',#1141,.F.);
#1141 = EDGE_LOOP('',(#1142,#1143,#1152,#1160));
#1142 = ORIENTED_EDGE('',*,*,#1121,.T.);
#1143 = ORIENTED_EDGE('',*,*,#1144,.T.);
#1144 = EDGE_CURVE('',#1114,#1145,#1147,.T.);
#1145 = VERTEX_POINT('',#1146);
#1146 = CARTESIAN_POINT('',(170.84,-115.24,-3.5E-02));
#1147 = CIRCLE('',#1148,0.99999265943);
#1148 = AXIS2_PLACEMENT_3D('',#1149,#1150,#1151);
#1149 = CARTESIAN_POINT('',(169.84000734057,-115.2399975218,-3.5E-02));
#1150 = DIRECTION('',(0.,0.,-1.));
#1151 = DIRECTION('',(0.707104849979,0.707108712388,0.));
#1152 = ORIENTED_EDGE('',*,*,#1153,.F.);
#1153 = EDGE_CURVE('',#1154,#1145,#1156,.T.);
#1154 = VERTEX_POINT('',#1155);
#1155 = CARTESIAN_POINT('',(170.84,-115.24,0.));
#1156 = LINE('',#1157,#1158);
#1157 = CARTESIAN_POINT('',(170.84,-115.24,0.));
#1158 = VECTOR('',#1159,1.);
#1159 = DIRECTION('',(0.,0.,-1.));
#1160 = ORIENTED_EDGE('',*,*,#1161,.F.);
#1161 = EDGE_CURVE('',#1122,#1154,#1162,.T.);
#1162 = CIRCLE('',#1163,0.99999265943);
#1163 = AXIS2_PLACEMENT_3D('',#1164,#1165,#1166);
#1164 = CARTESIAN_POINT('',(169.84000734057,-115.2399975218,0.));
#1165 = DIRECTION('',(0.,0.,-1.));
#1166 = DIRECTION('',(0.707104849979,0.707108712388,0.));
#1167 = CYLINDRICAL_SURFACE('',#1168,0.99999265943);
#1168 = AXIS2_PLACEMENT_3D('',#1169,#1170,#1171);
#1169 = CARTESIAN_POINT('',(169.84000734057,-115.2399975218,0.));
#1170 = DIRECTION('',(-0.,-0.,1.));
#1171 = DIRECTION('',(0.707104849979,0.707108712388,0.));
#1172 = ADVANCED_FACE('',(#1173),#1198,.F.);
#1173 = FACE_BOUND('',#1174,.F.);
#1174 = EDGE_LOOP('',(#1175,#1176,#1184,#1192));
#1175 = ORIENTED_EDGE('',*,*,#1153,.T.);
#1176 = ORIENTED_EDGE('',*,*,#1177,.T.);
#1177 = EDGE_CURVE('',#1145,#1178,#1180,.T.);
#1178 = VERTEX_POINT('',#1179);
#1179 = CARTESIAN_POINT('',(170.84,-121.28,-3.5E-02));
#1180 = LINE('',#1181,#1182);
#1181 = CARTESIAN_POINT('',(170.84,-115.24,-3.5E-02));
#1182 = VECTOR('',#1183,1.);
#1183 = DIRECTION('',(0.,-1.,0.));
#1184 = ORIENTED_EDGE('',*,*,#1185,.F.);
#1185 = EDGE_CURVE('',#1186,#1178,#1188,.T.);
#1186 = VERTEX_POINT('',#1187);
#1187 = CARTESIAN_POINT('',(170.84,-121.28,0.));
#1188 = LINE('',#1189,#1190);
#1189 = CARTESIAN_POINT('',(170.84,-121.28,0.));
#1190 = VECTOR('',#1191,1.);
#1191 = DIRECTION('',(0.,0.,-1.));
#1192 = ORIENTED_EDGE('',*,*,#1193,.F.);
#1193 = EDGE_CURVE('',#1154,#1186,#1194,.T.);
#1194 = LINE('',#1195,#1196);
#1195 = CARTESIAN_POINT('',(170.84,-115.24,0.));
#1196 = VECTOR('',#1197,1.);
#1197 = DIRECTION('',(0.,-1.,0.));
#1198 = PLANE('',#1199);
#1199 = AXIS2_PLACEMENT_3D('',#1200,#1201,#1202);
#1200 = CARTESIAN_POINT('',(170.84,-115.24,0.));
#1201 = DIRECTION('',(-1.,-0.,-0.));
#1202 = DIRECTION('',(0.,-1.,0.));
#1203 = ADVANCED_FACE('',(#1204),#1231,.T.);
#1204 = FACE_BOUND('',#1205,.F.);
#1205 = EDGE_LOOP('',(#1206,#1207,#1216,#1224));
#1206 = ORIENTED_EDGE('',*,*,#1185,.T.);
#1207 = ORIENTED_EDGE('',*,*,#1208,.T.);
#1208 = EDGE_CURVE('',#1178,#1209,#1211,.T.);
#1209 = VERTEX_POINT('',#1210);
#1210 = CARTESIAN_POINT('',(170.547107,-121.987107,-3.5E-02));
#1211 = CIRCLE('',#1212,0.999995957107);
#1212 = AXIS2_PLACEMENT_3D('',#1213,#1214,#1215);
#1213 = CARTESIAN_POINT('',(169.84000404289,-121.2800021122,-3.5E-02));
#1214 = DIRECTION('',(0.,0.,-1.));
#1215 = DIRECTION('',(0.999999999998,2.112255571128E-06,0.));
#1216 = ORIENTED_EDGE('',*,*,#1217,.F.);
#1217 = EDGE_CURVE('',#1218,#1209,#1220,.T.);
#1218 = VERTEX_POINT('',#1219);
#1219 = CARTESIAN_POINT('',(170.547107,-121.987107,0.));
#1220 = LINE('',#1221,#1222);
#1221 = CARTESIAN_POINT('',(170.547107,-121.987107,0.));
#1222 = VECTOR('',#1223,1.);
#1223 = DIRECTION('',(0.,0.,-1.));
#1224 = ORIENTED_EDGE('',*,*,#1225,.F.);
#1225 = EDGE_CURVE('',#1186,#1218,#1226,.T.);
#1226 = CIRCLE('',#1227,0.999995957107);
#1227 = AXIS2_PLACEMENT_3D('',#1228,#1229,#1230);
#1228 = CARTESIAN_POINT('',(169.84000404289,-121.2800021122,0.));
#1229 = DIRECTION('',(0.,0.,-1.));
#1230 = DIRECTION('',(0.999999999998,2.112255571128E-06,0.));
#1231 = CYLINDRICAL_SURFACE('',#1232,0.999995957107);
#1232 = AXIS2_PLACEMENT_3D('',#1233,#1234,#1235);
#1233 = CARTESIAN_POINT('',(169.84000404289,-121.2800021122,0.));
#1234 = DIRECTION('',(-0.,-0.,1.));
#1235 = DIRECTION('',(0.999999999998,2.112255571128E-06,0.));
#1236 = ADVANCED_FACE('',(#1237),#1262,.F.);
#1237 = FACE_BOUND('',#1238,.F.);
#1238 = EDGE_LOOP('',(#1239,#1240,#1248,#1256));
#1239 = ORIENTED_EDGE('',*,*,#1217,.T.);
#1240 = ORIENTED_EDGE('',*,*,#1241,.T.);
#1241 = EDGE_CURVE('',#1209,#1242,#1244,.T.);
#1242 = VERTEX_POINT('',#1243);
#1243 = CARTESIAN_POINT('',(167.753107,-124.781107,-3.5E-02));
#1244 = LINE('',#1245,#1246);
#1245 = CARTESIAN_POINT('',(170.547107,-121.987107,-3.5E-02));
#1246 = VECTOR('',#1247,1.);
#1247 = DIRECTION('',(-0.707106781187,-0.707106781187,0.));
#1248 = ORIENTED_EDGE('',*,*,#1249,.F.);
#1249 = EDGE_CURVE('',#1250,#1242,#1252,.T.);
#1250 = VERTEX_POINT('',#1251);
#1251 = CARTESIAN_POINT('',(167.753107,-124.781107,0.));
#1252 = LINE('',#1253,#1254);
#1253 = CARTESIAN_POINT('',(167.753107,-124.781107,0.));
#1254 = VECTOR('',#1255,1.);
#1255 = DIRECTION('',(0.,0.,-1.));
#1256 = ORIENTED_EDGE('',*,*,#1257,.F.);
#1257 = EDGE_CURVE('',#1218,#1250,#1258,.T.);
#1258 = LINE('',#1259,#1260);
#1259 = CARTESIAN_POINT('',(170.547107,-121.987107,0.));
#1260 = VECTOR('',#1261,1.);
#1261 = DIRECTION('',(-0.707106781187,-0.707106781187,0.));
#1262 = PLANE('',#1263);
#1263 = AXIS2_PLACEMENT_3D('',#1264,#1265,#1266);
#1264 = CARTESIAN_POINT('',(170.547107,-121.987107,0.));
#1265 = DIRECTION('',(-0.707106781187,0.707106781187,0.));
#1266 = DIRECTION('',(-0.707106781187,-0.707106781187,0.));
#1267 = ADVANCED_FACE('',(#1268),#1295,.T.);
#1268 = FACE_BOUND('',#1269,.F.);
#1269 = EDGE_LOOP('',(#1270,#1271,#1280,#1288));
#1270 = ORIENTED_EDGE('',*,*,#1249,.T.);
#1271 = ORIENTED_EDGE('',*,*,#1272,.T.);
#1272 = EDGE_CURVE('',#1242,#1273,#1275,.T.);
#1273 = VERTEX_POINT('',#1274);
#1274 = CARTESIAN_POINT('',(167.046,-125.074,-3.5E-02));
#1275 = CIRCLE('',#1276,1.000004086185);
#1276 = AXIS2_PLACEMENT_3D('',#1277,#1278,#1279);
#1277 = CARTESIAN_POINT('',(167.04599874507,-124.0739959138,-3.5E-02));
#1278 = DIRECTION('',(0.,0.,-1.));
#1279 = DIRECTION('',(0.707105365561,-0.707108196809,0.));
#1280 = ORIENTED_EDGE('',*,*,#1281,.F.);
#1281 = EDGE_CURVE('',#1282,#1273,#1284,.T.);
#1282 = VERTEX_POINT('',#1283);
#1283 = CARTESIAN_POINT('',(167.046,-125.074,0.));
#1284 = LINE('',#1285,#1286);
#1285 = CARTESIAN_POINT('',(167.046,-125.074,0.));
#1286 = VECTOR('',#1287,1.);
#1287 = DIRECTION('',(0.,0.,-1.));
#1288 = ORIENTED_EDGE('',*,*,#1289,.F.);
#1289 = EDGE_CURVE('',#1250,#1282,#1290,.T.);
#1290 = CIRCLE('',#1291,1.000004086185);
#1291 = AXIS2_PLACEMENT_3D('',#1292,#1293,#1294);
#1292 = CARTESIAN_POINT('',(167.04599874507,-124.0739959138,0.));
#1293 = DIRECTION('',(0.,0.,-1.));
#1294 = DIRECTION('',(0.707105365561,-0.707108196809,0.));
#1295 = CYLINDRICAL_SURFACE('',#1296,1.000004086185);
#1296 = AXIS2_PLACEMENT_3D('',#1297,#1298,#1299);
#1297 = CARTESIAN_POINT('',(167.04599874507,-124.0739959138,0.));
#1298 = DIRECTION('',(-0.,-0.,1.));
#1299 = DIRECTION('',(0.707105365561,-0.707108196809,0.));
#1300 = ADVANCED_FACE('',(#1301),#1326,.F.);
#1301 = FACE_BOUND('',#1302,.F.);
#1302 = EDGE_LOOP('',(#1303,#1304,#1312,#1320));
#1303 = ORIENTED_EDGE('',*,*,#1281,.T.);
#1304 = ORIENTED_EDGE('',*,*,#1305,.T.);
#1305 = EDGE_CURVE('',#1273,#1306,#1308,.T.);
#1306 = VERTEX_POINT('',#1307);
#1307 = CARTESIAN_POINT('',(160.02,-125.074,-3.5E-02));
#1308 = LINE('',#1309,#1310);
#1309 = CARTESIAN_POINT('',(167.046,-125.074,-3.5E-02));
#1310 = VECTOR('',#1311,1.);
#1311 = DIRECTION('',(-1.,0.,0.));
#1312 = ORIENTED_EDGE('',*,*,#1313,.F.);
#1313 = EDGE_CURVE('',#1314,#1306,#1316,.T.);
#1314 = VERTEX_POINT('',#1315);
#1315 = CARTESIAN_POINT('',(160.02,-125.074,0.));
#1316 = LINE('',#1317,#1318);
#1317 = CARTESIAN_POINT('',(160.02,-125.074,0.));
#1318 = VECTOR('',#1319,1.);
#1319 = DIRECTION('',(0.,0.,-1.));
#1320 = ORIENTED_EDGE('',*,*,#1321,.F.);
#1321 = EDGE_CURVE('',#1282,#1314,#1322,.T.);
#1322 = LINE('',#1323,#1324);
#1323 = CARTESIAN_POINT('',(167.046,-125.074,0.));
#1324 = VECTOR('',#1325,1.);
#1325 = DIRECTION('',(-1.,0.,0.));
#1326 = PLANE('',#1327);
#1327 = AXIS2_PLACEMENT_3D('',#1328,#1329,#1330);
#1328 = CARTESIAN_POINT('',(167.046,-125.074,0.));
#1329 = DIRECTION('',(0.,1.,0.));
#1330 = DIRECTION('',(-1.,0.,0.));
#1331 = ADVANCED_FACE('',(#1332),#1359,.T.);
#1332 = FACE_BOUND('',#1333,.F.);
#1333 = EDGE_LOOP('',(#1334,#1335,#1344,#1352));
#1334 = ORIENTED_EDGE('',*,*,#1313,.T.);
#1335 = ORIENTED_EDGE('',*,*,#1336,.T.);
#1336 = EDGE_CURVE('',#1306,#1337,#1339,.T.);
#1337 = VERTEX_POINT('',#1338);
#1338 = CARTESIAN_POINT('',(160.02,-123.074,-3.5E-02));
#1339 = CIRCLE('',#1340,1.);
#1340 = AXIS2_PLACEMENT_3D('',#1341,#1342,#1343);
#1341 = CARTESIAN_POINT('',(160.01999974049,-124.074,-3.5E-02));
#1342 = DIRECTION('',(0.,0.,-1.));
#1343 = DIRECTION('',(2.595065495825E-07,-1.,0.));
#1344 = ORIENTED_EDGE('',*,*,#1345,.F.);
#1345 = EDGE_CURVE('',#1346,#1337,#1348,.T.);
#1346 = VERTEX_POINT('',#1347);
#1347 = CARTESIAN_POINT('',(160.02,-123.074,0.));
#1348 = LINE('',#1349,#1350);
#1349 = CARTESIAN_POINT('',(160.02,-123.074,0.));
#1350 = VECTOR('',#1351,1.);
#1351 = DIRECTION('',(0.,0.,-1.));
#1352 = ORIENTED_EDGE('',*,*,#1353,.F.);
#1353 = EDGE_CURVE('',#1314,#1346,#1354,.T.);
#1354 = CIRCLE('',#1355,1.);
#1355 = AXIS2_PLACEMENT_3D('',#1356,#1357,#1358);
#1356 = CARTESIAN_POINT('',(160.01999974049,-124.074,0.));
#1357 = DIRECTION('',(0.,0.,-1.));
#1358 = DIRECTION('',(2.595065495825E-07,-1.,0.));
#1359 = CYLINDRICAL_SURFACE('',#1360,1.);
#1360 = AXIS2_PLACEMENT_3D('',#1361,#1362,#1363);
#1361 = CARTESIAN_POINT('',(160.01999974049,-124.074,0.));
#1362 = DIRECTION('',(-0.,-0.,1.));
#1363 = DIRECTION('',(2.595065495825E-07,-1.,0.));
#1364 = ADVANCED_FACE('',(#1365),#1390,.F.);
#1365 = FACE_BOUND('',#1366,.F.);
#1366 = EDGE_LOOP('',(#1367,#1368,#1376,#1384));
#1367 = ORIENTED_EDGE('',*,*,#1345,.T.);
#1368 = ORIENTED_EDGE('',*,*,#1369,.T.);
#1369 = EDGE_CURVE('',#1337,#1370,#1372,.T.);
#1370 = VERTEX_POINT('',#1371);
#1371 = CARTESIAN_POINT('',(166.631786,-123.074,-3.5E-02));
#1372 = LINE('',#1373,#1374);
#1373 = CARTESIAN_POINT('',(160.02,-123.074,-3.5E-02));
#1374 = VECTOR('',#1375,1.);
#1375 = DIRECTION('',(1.,0.,0.));
#1376 = ORIENTED_EDGE('',*,*,#1377,.F.);
#1377 = EDGE_CURVE('',#1378,#1370,#1380,.T.);
#1378 = VERTEX_POINT('',#1379);
#1379 = CARTESIAN_POINT('',(166.631786,-123.074,0.));
#1380 = LINE('',#1381,#1382);
#1381 = CARTESIAN_POINT('',(166.631786,-123.074,0.));
#1382 = VECTOR('',#1383,1.);
#1383 = DIRECTION('',(0.,0.,-1.));
#1384 = ORIENTED_EDGE('',*,*,#1385,.F.);
#1385 = EDGE_CURVE('',#1346,#1378,#1386,.T.);
#1386 = LINE('',#1387,#1388);
#1387 = CARTESIAN_POINT('',(160.02,-123.074,0.));
#1388 = VECTOR('',#1389,1.);
#1389 = DIRECTION('',(1.,0.,0.));
#1390 = PLANE('',#1391);
#1391 = AXIS2_PLACEMENT_3D('',#1392,#1393,#1394);
#1392 = CARTESIAN_POINT('',(160.02,-123.074,0.));
#1393 = DIRECTION('',(0.,-1.,0.));
#1394 = DIRECTION('',(1.,0.,0.));
#1395 = ADVANCED_FACE('',(#1396),#1421,.F.);
#1396 = FACE_BOUND('',#1397,.F.);
#1397 = EDGE_LOOP('',(#1398,#1399,#1407,#1415));
#1398 = ORIENTED_EDGE('',*,*,#1377,.T.);
#1399 = ORIENTED_EDGE('',*,*,#1400,.T.);
#1400 = EDGE_CURVE('',#1370,#1401,#1403,.T.);
#1401 = VERTEX_POINT('',#1402);
#1402 = CARTESIAN_POINT('',(168.84,-120.865786,-3.5E-02));
#1403 = LINE('',#1404,#1405);
#1404 = CARTESIAN_POINT('',(166.631786,-123.074,-3.5E-02));
#1405 = VECTOR('',#1406,1.);
#1406 = DIRECTION('',(0.707106781187,0.707106781187,0.));
#1407 = ORIENTED_EDGE('',*,*,#1408,.F.);
#1408 = EDGE_CURVE('',#1409,#1401,#1411,.T.);
#1409 = VERTEX_POINT('',#1410);
#1410 = CARTESIAN_POINT('',(168.84,-120.865786,0.));
#1411 = LINE('',#1412,#1413);
#1412 = CARTESIAN_POINT('',(168.84,-120.865786,0.));
#1413 = VECTOR('',#1414,1.);
#1414 = DIRECTION('',(0.,0.,-1.));
#1415 = ORIENTED_EDGE('',*,*,#1416,.F.);
#1416 = EDGE_CURVE('',#1378,#1409,#1417,.T.);
#1417 = LINE('',#1418,#1419);
#1418 = CARTESIAN_POINT('',(166.631786,-123.074,0.));
#1419 = VECTOR('',#1420,1.);
#1420 = DIRECTION('',(0.707106781187,0.707106781187,0.));
#1421 = PLANE('',#1422);
#1422 = AXIS2_PLACEMENT_3D('',#1423,#1424,#1425);
#1423 = CARTESIAN_POINT('',(166.631786,-123.074,0.));
#1424 = DIRECTION('',(0.707106781187,-0.707106781187,0.));
#1425 = DIRECTION('',(0.707106781187,0.707106781187,0.));
#1426 = ADVANCED_FACE('',(#1427),#1452,.F.);
#1427 = FACE_BOUND('',#1428,.F.);
#1428 = EDGE_LOOP('',(#1429,#1430,#1438,#1446));
#1429 = ORIENTED_EDGE('',*,*,#1408,.T.);
#1430 = ORIENTED_EDGE('',*,*,#1431,.T.);
#1431 = EDGE_CURVE('',#1401,#1432,#1434,.T.);
#1432 = VERTEX_POINT('',#1433);
#1433 = CARTESIAN_POINT('',(168.84,-115.654213,-3.5E-02));
#1434 = LINE('',#1435,#1436);
#1435 = CARTESIAN_POINT('',(168.84,-120.865786,-3.5E-02));
#1436 = VECTOR('',#1437,1.);
#1437 = DIRECTION('',(0.,1.,0.));
#1438 = ORIENTED_EDGE('',*,*,#1439,.F.);
#1439 = EDGE_CURVE('',#1440,#1432,#1442,.T.);
#1440 = VERTEX_POINT('',#1441);
#1441 = CARTESIAN_POINT('',(168.84,-115.654213,0.));
#1442 = LINE('',#1443,#1444);
#1443 = CARTESIAN_POINT('',(168.84,-115.654213,0.));
#1444 = VECTOR('',#1445,1.);
#1445 = DIRECTION('',(0.,0.,-1.));
#1446 = ORIENTED_EDGE('',*,*,#1447,.F.);
#1447 = EDGE_CURVE('',#1409,#1440,#1448,.T.);
#1448 = LINE('',#1449,#1450);
#1449 = CARTESIAN_POINT('',(168.84,-120.865786,0.));
#1450 = VECTOR('',#1451,1.);
#1451 = DIRECTION('',(0.,1.,0.));
#1452 = PLANE('',#1453);
#1453 = AXIS2_PLACEMENT_3D('',#1454,#1455,#1456);
#1454 = CARTESIAN_POINT('',(168.84,-120.865786,0.));
#1455 = DIRECTION('',(1.,-0.,0.));
#1456 = DIRECTION('',(0.,1.,0.));
#1457 = ADVANCED_FACE('',(#1458),#1483,.F.);
#1458 = FACE_BOUND('',#1459,.F.);
#1459 = EDGE_LOOP('',(#1460,#1461,#1469,#1477));
#1460 = ORIENTED_EDGE('',*,*,#1439,.T.);
#1461 = ORIENTED_EDGE('',*,*,#1462,.T.);
#1462 = EDGE_CURVE('',#1432,#1463,#1465,.T.);
#1463 = VERTEX_POINT('',#1464);
#1464 = CARTESIAN_POINT('',(164.892893,-111.707107,-3.5E-02));
#1465 = LINE('',#1466,#1467);
#1466 = CARTESIAN_POINT('',(168.84,-115.654213,-3.5E-02));
#1467 = VECTOR('',#1468,1.);
#1468 = DIRECTION('',(-0.707106870759,0.707106691614,0.));
#1469 = ORIENTED_EDGE('',*,*,#1470,.F.);
#1470 = EDGE_CURVE('',#1471,#1463,#1473,.T.);
#1471 = VERTEX_POINT('',#1472);
#1472 = CARTESIAN_POINT('',(164.892893,-111.707107,0.));
#1473 = LINE('',#1474,#1475);
#1474 = CARTESIAN_POINT('',(164.892893,-111.707107,0.));
#1475 = VECTOR('',#1476,1.);
#1476 = DIRECTION('',(0.,0.,-1.));
#1477 = ORIENTED_EDGE('',*,*,#1478,.F.);
#1478 = EDGE_CURVE('',#1440,#1471,#1479,.T.);
#1479 = LINE('',#1480,#1481);
#1480 = CARTESIAN_POINT('',(168.84,-115.654213,0.));
#1481 = VECTOR('',#1482,1.);
#1482 = DIRECTION('',(-0.707106870759,0.707106691614,0.));
#1483 = PLANE('',#1484);
#1484 = AXIS2_PLACEMENT_3D('',#1485,#1486,#1487);
#1485 = CARTESIAN_POINT('',(168.84,-115.654213,0.));
#1486 = DIRECTION('',(0.707106691614,0.707106870759,0.));
#1487 = DIRECTION('',(-0.707106870759,0.707106691614,0.));
#1488 = ADVANCED_FACE('',(#1489),#1516,.T.);
#1489 = FACE_BOUND('',#1490,.F.);
#1490 = EDGE_LOOP('',(#1491,#1492,#1501,#1509));
#1491 = ORIENTED_EDGE('',*,*,#1470,.T.);
#1492 = ORIENTED_EDGE('',*,*,#1493,.T.);
#1493 = EDGE_CURVE('',#1463,#1494,#1496,.T.);
#1494 = VERTEX_POINT('',#1495);
#1495 = CARTESIAN_POINT('',(164.6,-111.,-3.5E-02));
#1496 = CIRCLE('',#1497,1.000004086185);
#1497 = AXIS2_PLACEMENT_3D('',#1498,#1499,#1500);
#1498 = CARTESIAN_POINT('',(165.60000408618,-110.999998745,-3.5E-02));
#1499 = DIRECTION('',(0.,0.,-1.));
#1500 = DIRECTION('',(-0.707108196809,-0.707105365561,-0.));
#1501 = ORIENTED_EDGE('',*,*,#1502,.F.);
#1502 = EDGE_CURVE('',#1503,#1494,#1505,.T.);
#1503 = VERTEX_POINT('',#1504);
#1504 = CARTESIAN_POINT('',(164.6,-111.,0.));
#1505 = LINE('',#1506,#1507);
#1506 = CARTESIAN_POINT('',(164.6,-111.,0.));
#1507 = VECTOR('',#1508,1.);
#1508 = DIRECTION('',(0.,0.,-1.));
#1509 = ORIENTED_EDGE('',*,*,#1510,.F.);
#1510 = EDGE_CURVE('',#1471,#1503,#1511,.T.);
#1511 = CIRCLE('',#1512,1.000004086185);
#1512 = AXIS2_PLACEMENT_3D('',#1513,#1514,#1515);
#1513 = CARTESIAN_POINT('',(165.60000408618,-110.999998745,0.));
#1514 = DIRECTION('',(0.,0.,-1.));
#1515 = DIRECTION('',(-0.707108196809,-0.707105365561,-0.));
#1516 = CYLINDRICAL_SURFACE('',#1517,1.000004086185);
#1517 = AXIS2_PLACEMENT_3D('',#1518,#1519,#1520);
#1518 = CARTESIAN_POINT('',(165.60000408618,-110.999998745,0.));
#1519 = DIRECTION('',(-0.,-0.,1.));
#1520 = DIRECTION('',(-0.707108196809,-0.707105365561,-0.));
#1521 = ADVANCED_FACE('',(#1522),#1547,.F.);
#1522 = FACE_BOUND('',#1523,.F.);
#1523 = EDGE_LOOP('',(#1524,#1525,#1533,#1541));
#1524 = ORIENTED_EDGE('',*,*,#1502,.T.);
#1525 = ORIENTED_EDGE('',*,*,#1526,.T.);
#1526 = EDGE_CURVE('',#1494,#1527,#1529,.T.);
#1527 = VERTEX_POINT('',#1528);
#1528 = CARTESIAN_POINT('',(164.6,-97.814214,-3.5E-02));
#1529 = LINE('',#1530,#1531);
#1530 = CARTESIAN_POINT('',(164.6,-111.,-3.5E-02));
#1531 = VECTOR('',#1532,1.);
#1532 = DIRECTION('',(0.,1.,0.));
#1533 = ORIENTED_EDGE('',*,*,#1534,.F.);
#1534 = EDGE_CURVE('',#1535,#1527,#1537,.T.);
#1535 = VERTEX_POINT('',#1536);
#1536 = CARTESIAN_POINT('',(164.6,-97.814214,0.));
#1537 = LINE('',#1538,#1539);
#1538 = CARTESIAN_POINT('',(164.6,-97.814214,0.));
#1539 = VECTOR('',#1540,1.);
#1540 = DIRECTION('',(0.,0.,-1.));
#1541 = ORIENTED_EDGE('',*,*,#1542,.F.);
#1542 = EDGE_CURVE('',#1503,#1535,#1543,.T.);
#1543 = LINE('',#1544,#1545);
#1544 = CARTESIAN_POINT('',(164.6,-111.,0.));
#1545 = VECTOR('',#1546,1.);
#1546 = DIRECTION('',(0.,1.,0.));
#1547 = PLANE('',#1548);
#1548 = AXIS2_PLACEMENT_3D('',#1549,#1550,#1551);
#1549 = CARTESIAN_POINT('',(164.6,-111.,0.));
#1550 = DIRECTION('',(1.,-0.,0.));
#1551 = DIRECTION('',(0.,1.,0.));
#1552 = ADVANCED_FACE('',(#1553),#1578,.F.);
#1553 = FACE_BOUND('',#1554,.F.);
#1554 = EDGE_LOOP('',(#1555,#1556,#1564,#1572));
#1555 = ORIENTED_EDGE('',*,*,#1534,.T.);
#1556 = ORIENTED_EDGE('',*,*,#1557,.T.);
#1557 = EDGE_CURVE('',#1527,#1558,#1560,.T.);
#1558 = VERTEX_POINT('',#1559);
#1559 = CARTESIAN_POINT('',(163.285786,-96.5,-3.5E-02));
#1560 = LINE('',#1561,#1562);
#1561 = CARTESIAN_POINT('',(164.6,-97.814214,-3.5E-02));
#1562 = VECTOR('',#1563,1.);
#1563 = DIRECTION('',(-0.707106781187,0.707106781187,0.));
#1564 = ORIENTED_EDGE('',*,*,#1565,.F.);
#1565 = EDGE_CURVE('',#1566,#1558,#1568,.T.);
#1566 = VERTEX_POINT('',#1567);
#1567 = CARTESIAN_POINT('',(163.285786,-96.5,0.));
#1568 = LINE('',#1569,#1570);
#1569 = CARTESIAN_POINT('',(163.285786,-96.5,0.));
#1570 = VECTOR('',#1571,1.);
#1571 = DIRECTION('',(0.,0.,-1.));
#1572 = ORIENTED_EDGE('',*,*,#1573,.F.);
#1573 = EDGE_CURVE('',#1535,#1566,#1574,.T.);
#1574 = LINE('',#1575,#1576);
#1575 = CARTESIAN_POINT('',(164.6,-97.814214,0.));
#1576 = VECTOR('',#1577,1.);
#1577 = DIRECTION('',(-0.707106781187,0.707106781187,0.));
#1578 = PLANE('',#1579);
#1579 = AXIS2_PLACEMENT_3D('',#1580,#1581,#1582);
#1580 = CARTESIAN_POINT('',(164.6,-97.814214,0.));
#1581 = DIRECTION('',(0.707106781187,0.707106781187,0.));
#1582 = DIRECTION('',(-0.707106781187,0.707106781187,0.));
#1583 = ADVANCED_FACE('',(#1584),#1609,.F.);
#1584 = FACE_BOUND('',#1585,.F.);
#1585 = EDGE_LOOP('',(#1586,#1587,#1595,#1603));
#1586 = ORIENTED_EDGE('',*,*,#1565,.T.);
#1587 = ORIENTED_EDGE('',*,*,#1588,.T.);
#1588 = EDGE_CURVE('',#1558,#1589,#1591,.T.);
#1589 = VERTEX_POINT('',#1590);
#1590 = CARTESIAN_POINT('',(129.764214,-96.5,-3.5E-02));
#1591 = LINE('',#1592,#1593);
#1592 = CARTESIAN_POINT('',(163.285786,-96.5,-3.5E-02));
#1593 = VECTOR('',#1594,1.);
#1594 = DIRECTION('',(-1.,0.,0.));
#1595 = ORIENTED_EDGE('',*,*,#1596,.F.);
#1596 = EDGE_CURVE('',#1597,#1589,#1599,.T.);
#1597 = VERTEX_POINT('',#1598);
#1598 = CARTESIAN_POINT('',(129.764214,-96.5,0.));
#1599 = LINE('',#1600,#1601);
#1600 = CARTESIAN_POINT('',(129.764214,-96.5,0.));
#1601 = VECTOR('',#1602,1.);
#1602 = DIRECTION('',(0.,0.,-1.));
#1603 = ORIENTED_EDGE('',*,*,#1604,.F.);
#1604 = EDGE_CURVE('',#1566,#1597,#1605,.T.);
#1605 = LINE('',#1606,#1607);
#1606 = CARTESIAN_POINT('',(163.285786,-96.5,0.));
#1607 = VECTOR('',#1608,1.);
#1608 = DIRECTION('',(-1.,0.,0.));
#1609 = PLANE('',#1610);
#1610 = AXIS2_PLACEMENT_3D('',#1611,#1612,#1613);
#1611 = CARTESIAN_POINT('',(163.285786,-96.5,0.));
#1612 = DIRECTION('',(0.,1.,0.));
#1613 = DIRECTION('',(-1.,0.,0.));
#1614 = ADVANCED_FACE('',(#1615),#1640,.F.);
#1615 = FACE_BOUND('',#1616,.F.);
#1616 = EDGE_LOOP('',(#1617,#1618,#1626,#1634));
#1617 = ORIENTED_EDGE('',*,*,#1596,.T.);
#1618 = ORIENTED_EDGE('',*,*,#1619,.T.);
#1619 = EDGE_CURVE('',#1589,#1620,#1622,.T.);
#1620 = VERTEX_POINT('',#1621);
#1621 = CARTESIAN_POINT('',(127.204214,-99.06,-3.5E-02));
#1622 = LINE('',#1623,#1624);
#1623 = CARTESIAN_POINT('',(129.764214,-96.5,-3.5E-02));
#1624 = VECTOR('',#1625,1.);
#1625 = DIRECTION('',(-0.707106781187,-0.707106781187,0.));
#1626 = ORIENTED_EDGE('',*,*,#1627,.F.);
#1627 = EDGE_CURVE('',#1628,#1620,#1630,.T.);
#1628 = VERTEX_POINT('',#1629);
#1629 = CARTESIAN_POINT('',(127.204214,-99.06,0.));
#1630 = LINE('',#1631,#1632);
#1631 = CARTESIAN_POINT('',(127.204214,-99.06,0.));
#1632 = VECTOR('',#1633,1.);
#1633 = DIRECTION('',(0.,0.,-1.));
#1634 = ORIENTED_EDGE('',*,*,#1635,.F.);
#1635 = EDGE_CURVE('',#1597,#1628,#1636,.T.);
#1636 = LINE('',#1637,#1638);
#1637 = CARTESIAN_POINT('',(129.764214,-96.5,0.));
#1638 = VECTOR('',#1639,1.);
#1639 = DIRECTION('',(-0.707106781187,-0.707106781187,0.));
#1640 = PLANE('',#1641);
#1641 = AXIS2_PLACEMENT_3D('',#1642,#1643,#1644);
#1642 = CARTESIAN_POINT('',(129.764214,-96.5,0.));
#1643 = DIRECTION('',(-0.707106781187,0.707106781187,0.));
#1644 = DIRECTION('',(-0.707106781187,-0.707106781187,0.));
#1645 = ADVANCED_FACE('',(#1646),#1671,.F.);
#1646 = FACE_BOUND('',#1647,.F.);
#1647 = EDGE_LOOP('',(#1648,#1649,#1657,#1665));
#1648 = ORIENTED_EDGE('',*,*,#1627,.T.);
#1649 = ORIENTED_EDGE('',*,*,#1650,.T.);
#1650 = EDGE_CURVE('',#1620,#1651,#1653,.T.);
#1651 = VERTEX_POINT('',#1652);
#1652 = CARTESIAN_POINT('',(131.284214,-103.14,-3.5E-02));
#1653 = LINE('',#1654,#1655);
#1654 = CARTESIAN_POINT('',(127.204214,-99.06,-3.5E-02));
#1655 = VECTOR('',#1656,1.);
#1656 = DIRECTION('',(0.707106781187,-0.707106781187,0.));
#1657 = ORIENTED_EDGE('',*,*,#1658,.F.);
#1658 = EDGE_CURVE('',#1659,#1651,#1661,.T.);
#1659 = VERTEX_POINT('',#1660);
#1660 = CARTESIAN_POINT('',(131.284214,-103.14,0.));
#1661 = LINE('',#1662,#1663);
#1662 = CARTESIAN_POINT('',(131.284214,-103.14,0.));
#1663 = VECTOR('',#1664,1.);
#1664 = DIRECTION('',(0.,0.,-1.));
#1665 = ORIENTED_EDGE('',*,*,#1666,.F.);
#1666 = EDGE_CURVE('',#1628,#1659,#1667,.T.);
#1667 = LINE('',#1668,#1669);
#1668 = CARTESIAN_POINT('',(127.204214,-99.06,0.));
#1669 = VECTOR('',#1670,1.);
#1670 = DIRECTION('',(0.707106781187,-0.707106781187,0.));
#1671 = PLANE('',#1672);
#1672 = AXIS2_PLACEMENT_3D('',#1673,#1674,#1675);
#1673 = CARTESIAN_POINT('',(127.204214,-99.06,0.));
#1674 = DIRECTION('',(-0.707106781187,-0.707106781187,-0.));
#1675 = DIRECTION('',(0.707106781187,-0.707106781187,0.));
#1676 = ADVANCED_FACE('',(#1677),#1702,.F.);
#1677 = FACE_BOUND('',#1678,.F.);
#1678 = EDGE_LOOP('',(#1679,#1680,#1688,#1696));
#1679 = ORIENTED_EDGE('',*,*,#1658,.T.);
#1680 = ORIENTED_EDGE('',*,*,#1681,.T.);
#1681 = EDGE_CURVE('',#1651,#1682,#1684,.T.);
#1682 = VERTEX_POINT('',#1683);
#1683 = CARTESIAN_POINT('',(139.185635,-103.14,-3.5E-02));
#1684 = LINE('',#1685,#1686);
#1685 = CARTESIAN_POINT('',(131.284214,-103.14,-3.5E-02));
#1686 = VECTOR('',#1687,1.);
#1687 = DIRECTION('',(1.,0.,0.));
#1688 = ORIENTED_EDGE('',*,*,#1689,.F.);
#1689 = EDGE_CURVE('',#1690,#1682,#1692,.T.);
#1690 = VERTEX_POINT('',#1691);
#1691 = CARTESIAN_POINT('',(139.185635,-103.14,0.));
#1692 = LINE('',#1693,#1694);
#1693 = CARTESIAN_POINT('',(139.185635,-103.14,0.));
#1694 = VECTOR('',#1695,1.);
#1695 = DIRECTION('',(0.,0.,-1.));
#1696 = ORIENTED_EDGE('',*,*,#1697,.F.);
#1697 = EDGE_CURVE('',#1659,#1690,#1698,.T.);
#1698 = LINE('',#1699,#1700);
#1699 = CARTESIAN_POINT('',(131.284214,-103.14,0.));
#1700 = VECTOR('',#1701,1.);
#1701 = DIRECTION('',(1.,0.,0.));
#1702 = PLANE('',#1703);
#1703 = AXIS2_PLACEMENT_3D('',#1704,#1705,#1706);
#1704 = CARTESIAN_POINT('',(131.284214,-103.14,0.));
#1705 = DIRECTION('',(0.,-1.,0.));
#1706 = DIRECTION('',(1.,0.,0.));
#1707 = ADVANCED_FACE('',(#1708),#1735,.T.);
#1708 = FACE_BOUND('',#1709,.F.);
#1709 = EDGE_LOOP('',(#1710,#1711,#1720,#1728));
#1710 = ORIENTED_EDGE('',*,*,#1689,.T.);
#1711 = ORIENTED_EDGE('',*,*,#1712,.T.);
#1712 = EDGE_CURVE('',#1682,#1713,#1715,.T.);
#1713 = VERTEX_POINT('',#1714);
#1714 = CARTESIAN_POINT('',(139.892742,-103.432893,-3.5E-02));
#1715 = CIRCLE('',#1716,1.000004594775);
#1716 = AXIS2_PLACEMENT_3D('',#1717,#1718,#1719);
#1717 = CARTESIAN_POINT('',(139.18563353441,-104.1400045947,-3.5E-02));
#1718 = DIRECTION('',(0.,0.,-1.));
#1719 = DIRECTION('',(1.465582103826E-06,0.999999999999,0.));
#1720 = ORIENTED_EDGE('',*,*,#1721,.F.);
#1721 = EDGE_CURVE('',#1722,#1713,#1724,.T.);
#1722 = VERTEX_POINT('',#1723);
#1723 = CARTESIAN_POINT('',(139.892742,-103.432893,0.));
#1724 = LINE('',#1725,#1726);
#1725 = CARTESIAN_POINT('',(139.892742,-103.432893,0.));
#1726 = VECTOR('',#1727,1.);
#1727 = DIRECTION('',(0.,0.,-1.));
#1728 = ORIENTED_EDGE('',*,*,#1729,.F.);
#1729 = EDGE_CURVE('',#1690,#1722,#1730,.T.);
#1730 = CIRCLE('',#1731,1.000004594775);
#1731 = AXIS2_PLACEMENT_3D('',#1732,#1733,#1734);
#1732 = CARTESIAN_POINT('',(139.18563353441,-104.1400045947,0.));
#1733 = DIRECTION('',(0.,0.,-1.));
#1734 = DIRECTION('',(1.465582103826E-06,0.999999999999,0.));
#1735 = CYLINDRICAL_SURFACE('',#1736,1.000004594775);
#1736 = AXIS2_PLACEMENT_3D('',#1737,#1738,#1739);
#1737 = CARTESIAN_POINT('',(139.18563353441,-104.1400045947,0.));
#1738 = DIRECTION('',(-0.,-0.,1.));
#1739 = DIRECTION('',(1.465582103826E-06,0.999999999999,0.));
#1740 = ADVANCED_FACE('',(#1741),#1766,.F.);
#1741 = FACE_BOUND('',#1742,.F.);
#1742 = EDGE_LOOP('',(#1743,#1744,#1752,#1760));
#1743 = ORIENTED_EDGE('',*,*,#1721,.T.);
#1744 = ORIENTED_EDGE('',*,*,#1745,.T.);
#1745 = EDGE_CURVE('',#1713,#1746,#1748,.T.);
#1746 = VERTEX_POINT('',#1747);
#1747 = CARTESIAN_POINT('',(142.139848,-105.68,-3.5E-02));
#1748 = LINE('',#1749,#1750);
#1749 = CARTESIAN_POINT('',(139.892742,-103.432893,-3.5E-02));
#1750 = VECTOR('',#1751,1.);
#1751 = DIRECTION('',(0.707106623849,-0.707106938524,0.));
#1752 = ORIENTED_EDGE('',*,*,#1753,.F.);
#1753 = EDGE_CURVE('',#1754,#1746,#1756,.T.);
#1754 = VERTEX_POINT('',#1755);
#1755 = CARTESIAN_POINT('',(142.139848,-105.68,0.));
#1756 = LINE('',#1757,#1758);
#1757 = CARTESIAN_POINT('',(142.139848,-105.68,0.));
#1758 = VECTOR('',#1759,1.);
#1759 = DIRECTION('',(0.,0.,-1.));
#1760 = ORIENTED_EDGE('',*,*,#1761,.F.);
#1761 = EDGE_CURVE('',#1722,#1754,#1762,.T.);
#1762 = LINE('',#1763,#1764);
#1763 = CARTESIAN_POINT('',(139.892742,-103.432893,0.));
#1764 = VECTOR('',#1765,1.);
#1765 = DIRECTION('',(0.707106623849,-0.707106938524,0.));
#1766 = PLANE('',#1767);
#1767 = AXIS2_PLACEMENT_3D('',#1768,#1769,#1770);
#1768 = CARTESIAN_POINT('',(139.892742,-103.432893,0.));
#1769 = DIRECTION('',(-0.707106938524,-0.707106623849,-0.));
#1770 = DIRECTION('',(0.707106623849,-0.707106938524,0.));
#1771 = ADVANCED_FACE('',(#1772),#1797,.F.);
#1772 = FACE_BOUND('',#1773,.F.);
#1773 = EDGE_LOOP('',(#1774,#1775,#1783,#1791));
#1774 = ORIENTED_EDGE('',*,*,#1753,.T.);
#1775 = ORIENTED_EDGE('',*,*,#1776,.T.);
#1776 = EDGE_CURVE('',#1746,#1777,#1779,.T.);
#1777 = VERTEX_POINT('',#1778);
#1778 = CARTESIAN_POINT('',(145.9,-105.68,-3.5E-02));
#1779 = LINE('',#1780,#1781);
#1780 = CARTESIAN_POINT('',(142.139848,-105.68,-3.5E-02));
#1781 = VECTOR('',#1782,1.);
#1782 = DIRECTION('',(1.,0.,0.));
#1783 = ORIENTED_EDGE('',*,*,#1784,.F.);
#1784 = EDGE_CURVE('',#1785,#1777,#1787,.T.);
#1785 = VERTEX_POINT('',#1786);
#1786 = CARTESIAN_POINT('',(145.9,-105.68,0.));
#1787 = LINE('',#1788,#1789);
#1788 = CARTESIAN_POINT('',(145.9,-105.68,0.));
#1789 = VECTOR('',#1790,1.);
#1790 = DIRECTION('',(0.,0.,-1.));
#1791 = ORIENTED_EDGE('',*,*,#1792,.F.);
#1792 = EDGE_CURVE('',#1754,#1785,#1793,.T.);
#1793 = LINE('',#1794,#1795);
#1794 = CARTESIAN_POINT('',(142.139848,-105.68,0.));
#1795 = VECTOR('',#1796,1.);
#1796 = DIRECTION('',(1.,0.,0.));
#1797 = PLANE('',#1798);
#1798 = AXIS2_PLACEMENT_3D('',#1799,#1800,#1801);
#1799 = CARTESIAN_POINT('',(142.139848,-105.68,0.));
#1800 = DIRECTION('',(0.,-1.,0.));
#1801 = DIRECTION('',(1.,0.,0.));
#1802 = ADVANCED_FACE('',(#1803),#1830,.T.);
#1803 = FACE_BOUND('',#1804,.F.);
#1804 = EDGE_LOOP('',(#1805,#1806,#1815,#1823));
#1805 = ORIENTED_EDGE('',*,*,#1784,.T.);
#1806 = ORIENTED_EDGE('',*,*,#1807,.T.);
#1807 = EDGE_CURVE('',#1777,#1808,#1810,.T.);
#1808 = VERTEX_POINT('',#1809);
#1809 = CARTESIAN_POINT('',(145.9,-107.68,-3.5E-02));
#1810 = CIRCLE('',#1811,1.);
#1811 = AXIS2_PLACEMENT_3D('',#1812,#1813,#1814);
#1812 = CARTESIAN_POINT('',(145.9000002595,-106.68,-3.5E-02));
#1813 = DIRECTION('',(0.,0.,-1.));
#1814 = DIRECTION('',(-2.595065211608E-07,1.,-0.));
#1815 = ORIENTED_EDGE('',*,*,#1816,.F.);
#1816 = EDGE_CURVE('',#1817,#1808,#1819,.T.);
#1817 = VERTEX_POINT('',#1818);
#1818 = CARTESIAN_POINT('',(145.9,-107.68,0.));
#1819 = LINE('',#1820,#1821);
#1820 = CARTESIAN_POINT('',(145.9,-107.68,0.));
#1821 = VECTOR('',#1822,1.);
#1822 = DIRECTION('',(0.,0.,-1.));
#1823 = ORIENTED_EDGE('',*,*,#1824,.F.);
#1824 = EDGE_CURVE('',#1785,#1817,#1825,.T.);
#1825 = CIRCLE('',#1826,1.);
#1826 = AXIS2_PLACEMENT_3D('',#1827,#1828,#1829);
#1827 = CARTESIAN_POINT('',(145.9000002595,-106.68,0.));
#1828 = DIRECTION('',(0.,0.,-1.));
#1829 = DIRECTION('',(-2.595065211608E-07,1.,-0.));
#1830 = CYLINDRICAL_SURFACE('',#1831,1.);
#1831 = AXIS2_PLACEMENT_3D('',#1832,#1833,#1834);
#1832 = CARTESIAN_POINT('',(145.9000002595,-106.68,0.));
#1833 = DIRECTION('',(-0.,-0.,1.));
#1834 = DIRECTION('',(-2.595065211608E-07,1.,-0.));
#1835 = ADVANCED_FACE('',(#1836),#1861,.F.);
#1836 = FACE_BOUND('',#1837,.F.);
#1837 = EDGE_LOOP('',(#1838,#1839,#1847,#1855));
#1838 = ORIENTED_EDGE('',*,*,#1816,.T.);
#1839 = ORIENTED_EDGE('',*,*,#1840,.T.);
#1840 = EDGE_CURVE('',#1808,#1841,#1843,.T.);
#1841 = VERTEX_POINT('',#1842);
#1842 = CARTESIAN_POINT('',(141.725635,-107.68,-3.5E-02));
#1843 = LINE('',#1844,#1845);
#1844 = CARTESIAN_POINT('',(145.9,-107.68,-3.5E-02));
#1845 = VECTOR('',#1846,1.);
#1846 = DIRECTION('',(-1.,0.,0.));
#1847 = ORIENTED_EDGE('',*,*,#1848,.F.);
#1848 = EDGE_CURVE('',#1849,#1841,#1851,.T.);
#1849 = VERTEX_POINT('',#1850);
#1850 = CARTESIAN_POINT('',(141.725635,-107.68,0.));
#1851 = LINE('',#1852,#1853);
#1852 = CARTESIAN_POINT('',(141.725635,-107.68,0.));
#1853 = VECTOR('',#1854,1.);
#1854 = DIRECTION('',(0.,0.,-1.));
#1855 = ORIENTED_EDGE('',*,*,#1856,.F.);
#1856 = EDGE_CURVE('',#1817,#1849,#1857,.T.);
#1857 = LINE('',#1858,#1859);
#1858 = CARTESIAN_POINT('',(145.9,-107.68,0.));
#1859 = VECTOR('',#1860,1.);
#1860 = DIRECTION('',(-1.,0.,0.));
#1861 = PLANE('',#1862);
#1862 = AXIS2_PLACEMENT_3D('',#1863,#1864,#1865);
#1863 = CARTESIAN_POINT('',(145.9,-107.68,0.));
#1864 = DIRECTION('',(0.,1.,0.));
#1865 = DIRECTION('',(-1.,0.,0.));
#1866 = ADVANCED_FACE('',(#1867),#1894,.T.);
#1867 = FACE_BOUND('',#1868,.F.);
#1868 = EDGE_LOOP('',(#1869,#1870,#1879,#1887));
#1869 = ORIENTED_EDGE('',*,*,#1848,.T.);
#1870 = ORIENTED_EDGE('',*,*,#1871,.T.);
#1871 = EDGE_CURVE('',#1841,#1872,#1874,.T.);
#1872 = VERTEX_POINT('',#1873);
#1873 = CARTESIAN_POINT('',(141.018528,-107.387106,-3.5E-02));
#1874 = CIRCLE('',#1875,1.000000833623);
#1875 = AXIS2_PLACEMENT_3D('',#1876,#1877,#1878);
#1876 = CARTESIAN_POINT('',(141.72563590767,-106.6799991663,-3.5E-02));
#1877 = DIRECTION('',(0.,0.,-1.));
#1878 = DIRECTION('',(-9.076702945542E-07,-1.,-0.));
#1879 = ORIENTED_EDGE('',*,*,#1880,.F.);
#1880 = EDGE_CURVE('',#1881,#1872,#1883,.T.);
#1881 = VERTEX_POINT('',#1882);
#1882 = CARTESIAN_POINT('',(141.018528,-107.387106,0.));
#1883 = LINE('',#1884,#1885);
#1884 = CARTESIAN_POINT('',(141.018528,-107.387106,0.));
#1885 = VECTOR('',#1886,1.);
#1886 = DIRECTION('',(0.,0.,-1.));
#1887 = ORIENTED_EDGE('',*,*,#1888,.F.);
#1888 = EDGE_CURVE('',#1849,#1881,#1889,.T.);
#1889 = CIRCLE('',#1890,1.000000833623);
#1890 = AXIS2_PLACEMENT_3D('',#1891,#1892,#1893);
#1891 = CARTESIAN_POINT('',(141.72563590767,-106.6799991663,0.));
#1892 = DIRECTION('',(0.,0.,-1.));
#1893 = DIRECTION('',(-9.076702945542E-07,-1.,-0.));
#1894 = CYLINDRICAL_SURFACE('',#1895,1.000000833623);
#1895 = AXIS2_PLACEMENT_3D('',#1896,#1897,#1898);
#1896 = CARTESIAN_POINT('',(141.72563590767,-106.6799991663,0.));
#1897 = DIRECTION('',(-0.,-0.,1.));
#1898 = DIRECTION('',(-9.076702945542E-07,-1.,-0.));
#1899 = ADVANCED_FACE('',(#1900),#1925,.F.);
#1900 = FACE_BOUND('',#1901,.F.);
#1901 = EDGE_LOOP('',(#1902,#1903,#1911,#1919));
#1902 = ORIENTED_EDGE('',*,*,#1880,.T.);
#1903 = ORIENTED_EDGE('',*,*,#1904,.T.);
#1904 = EDGE_CURVE('',#1872,#1905,#1907,.T.);
#1905 = VERTEX_POINT('',#1906);
#1906 = CARTESIAN_POINT('',(138.771421,-105.14,-3.5E-02));
#1907 = LINE('',#1908,#1909);
#1908 = CARTESIAN_POINT('',(141.018528,-107.387106,-3.5E-02));
#1909 = VECTOR('',#1910,1.);
#1910 = DIRECTION('',(-0.707106938524,0.707106623849,0.));
#1911 = ORIENTED_EDGE('',*,*,#1912,.F.);
#1912 = EDGE_CURVE('',#1913,#1905,#1915,.T.);
#1913 = VERTEX_POINT('',#1914);
#1914 = CARTESIAN_POINT('',(138.771421,-105.14,0.));
#1915 = LINE('',#1916,#1917);
#1916 = CARTESIAN_POINT('',(138.771421,-105.14,0.));
#1917 = VECTOR('',#1918,1.);
#1918 = DIRECTION('',(0.,0.,-1.));
#1919 = ORIENTED_EDGE('',*,*,#1920,.F.);
#1920 = EDGE_CURVE('',#1881,#1913,#1921,.T.);
#1921 = LINE('',#1922,#1923);
#1922 = CARTESIAN_POINT('',(141.018528,-107.387106,0.));
#1923 = VECTOR('',#1924,1.);
#1924 = DIRECTION('',(-0.707106938524,0.707106623849,0.));
#1925 = PLANE('',#1926);
#1926 = AXIS2_PLACEMENT_3D('',#1927,#1928,#1929);
#1927 = CARTESIAN_POINT('',(141.018528,-107.387106,0.));
#1928 = DIRECTION('',(0.707106623849,0.707106938524,0.));
#1929 = DIRECTION('',(-0.707106938524,0.707106623849,0.));
#1930 = ADVANCED_FACE('',(#1931),#1956,.F.);
#1931 = FACE_BOUND('',#1932,.F.);
#1932 = EDGE_LOOP('',(#1933,#1934,#1942,#1950));
#1933 = ORIENTED_EDGE('',*,*,#1912,.T.);
#1934 = ORIENTED_EDGE('',*,*,#1935,.T.);
#1935 = EDGE_CURVE('',#1905,#1936,#1938,.T.);
#1936 = VERTEX_POINT('',#1937);
#1937 = CARTESIAN_POINT('',(130.87,-105.14,-3.5E-02));
#1938 = LINE('',#1939,#1940);
#1939 = CARTESIAN_POINT('',(138.771421,-105.14,-3.5E-02));
#1940 = VECTOR('',#1941,1.);
#1941 = DIRECTION('',(-1.,0.,0.));
#1942 = ORIENTED_EDGE('',*,*,#1943,.F.);
#1943 = EDGE_CURVE('',#1944,#1936,#1946,.T.);
#1944 = VERTEX_POINT('',#1945);
#1945 = CARTESIAN_POINT('',(130.87,-105.14,0.));
#1946 = LINE('',#1947,#1948);
#1947 = CARTESIAN_POINT('',(130.87,-105.14,0.));
#1948 = VECTOR('',#1949,1.);
#1949 = DIRECTION('',(0.,0.,-1.));
#1950 = ORIENTED_EDGE('',*,*,#1951,.F.);
#1951 = EDGE_CURVE('',#1913,#1944,#1952,.T.);
#1952 = LINE('',#1953,#1954);
#1953 = CARTESIAN_POINT('',(138.771421,-105.14,0.));
#1954 = VECTOR('',#1955,1.);
#1955 = DIRECTION('',(-1.,0.,0.));
#1956 = PLANE('',#1957);
#1957 = AXIS2_PLACEMENT_3D('',#1958,#1959,#1960);
#1958 = CARTESIAN_POINT('',(138.771421,-105.14,0.));
#1959 = DIRECTION('',(0.,1.,0.));
#1960 = DIRECTION('',(-1.,0.,0.));
#1961 = ADVANCED_FACE('',(#1962),#1989,.T.);
#1962 = FACE_BOUND('',#1963,.F.);
#1963 = EDGE_LOOP('',(#1964,#1965,#1974,#1982));
#1964 = ORIENTED_EDGE('',*,*,#1943,.T.);
#1965 = ORIENTED_EDGE('',*,*,#1966,.T.);
#1966 = EDGE_CURVE('',#1936,#1967,#1969,.T.);
#1967 = VERTEX_POINT('',#1968);
#1968 = CARTESIAN_POINT('',(130.162893,-104.847107,-3.5E-02));
#1969 = CIRCLE('',#1970,1.000004594775);
#1970 = AXIS2_PLACEMENT_3D('',#1971,#1972,#1973);
#1971 = CARTESIAN_POINT('',(130.87000146558,-104.1399954052,-3.5E-02));
#1972 = DIRECTION('',(0.,0.,-1.));
#1973 = DIRECTION('',(-1.465582103826E-06,-0.999999999999,-0.));
#1974 = ORIENTED_EDGE('',*,*,#1975,.F.);
#1975 = EDGE_CURVE('',#1976,#1967,#1978,.T.);
#1976 = VERTEX_POINT('',#1977);
#1977 = CARTESIAN_POINT('',(130.162893,-104.847107,0.));
#1978 = LINE('',#1979,#1980);
#1979 = CARTESIAN_POINT('',(130.162893,-104.847107,0.));
#1980 = VECTOR('',#1981,1.);
#1981 = DIRECTION('',(0.,0.,-1.));
#1982 = ORIENTED_EDGE('',*,*,#1983,.F.);
#1983 = EDGE_CURVE('',#1944,#1976,#1984,.T.);
#1984 = CIRCLE('',#1985,1.000004594775);
#1985 = AXIS2_PLACEMENT_3D('',#1986,#1987,#1988);
#1986 = CARTESIAN_POINT('',(130.87000146558,-104.1399954052,0.));
#1987 = DIRECTION('',(0.,0.,-1.));
#1988 = DIRECTION('',(-1.465582103826E-06,-0.999999999999,-0.));
#1989 = CYLINDRICAL_SURFACE('',#1990,1.000004594775);
#1990 = AXIS2_PLACEMENT_3D('',#1991,#1992,#1993);
#1991 = CARTESIAN_POINT('',(130.87000146558,-104.1399954052,0.));
#1992 = DIRECTION('',(-0.,-0.,1.));
#1993 = DIRECTION('',(-1.465582103826E-06,-0.999999999999,-0.));
#1994 = ADVANCED_FACE('',(#1995),#2020,.F.);
#1995 = FACE_BOUND('',#1996,.F.);
#1996 = EDGE_LOOP('',(#1997,#1998,#2006,#2014));
#1997 = ORIENTED_EDGE('',*,*,#1975,.T.);
#1998 = ORIENTED_EDGE('',*,*,#1999,.T.);
#1999 = EDGE_CURVE('',#1967,#2000,#2002,.T.);
#2000 = VERTEX_POINT('',#2001);
#2001 = CARTESIAN_POINT('',(125.375786,-100.06,-3.5E-02));
#2002 = LINE('',#2003,#2004);
#2003 = CARTESIAN_POINT('',(130.162893,-104.847107,-3.5E-02));
#2004 = VECTOR('',#2005,1.);
#2005 = DIRECTION('',(-0.707106781187,0.707106781187,0.));
#2006 = ORIENTED_EDGE('',*,*,#2007,.F.);
#2007 = EDGE_CURVE('',#2008,#2000,#2010,.T.);
#2008 = VERTEX_POINT('',#2009);
#2009 = CARTESIAN_POINT('',(125.375786,-100.06,0.));
#2010 = LINE('',#2011,#2012);
#2011 = CARTESIAN_POINT('',(125.375786,-100.06,0.));
#2012 = VECTOR('',#2013,1.);
#2013 = DIRECTION('',(0.,0.,-1.));
#2014 = ORIENTED_EDGE('',*,*,#2015,.F.);
#2015 = EDGE_CURVE('',#1976,#2008,#2016,.T.);
#2016 = LINE('',#2017,#2018);
#2017 = CARTESIAN_POINT('',(130.162893,-104.847107,0.));
#2018 = VECTOR('',#2019,1.);
#2019 = DIRECTION('',(-0.707106781187,0.707106781187,0.));
#2020 = PLANE('',#2021);
#2021 = AXIS2_PLACEMENT_3D('',#2022,#2023,#2024);
#2022 = CARTESIAN_POINT('',(130.162893,-104.847107,0.));
#2023 = DIRECTION('',(0.707106781187,0.707106781187,0.));
#2024 = DIRECTION('',(-0.707106781187,0.707106781187,0.));
#2025 = ADVANCED_FACE('',(#2026),#2051,.F.);
#2026 = FACE_BOUND('',#2027,.F.);
#2027 = EDGE_LOOP('',(#2028,#2029,#2037,#2045));
#2028 = ORIENTED_EDGE('',*,*,#2007,.T.);
#2029 = ORIENTED_EDGE('',*,*,#2030,.T.);
#2030 = EDGE_CURVE('',#2000,#2031,#2033,.T.);
#2031 = VERTEX_POINT('',#2032);
#2032 = CARTESIAN_POINT('',(121.92,-100.06,-3.5E-02));
#2033 = LINE('',#2034,#2035);
#2034 = CARTESIAN_POINT('',(125.375786,-100.06,-3.5E-02));
#2035 = VECTOR('',#2036,1.);
#2036 = DIRECTION('',(-1.,0.,0.));
#2037 = ORIENTED_EDGE('',*,*,#2038,.F.);
#2038 = EDGE_CURVE('',#2039,#2031,#2041,.T.);
#2039 = VERTEX_POINT('',#2040);
#2040 = CARTESIAN_POINT('',(121.92,-100.06,0.));
#2041 = LINE('',#2042,#2043);
#2042 = CARTESIAN_POINT('',(121.92,-100.06,0.));
#2043 = VECTOR('',#2044,1.);
#2044 = DIRECTION('',(0.,0.,-1.));
#2045 = ORIENTED_EDGE('',*,*,#2046,.F.);
#2046 = EDGE_CURVE('',#2008,#2039,#2047,.T.);
#2047 = LINE('',#2048,#2049);
#2048 = CARTESIAN_POINT('',(125.375786,-100.06,0.));
#2049 = VECTOR('',#2050,1.);
#2050 = DIRECTION('',(-1.,0.,0.));
#2051 = PLANE('',#2052);
#2052 = AXIS2_PLACEMENT_3D('',#2053,#2054,#2055);
#2053 = CARTESIAN_POINT('',(125.375786,-100.06,0.));
#2054 = DIRECTION('',(0.,1.,0.));
#2055 = DIRECTION('',(-1.,0.,0.));
#2056 = ADVANCED_FACE('',(#2057),#2084,.T.);
#2057 = FACE_BOUND('',#2058,.F.);
#2058 = EDGE_LOOP('',(#2059,#2060,#2069,#2077));
#2059 = ORIENTED_EDGE('',*,*,#2038,.T.);
#2060 = ORIENTED_EDGE('',*,*,#2061,.T.);
#2061 = EDGE_CURVE('',#2031,#2062,#2064,.T.);
#2062 = VERTEX_POINT('',#2063);
#2063 = CARTESIAN_POINT('',(121.92,-98.06,-3.5E-02));
#2064 = CIRCLE('',#2065,1.);
#2065 = AXIS2_PLACEMENT_3D('',#2066,#2067,#2068);
#2066 = CARTESIAN_POINT('',(121.91999974049,-99.06,-3.5E-02));
#2067 = DIRECTION('',(0.,0.,-1.));
#2068 = DIRECTION('',(2.595065353716E-07,-1.,0.));
#2069 = ORIENTED_EDGE('',*,*,#2070,.F.);
#2070 = EDGE_CURVE('',#2071,#2062,#2073,.T.);
#2071 = VERTEX_POINT('',#2072);
#2072 = CARTESIAN_POINT('',(121.92,-98.06,0.));
#2073 = LINE('',#2074,#2075);
#2074 = CARTESIAN_POINT('',(121.92,-98.06,0.));
#2075 = VECTOR('',#2076,1.);
#2076 = DIRECTION('',(0.,0.,-1.));
#2077 = ORIENTED_EDGE('',*,*,#2078,.F.);
#2078 = EDGE_CURVE('',#2039,#2071,#2079,.T.);
#2079 = CIRCLE('',#2080,1.);
#2080 = AXIS2_PLACEMENT_3D('',#2081,#2082,#2083);
#2081 = CARTESIAN_POINT('',(121.91999974049,-99.06,0.));
#2082 = DIRECTION('',(0.,0.,-1.));
#2083 = DIRECTION('',(2.595065353716E-07,-1.,0.));
#2084 = CYLINDRICAL_SURFACE('',#2085,1.);
#2085 = AXIS2_PLACEMENT_3D('',#2086,#2087,#2088);
#2086 = CARTESIAN_POINT('',(121.91999974049,-99.06,0.));
#2087 = DIRECTION('',(-0.,-0.,1.));
#2088 = DIRECTION('',(2.595065353716E-07,-1.,0.));
#2089 = ADVANCED_FACE('',(#2090),#2115,.F.);
#2090 = FACE_BOUND('',#2091,.F.);
#2091 = EDGE_LOOP('',(#2092,#2093,#2101,#2109));
#2092 = ORIENTED_EDGE('',*,*,#2070,.T.);
#2093 = ORIENTED_EDGE('',*,*,#2094,.T.);
#2094 = EDGE_CURVE('',#2062,#2095,#2097,.T.);
#2095 = VERTEX_POINT('',#2096);
#2096 = CARTESIAN_POINT('',(125.375786,-98.06,-3.5E-02));
#2097 = LINE('',#2098,#2099);
#2098 = CARTESIAN_POINT('',(121.92,-98.06,-3.5E-02));
#2099 = VECTOR('',#2100,1.);
#2100 = DIRECTION('',(1.,0.,0.));
#2101 = ORIENTED_EDGE('',*,*,#2102,.F.);
#2102 = EDGE_CURVE('',#2103,#2095,#2105,.T.);
#2103 = VERTEX_POINT('',#2104);
#2104 = CARTESIAN_POINT('',(125.375786,-98.06,0.));
#2105 = LINE('',#2106,#2107);
#2106 = CARTESIAN_POINT('',(125.375786,-98.06,0.));
#2107 = VECTOR('',#2108,1.);
#2108 = DIRECTION('',(0.,0.,-1.));
#2109 = ORIENTED_EDGE('',*,*,#2110,.F.);
#2110 = EDGE_CURVE('',#2071,#2103,#2111,.T.);
#2111 = LINE('',#2112,#2113);
#2112 = CARTESIAN_POINT('',(121.92,-98.06,0.));
#2113 = VECTOR('',#2114,1.);
#2114 = DIRECTION('',(1.,0.,0.));
#2115 = PLANE('',#2116);
#2116 = AXIS2_PLACEMENT_3D('',#2117,#2118,#2119);
#2117 = CARTESIAN_POINT('',(121.92,-98.06,0.));
#2118 = DIRECTION('',(0.,-1.,0.));
#2119 = DIRECTION('',(1.,0.,0.));
#2120 = ADVANCED_FACE('',(#2121),#2137,.F.);
#2121 = FACE_BOUND('',#2122,.F.);
#2122 = EDGE_LOOP('',(#2123,#2124,#2130,#2131));
#2123 = ORIENTED_EDGE('',*,*,#2102,.T.);
#2124 = ORIENTED_EDGE('',*,*,#2125,.T.);
#2125 = EDGE_CURVE('',#2095,#914,#2126,.T.);
#2126 = LINE('',#2127,#2128);
#2127 = CARTESIAN_POINT('',(125.375786,-98.06,-3.5E-02));
#2128 = VECTOR('',#2129,1.);
#2129 = DIRECTION('',(0.707106781187,0.707106781187,0.));
#2130 = ORIENTED_EDGE('',*,*,#911,.F.);
#2131 = ORIENTED_EDGE('',*,*,#2132,.F.);
#2132 = EDGE_CURVE('',#2103,#912,#2133,.T.);
#2133 = LINE('',#2134,#2135);
#2134 = CARTESIAN_POINT('',(125.375786,-98.06,0.));
#2135 = VECTOR('',#2136,1.);
#2136 = DIRECTION('',(0.707106781187,0.707106781187,0.));
#2137 = PLANE('',#2138);
#2138 = AXIS2_PLACEMENT_3D('',#2139,#2140,#2141);
#2139 = CARTESIAN_POINT('',(125.375786,-98.06,0.));
#2140 = DIRECTION('',(0.707106781187,-0.707106781187,0.));
#2141 = DIRECTION('',(0.707106781187,0.707106781187,0.));
#2142 = ADVANCED_FACE('',(#2143),#2170,.F.);
#2143 = FACE_BOUND('',#2144,.F.);
#2144 = EDGE_LOOP('',(#2145,#2155,#2162,#2163));
#2145 = ORIENTED_EDGE('',*,*,#2146,.T.);
#2146 = EDGE_CURVE('',#2147,#2149,#2151,.T.);
#2147 = VERTEX_POINT('',#2148);
#2148 = CARTESIAN_POINT('',(160.451891,-124.074,0.));
#2149 = VERTEX_POINT('',#2150);
#2150 = CARTESIAN_POINT('',(160.451891,-124.074,-3.5E-02));
#2151 = LINE('',#2152,#2153);
#2152 = CARTESIAN_POINT('',(160.451891,-124.074,0.));
#2153 = VECTOR('',#2154,1.);
#2154 = DIRECTION('',(0.,0.,-1.));
#2155 = ORIENTED_EDGE('',*,*,#2156,.T.);
#2156 = EDGE_CURVE('',#2149,#2149,#2157,.T.);
#2157 = CIRCLE('',#2158,0.431891);
#2158 = AXIS2_PLACEMENT_3D('',#2159,#2160,#2161);
#2159 = CARTESIAN_POINT('',(160.02,-124.074,-3.5E-02));
#2160 = DIRECTION('',(0.,0.,1.));
#2161 = DIRECTION('',(1.,0.,-0.));
#2162 = ORIENTED_EDGE('',*,*,#2146,.F.);
#2163 = ORIENTED_EDGE('',*,*,#2164,.F.);
#2164 = EDGE_CURVE('',#2147,#2147,#2165,.T.);
#2165 = CIRCLE('',#2166,0.431891);
#2166 = AXIS2_PLACEMENT_3D('',#2167,#2168,#2169);
#2167 = CARTESIAN_POINT('',(160.02,-124.074,0.));
#2168 = DIRECTION('',(0.,0.,1.));
#2169 = DIRECTION('',(1.,0.,-0.));
#2170 = CYLINDRICAL_SURFACE('',#2171,0.431891);
#2171 = AXIS2_PLACEMENT_3D('',#2172,#2173,#2174);
#2172 = CARTESIAN_POINT('',(160.02,-124.074,0.));
#2173 = DIRECTION('',(0.,0.,1.));
#2174 = DIRECTION('',(1.,0.,-0.));
#2175 = ADVANCED_FACE('',(#2176),#2203,.F.);
#2176 = FACE_BOUND('',#2177,.F.);
#2177 = EDGE_LOOP('',(#2178,#2188,#2195,#2196));
#2178 = ORIENTED_EDGE('',*,*,#2179,.T.);
#2179 = EDGE_CURVE('',#2180,#2182,#2184,.T.);
#2180 = VERTEX_POINT('',#2181);
#2181 = CARTESIAN_POINT('',(146.487392,-106.68,0.));
#2182 = VERTEX_POINT('',#2183);
#2183 = CARTESIAN_POINT('',(146.487392,-106.68,-3.5E-02));
#2184 = LINE('',#2185,#2186);
#2185 = CARTESIAN_POINT('',(146.487392,-106.68,0.));
#2186 = VECTOR('',#2187,1.);
#2187 = DIRECTION('',(0.,0.,-1.));
#2188 = ORIENTED_EDGE('',*,*,#2189,.T.);
#2189 = EDGE_CURVE('',#2182,#2182,#2190,.T.);
#2190 = CIRCLE('',#2191,0.587392);
#2191 = AXIS2_PLACEMENT_3D('',#2192,#2193,#2194);
#2192 = CARTESIAN_POINT('',(145.9,-106.68,-3.5E-02));
#2193 = DIRECTION('',(0.,0.,1.));
#2194 = DIRECTION('',(1.,0.,-0.));
#2195 = ORIENTED_EDGE('',*,*,#2179,.F.);
#2196 = ORIENTED_EDGE('',*,*,#2197,.F.);
#2197 = EDGE_CURVE('',#2180,#2180,#2198,.T.);
#2198 = CIRCLE('',#2199,0.587392);
#2199 = AXIS2_PLACEMENT_3D('',#2200,#2201,#2202);
#2200 = CARTESIAN_POINT('',(145.9,-106.68,0.));
#2201 = DIRECTION('',(0.,0.,1.));
#2202 = DIRECTION('',(1.,0.,-0.));
#2203 = CYLINDRICAL_SURFACE('',#2204,0.587392);
#2204 = AXIS2_PLACEMENT_3D('',#2205,#2206,#2207);
#2205 = CARTESIAN_POINT('',(145.9,-106.68,0.));
#2206 = DIRECTION('',(0.,0.,1.));
#2207 = DIRECTION('',(1.,0.,-0.));
#2208 = ADVANCED_FACE('',(#2209),#2236,.F.);
#2209 = FACE_BOUND('',#2210,.F.);
#2210 = EDGE_LOOP('',(#2211,#2221,#2228,#2229));
#2211 = ORIENTED_EDGE('',*,*,#2212,.T.);
#2212 = EDGE_CURVE('',#2213,#2215,#2217,.T.);
#2213 = VERTEX_POINT('',#2214);
#2214 = CARTESIAN_POINT('',(137.647392,-104.14,0.));
#2215 = VERTEX_POINT('',#2216);
#2216 = CARTESIAN_POINT('',(137.647392,-104.14,-3.5E-02));
#2217 = LINE('',#2218,#2219);
#2218 = CARTESIAN_POINT('',(137.647392,-104.14,0.));
#2219 = VECTOR('',#2220,1.);
#2220 = DIRECTION('',(0.,0.,-1.));
#2221 = ORIENTED_EDGE('',*,*,#2222,.T.);
#2222 = EDGE_CURVE('',#2215,#2215,#2223,.T.);
#2223 = CIRCLE('',#2224,0.487392);
#2224 = AXIS2_PLACEMENT_3D('',#2225,#2226,#2227);
#2225 = CARTESIAN_POINT('',(137.16,-104.14,-3.5E-02));
#2226 = DIRECTION('',(0.,0.,1.));
#2227 = DIRECTION('',(1.,0.,-0.));
#2228 = ORIENTED_EDGE('',*,*,#2212,.F.);
#2229 = ORIENTED_EDGE('',*,*,#2230,.F.);
#2230 = EDGE_CURVE('',#2213,#2213,#2231,.T.);
#2231 = CIRCLE('',#2232,0.487392);
#2232 = AXIS2_PLACEMENT_3D('',#2233,#2234,#2235);
#2233 = CARTESIAN_POINT('',(137.16,-104.14,0.));
#2234 = DIRECTION('',(0.,0.,1.));
#2235 = DIRECTION('',(1.,0.,-0.));
#2236 = CYLINDRICAL_SURFACE('',#2237,0.487392);
#2237 = AXIS2_PLACEMENT_3D('',#2238,#2239,#2240);
#2238 = CARTESIAN_POINT('',(137.16,-104.14,0.));
#2239 = DIRECTION('',(0.,0.,1.));
#2240 = DIRECTION('',(1.,0.,-0.));
#2241 = ADVANCED_FACE('',(#2242),#2269,.F.);
#2242 = FACE_BOUND('',#2243,.F.);
#2243 = EDGE_LOOP('',(#2244,#2254,#2261,#2262));
#2244 = ORIENTED_EDGE('',*,*,#2245,.T.);
#2245 = EDGE_CURVE('',#2246,#2248,#2250,.T.);
#2246 = VERTEX_POINT('',#2247);
#2247 = CARTESIAN_POINT('',(122.407392,-99.06,0.));
#2248 = VERTEX_POINT('',#2249);
#2249 = CARTESIAN_POINT('',(122.407392,-99.06,-3.5E-02));
#2250 = LINE('',#2251,#2252);
#2251 = CARTESIAN_POINT('',(122.407392,-99.06,0.));
#2252 = VECTOR('',#2253,1.);
#2253 = DIRECTION('',(0.,0.,-1.));
#2254 = ORIENTED_EDGE('',*,*,#2255,.T.);
#2255 = EDGE_CURVE('',#2248,#2248,#2256,.T.);
#2256 = CIRCLE('',#2257,0.487392);
#2257 = AXIS2_PLACEMENT_3D('',#2258,#2259,#2260);
#2258 = CARTESIAN_POINT('',(121.92,-99.06,-3.5E-02));
#2259 = DIRECTION('',(0.,0.,1.));
#2260 = DIRECTION('',(1.,0.,-0.));
#2261 = ORIENTED_EDGE('',*,*,#2245,.F.);
#2262 = ORIENTED_EDGE('',*,*,#2263,.F.);
#2263 = EDGE_CURVE('',#2246,#2246,#2264,.T.);
#2264 = CIRCLE('',#2265,0.487392);
#2265 = AXIS2_PLACEMENT_3D('',#2266,#2267,#2268);
#2266 = CARTESIAN_POINT('',(121.92,-99.06,0.));
#2267 = DIRECTION('',(0.,0.,1.));
#2268 = DIRECTION('',(1.,0.,-0.));
#2269 = CYLINDRICAL_SURFACE('',#2270,0.487392);
#2270 = AXIS2_PLACEMENT_3D('',#2271,#2272,#2273);
#2271 = CARTESIAN_POINT('',(121.92,-99.06,0.));
#2272 = DIRECTION('',(0.,0.,1.));
#2273 = DIRECTION('',(1.,0.,-0.));
#2274 = ADVANCED_FACE('',(#2275),#2302,.F.);
#2275 = FACE_BOUND('',#2276,.F.);
#2276 = EDGE_LOOP('',(#2277,#2287,#2294,#2295));
#2277 = ORIENTED_EDGE('',*,*,#2278,.T.);
#2278 = EDGE_CURVE('',#2279,#2281,#2283,.T.);
#2279 = VERTEX_POINT('',#2280);
#2280 = CARTESIAN_POINT('',(126.177392,-99.06,0.));
#2281 = VERTEX_POINT('',#2282);
#2282 = CARTESIAN_POINT('',(126.177392,-99.06,-3.5E-02));
#2283 = LINE('',#2284,#2285);
#2284 = CARTESIAN_POINT('',(126.177392,-99.06,0.));
#2285 = VECTOR('',#2286,1.);
#2286 = DIRECTION('',(0.,0.,-1.));
#2287 = ORIENTED_EDGE('',*,*,#2288,.T.);
#2288 = EDGE_CURVE('',#2281,#2281,#2289,.T.);
#2289 = CIRCLE('',#2290,0.387392);
#2290 = AXIS2_PLACEMENT_3D('',#2291,#2292,#2293);
#2291 = CARTESIAN_POINT('',(125.79,-99.06,-3.5E-02));
#2292 = DIRECTION('',(0.,0.,1.));
#2293 = DIRECTION('',(1.,0.,-0.));
#2294 = ORIENTED_EDGE('',*,*,#2278,.F.);
#2295 = ORIENTED_EDGE('',*,*,#2296,.F.);
#2296 = EDGE_CURVE('',#2279,#2279,#2297,.T.);
#2297 = CIRCLE('',#2298,0.387392);
#2298 = AXIS2_PLACEMENT_3D('',#2299,#2300,#2301);
#2299 = CARTESIAN_POINT('',(125.79,-99.06,0.));
#2300 = DIRECTION('',(0.,0.,1.));
#2301 = DIRECTION('',(1.,0.,-0.));
#2302 = CYLINDRICAL_SURFACE('',#2303,0.387392);
#2303 = AXIS2_PLACEMENT_3D('',#2304,#2305,#2306);
#2304 = CARTESIAN_POINT('',(125.79,-99.06,0.));
#2305 = DIRECTION('',(0.,0.,1.));
#2306 = DIRECTION('',(1.,0.,-0.));
#2307 = ADVANCED_FACE('',(#2308,#2349,#2352,#2355,#2358,#2361),#2364,.F.
  );
#2308 = FACE_BOUND('',#2309,.F.);
#2309 = EDGE_LOOP('',(#2310,#2311,#2312,#2313,#2314,#2315,#2316,#2317,
    #2318,#2319,#2320,#2321,#2322,#2323,#2324,#2325,#2326,#2327,#2328,
    #2329,#2330,#2331,#2332,#2333,#2334,#2335,#2336,#2337,#2338,#2339,
    #2340,#2341,#2342,#2343,#2344,#2345,#2346,#2347,#2348));
#2310 = ORIENTED_EDGE('',*,*,#938,.T.);
#2311 = ORIENTED_EDGE('',*,*,#970,.T.);
#2312 = ORIENTED_EDGE('',*,*,#1002,.T.);
#2313 = ORIENTED_EDGE('',*,*,#1034,.T.);
#2314 = ORIENTED_EDGE('',*,*,#1066,.T.);
#2315 = ORIENTED_EDGE('',*,*,#1098,.T.);
#2316 = ORIENTED_EDGE('',*,*,#1129,.T.);
#2317 = ORIENTED_EDGE('',*,*,#1161,.T.);
#2318 = ORIENTED_EDGE('',*,*,#1193,.T.);
#2319 = ORIENTED_EDGE('',*,*,#1225,.T.);
#2320 = ORIENTED_EDGE('',*,*,#1257,.T.);
#2321 = ORIENTED_EDGE('',*,*,#1289,.T.);
#2322 = ORIENTED_EDGE('',*,*,#1321,.T.);
#2323 = ORIENTED_EDGE('',*,*,#1353,.T.);
#2324 = ORIENTED_EDGE('',*,*,#1385,.T.);
#2325 = ORIENTED_EDGE('',*,*,#1416,.T.);
#2326 = ORIENTED_EDGE('',*,*,#1447,.T.);
#2327 = ORIENTED_EDGE('',*,*,#1478,.T.);
#2328 = ORIENTED_EDGE('',*,*,#1510,.T.);
#2329 = ORIENTED_EDGE('',*,*,#1542,.T.);
#2330 = ORIENTED_EDGE('',*,*,#1573,.T.);
#2331 = ORIENTED_EDGE('',*,*,#1604,.T.);
#2332 = ORIENTED_EDGE('',*,*,#1635,.T.);
#2333 = ORIENTED_EDGE('',*,*,#1666,.T.);
#2334 = ORIENTED_EDGE('',*,*,#1697,.T.);
#2335 = ORIENTED_EDGE('',*,*,#1729,.T.);
#2336 = ORIENTED_EDGE('',*,*,#1761,.T.);
#2337 = ORIENTED_EDGE('',*,*,#1792,.T.);
#2338 = ORIENTED_EDGE('',*,*,#1824,.T.);
#2339 = ORIENTED_EDGE('',*,*,#1856,.T.);
#2340 = ORIENTED_EDGE('',*,*,#1888,.T.);
#2341 = ORIENTED_EDGE('',*,*,#1920,.T.);
#2342 = ORIENTED_EDGE('',*,*,#1951,.T.);
#2343 = ORIENTED_EDGE('',*,*,#1983,.T.);
#2344 = ORIENTED_EDGE('',*,*,#2015,.T.);
#2345 = ORIENTED_EDGE('',*,*,#2046,.T.);
#2346 = ORIENTED_EDGE('',*,*,#2078,.T.);
#2347 = ORIENTED_EDGE('',*,*,#2110,.T.);
#2348 = ORIENTED_EDGE('',*,*,#2132,.T.);
#2349 = FACE_BOUND('',#2350,.F.);
#2350 = EDGE_LOOP('',(#2351));
#2351 = ORIENTED_EDGE('',*,*,#2164,.T.);
#2352 = FACE_BOUND('',#2353,.F.);
#2353 = EDGE_LOOP('',(#2354));
#2354 = ORIENTED_EDGE('',*,*,#2197,.T.);
#2355 = FACE_BOUND('',#2356,.F.);
#2356 = EDGE_LOOP('',(#2357));
#2357 = ORIENTED_EDGE('',*,*,#2230,.T.);
#2358 = FACE_BOUND('',#2359,.F.);
#2359 = EDGE_LOOP('',(#2360));
#2360 = ORIENTED_EDGE('',*,*,#2263,.T.);
#2361 = FACE_BOUND('',#2362,.F.);
#2362 = EDGE_LOOP('',(#2363));
#2363 = ORIENTED_EDGE('',*,*,#2296,.T.);
#2364 = PLANE('',#2365);
#2365 = AXIS2_PLACEMENT_3D('',#2366,#2367,#2368);
#2366 = CARTESIAN_POINT('',(0.,0.,0.));
#2367 = DIRECTION('',(-0.,-0.,-1.));
#2368 = DIRECTION('',(-1.,0.,0.));
#2369 = ADVANCED_FACE('',(#2370,#2411,#2414,#2417,#2420,#2423),#2426,.T.
  );
#2370 = FACE_BOUND('',#2371,.T.);
#2371 = EDGE_LOOP('',(#2372,#2373,#2374,#2375,#2376,#2377,#2378,#2379,
    #2380,#2381,#2382,#2383,#2384,#2385,#2386,#2387,#2388,#2389,#2390,
    #2391,#2392,#2393,#2394,#2395,#2396,#2397,#2398,#2399,#2400,#2401,
    #2402,#2403,#2404,#2405,#2406,#2407,#2408,#2409,#2410));
#2372 = ORIENTED_EDGE('',*,*,#921,.T.);
#2373 = ORIENTED_EDGE('',*,*,#954,.T.);
#2374 = ORIENTED_EDGE('',*,*,#985,.T.);
#2375 = ORIENTED_EDGE('',*,*,#1018,.T.);
#2376 = ORIENTED_EDGE('',*,*,#1049,.T.);
#2377 = ORIENTED_EDGE('',*,*,#1082,.T.);
#2378 = ORIENTED_EDGE('',*,*,#1113,.T.);
#2379 = ORIENTED_EDGE('',*,*,#1144,.T.);
#2380 = ORIENTED_EDGE('',*,*,#1177,.T.);
#2381 = ORIENTED_EDGE('',*,*,#1208,.T.);
#2382 = ORIENTED_EDGE('',*,*,#1241,.T.);
#2383 = ORIENTED_EDGE('',*,*,#1272,.T.);
#2384 = ORIENTED_EDGE('',*,*,#1305,.T.);
#2385 = ORIENTED_EDGE('',*,*,#1336,.T.);
#2386 = ORIENTED_EDGE('',*,*,#1369,.T.);
#2387 = ORIENTED_EDGE('',*,*,#1400,.T.);
#2388 = ORIENTED_EDGE('',*,*,#1431,.T.);
#2389 = ORIENTED_EDGE('',*,*,#1462,.T.);
#2390 = ORIENTED_EDGE('',*,*,#1493,.T.);
#2391 = ORIENTED_EDGE('',*,*,#1526,.T.);
#2392 = ORIENTED_EDGE('',*,*,#1557,.T.);
#2393 = ORIENTED_EDGE('',*,*,#1588,.T.);
#2394 = ORIENTED_EDGE('',*,*,#1619,.T.);
#2395 = ORIENTED_EDGE('',*,*,#1650,.T.);
#2396 = ORIENTED_EDGE('',*,*,#1681,.T.);
#2397 = ORIENTED_EDGE('',*,*,#1712,.T.);
#2398 = ORIENTED_EDGE('',*,*,#1745,.T.);
#2399 = ORIENTED_EDGE('',*,*,#1776,.T.);
#2400 = ORIENTED_EDGE('',*,*,#1807,.T.);
#2401 = ORIENTED_EDGE('',*,*,#1840,.T.);
#2402 = ORIENTED_EDGE('',*,*,#1871,.T.);
#2403 = ORIENTED_EDGE('',*,*,#1904,.T.);
#2404 = ORIENTED_EDGE('',*,*,#1935,.T.);
#2405 = ORIENTED_EDGE('',*,*,#1966,.T.);
#2406 = ORIENTED_EDGE('',*,*,#1999,.T.);
#2407 = ORIENTED_EDGE('',*,*,#2030,.T.);
#2408 = ORIENTED_EDGE('',*,*,#2061,.T.);
#2409 = ORIENTED_EDGE('',*,*,#2094,.T.);
#2410 = ORIENTED_EDGE('',*,*,#2125,.T.);
#2411 = FACE_BOUND('',#2412,.T.);
#2412 = EDGE_LOOP('',(#2413));
#2413 = ORIENTED_EDGE('',*,*,#2156,.T.);
#2414 = FACE_BOUND('',#2415,.T.);
#2415 = EDGE_LOOP('',(#2416));
#2416 = ORIENTED_EDGE('',*,*,#2189,.T.);
#2417 = FACE_BOUND('',#2418,.T.);
#2418 = EDGE_LOOP('',(#2419));
#2419 = ORIENTED_EDGE('',*,*,#2222,.T.);
#2420 = FACE_BOUND('',#2421,.T.);
#2421 = EDGE_LOOP('',(#2422));
#2422 = ORIENTED_EDGE('',*,*,#2255,.T.);
#2423 = FACE_BOUND('',#2424,.T.);
#2424 = EDGE_LOOP('',(#2425));
#2425 = ORIENTED_EDGE('',*,*,#2288,.T.);
#2426 = PLANE('',#2427);
#2427 = AXIS2_PLACEMENT_3D('',#2428,#2429,#2430);
#2428 = CARTESIAN_POINT('',(0.,0.,-3.5E-02));
#2429 = DIRECTION('',(-0.,-0.,-1.));
#2430 = DIRECTION('',(-1.,0.,0.));
#2431 = MANIFOLD_SOLID_BREP('',#2432);
#2432 = CLOSED_SHELL('',(#2433,#2475,#2506,#2539,#2570,#2601,#2634,#2656
    ,#2689,#2722,#2743));
#2433 = ADVANCED_FACE('',(#2434),#2470,.T.);
#2434 = FACE_BOUND('',#2435,.F.);
#2435 = EDGE_LOOP('',(#2436,#2446,#2455,#2463));
#2436 = ORIENTED_EDGE('',*,*,#2437,.T.);
#2437 = EDGE_CURVE('',#2438,#2440,#2442,.T.);
#2438 = VERTEX_POINT('',#2439);
#2439 = CARTESIAN_POINT('',(175.,-110.89,0.));
#2440 = VERTEX_POINT('',#2441);
#2441 = CARTESIAN_POINT('',(175.,-110.89,-3.5E-02));
#2442 = LINE('',#2443,#2444);
#2443 = CARTESIAN_POINT('',(175.,-110.89,0.));
#2444 = VECTOR('',#2445,1.);
#2445 = DIRECTION('',(0.,0.,-1.));
#2446 = ORIENTED_EDGE('',*,*,#2447,.T.);
#2447 = EDGE_CURVE('',#2440,#2448,#2450,.T.);
#2448 = VERTEX_POINT('',#2449);
#2449 = CARTESIAN_POINT('',(174.,-111.89,-3.5E-02));
#2450 = CIRCLE('',#2451,1.000001302705);
#2451 = AXIS2_PLACEMENT_3D('',#2452,#2453,#2454);
#2452 = CARTESIAN_POINT('',(173.99999869729,-110.8899986972,-3.5E-02));
#2453 = DIRECTION('',(0.,0.,-1.));
#2454 = DIRECTION('',(0.999999999999,-1.302702253009E-06,0.));
#2455 = ORIENTED_EDGE('',*,*,#2456,.F.);
#2456 = EDGE_CURVE('',#2457,#2448,#2459,.T.);
#2457 = VERTEX_POINT('',#2458);
#2458 = CARTESIAN_POINT('',(174.,-111.89,0.));
#2459 = LINE('',#2460,#2461);
#2460 = CARTESIAN_POINT('',(174.,-111.89,0.));
#2461 = VECTOR('',#2462,1.);
#2462 = DIRECTION('',(0.,0.,-1.));
#2463 = ORIENTED_EDGE('',*,*,#2464,.F.);
#2464 = EDGE_CURVE('',#2438,#2457,#2465,.T.);
#2465 = CIRCLE('',#2466,1.000001302705);
#2466 = AXIS2_PLACEMENT_3D('',#2467,#2468,#2469);
#2467 = CARTESIAN_POINT('',(173.99999869729,-110.8899986972,0.));
#2468 = DIRECTION('',(0.,0.,-1.));
#2469 = DIRECTION('',(0.999999999999,-1.302702253009E-06,0.));
#2470 = CYLINDRICAL_SURFACE('',#2471,1.000001302705);
#2471 = AXIS2_PLACEMENT_3D('',#2472,#2473,#2474);
#2472 = CARTESIAN_POINT('',(173.99999869729,-110.8899986972,0.));
#2473 = DIRECTION('',(-0.,-0.,1.));
#2474 = DIRECTION('',(0.999999999999,-1.302702253009E-06,0.));
#2475 = ADVANCED_FACE('',(#2476),#2501,.F.);
#2476 = FACE_BOUND('',#2477,.F.);
#2477 = EDGE_LOOP('',(#2478,#2479,#2487,#2495));
#2478 = ORIENTED_EDGE('',*,*,#2456,.T.);
#2479 = ORIENTED_EDGE('',*,*,#2480,.T.);
#2480 = EDGE_CURVE('',#2448,#2481,#2483,.T.);
#2481 = VERTEX_POINT('',#2482);
#2482 = CARTESIAN_POINT('',(171.46,-111.89,-3.5E-02));
#2483 = LINE('',#2484,#2485);
#2484 = CARTESIAN_POINT('',(174.,-111.89,-3.5E-02));
#2485 = VECTOR('',#2486,1.);
#2486 = DIRECTION('',(-1.,0.,0.));
#2487 = ORIENTED_EDGE('',*,*,#2488,.F.);
#2488 = EDGE_CURVE('',#2489,#2481,#2491,.T.);
#2489 = VERTEX_POINT('',#2490);
#2490 = CARTESIAN_POINT('',(171.46,-111.89,0.));
#2491 = LINE('',#2492,#2493);
#2492 = CARTESIAN_POINT('',(171.46,-111.89,0.));
#2493 = VECTOR('',#2494,1.);
#2494 = DIRECTION('',(0.,0.,-1.));
#2495 = ORIENTED_EDGE('',*,*,#2496,.F.);
#2496 = EDGE_CURVE('',#2457,#2489,#2497,.T.);
#2497 = LINE('',#2498,#2499);
#2498 = CARTESIAN_POINT('',(174.,-111.89,0.));
#2499 = VECTOR('',#2500,1.);
#2500 = DIRECTION('',(-1.,0.,0.));
#2501 = PLANE('',#2502);
#2502 = AXIS2_PLACEMENT_3D('',#2503,#2504,#2505);
#2503 = CARTESIAN_POINT('',(174.,-111.89,0.));
#2504 = DIRECTION('',(0.,1.,0.));
#2505 = DIRECTION('',(-1.,0.,0.));
#2506 = ADVANCED_FACE('',(#2507),#2534,.T.);
#2507 = FACE_BOUND('',#2508,.F.);
#2508 = EDGE_LOOP('',(#2509,#2510,#2519,#2527));
#2509 = ORIENTED_EDGE('',*,*,#2488,.T.);
#2510 = ORIENTED_EDGE('',*,*,#2511,.T.);
#2511 = EDGE_CURVE('',#2481,#2512,#2514,.T.);
#2512 = VERTEX_POINT('',#2513);
#2513 = CARTESIAN_POINT('',(171.46,-109.89,-3.5E-02));
#2514 = CIRCLE('',#2515,1.);
#2515 = AXIS2_PLACEMENT_3D('',#2516,#2517,#2518);
#2516 = CARTESIAN_POINT('',(171.45999974049,-110.89,-3.5E-02));
#2517 = DIRECTION('',(0.,0.,-1.));
#2518 = DIRECTION('',(2.595065495825E-07,-1.,0.));
#2519 = ORIENTED_EDGE('',*,*,#2520,.F.);
#2520 = EDGE_CURVE('',#2521,#2512,#2523,.T.);
#2521 = VERTEX_POINT('',#2522);
#2522 = CARTESIAN_POINT('',(171.46,-109.89,0.));
#2523 = LINE('',#2524,#2525);
#2524 = CARTESIAN_POINT('',(171.46,-109.89,0.));
#2525 = VECTOR('',#2526,1.);
#2526 = DIRECTION('',(0.,0.,-1.));
#2527 = ORIENTED_EDGE('',*,*,#2528,.F.);
#2528 = EDGE_CURVE('',#2489,#2521,#2529,.T.);
#2529 = CIRCLE('',#2530,1.);
#2530 = AXIS2_PLACEMENT_3D('',#2531,#2532,#2533);
#2531 = CARTESIAN_POINT('',(171.45999974049,-110.89,0.));
#2532 = DIRECTION('',(0.,0.,-1.));
#2533 = DIRECTION('',(2.595065495825E-07,-1.,0.));
#2534 = CYLINDRICAL_SURFACE('',#2535,1.);
#2535 = AXIS2_PLACEMENT_3D('',#2536,#2537,#2538);
#2536 = CARTESIAN_POINT('',(171.45999974049,-110.89,0.));
#2537 = DIRECTION('',(-0.,-0.,1.));
#2538 = DIRECTION('',(2.595065495825E-07,-1.,0.));
#2539 = ADVANCED_FACE('',(#2540),#2565,.F.);
#2540 = FACE_BOUND('',#2541,.F.);
#2541 = EDGE_LOOP('',(#2542,#2543,#2551,#2559));
#2542 = ORIENTED_EDGE('',*,*,#2520,.T.);
#2543 = ORIENTED_EDGE('',*,*,#2544,.T.);
#2544 = EDGE_CURVE('',#2512,#2545,#2547,.T.);
#2545 = VERTEX_POINT('',#2546);
#2546 = CARTESIAN_POINT('',(173.,-109.89,-3.5E-02));
#2547 = LINE('',#2548,#2549);
#2548 = CARTESIAN_POINT('',(171.46,-109.89,-3.5E-02));
#2549 = VECTOR('',#2550,1.);
#2550 = DIRECTION('',(1.,0.,0.));
#2551 = ORIENTED_EDGE('',*,*,#2552,.F.);
#2552 = EDGE_CURVE('',#2553,#2545,#2555,.T.);
#2553 = VERTEX_POINT('',#2554);
#2554 = CARTESIAN_POINT('',(173.,-109.89,0.));
#2555 = LINE('',#2556,#2557);
#2556 = CARTESIAN_POINT('',(173.,-109.89,0.));
#2557 = VECTOR('',#2558,1.);
#2558 = DIRECTION('',(0.,0.,-1.));
#2559 = ORIENTED_EDGE('',*,*,#2560,.F.);
#2560 = EDGE_CURVE('',#2521,#2553,#2561,.T.);
#2561 = LINE('',#2562,#2563);
#2562 = CARTESIAN_POINT('',(171.46,-109.89,0.));
#2563 = VECTOR('',#2564,1.);
#2564 = DIRECTION('',(1.,0.,0.));
#2565 = PLANE('',#2566);
#2566 = AXIS2_PLACEMENT_3D('',#2567,#2568,#2569);
#2567 = CARTESIAN_POINT('',(171.46,-109.89,0.));
#2568 = DIRECTION('',(0.,-1.,0.));
#2569 = DIRECTION('',(1.,0.,0.));
#2570 = ADVANCED_FACE('',(#2571),#2596,.F.);
#2571 = FACE_BOUND('',#2572,.F.);
#2572 = EDGE_LOOP('',(#2573,#2574,#2582,#2590));
#2573 = ORIENTED_EDGE('',*,*,#2552,.T.);
#2574 = ORIENTED_EDGE('',*,*,#2575,.T.);
#2575 = EDGE_CURVE('',#2545,#2576,#2578,.T.);
#2576 = VERTEX_POINT('',#2577);
#2577 = CARTESIAN_POINT('',(173.,-105.81,-3.5E-02));
#2578 = LINE('',#2579,#2580);
#2579 = CARTESIAN_POINT('',(173.,-109.89,-3.5E-02));
#2580 = VECTOR('',#2581,1.);
#2581 = DIRECTION('',(0.,1.,0.));
#2582 = ORIENTED_EDGE('',*,*,#2583,.F.);
#2583 = EDGE_CURVE('',#2584,#2576,#2586,.T.);
#2584 = VERTEX_POINT('',#2585);
#2585 = CARTESIAN_POINT('',(173.,-105.81,0.));
#2586 = LINE('',#2587,#2588);
#2587 = CARTESIAN_POINT('',(173.,-105.81,0.));
#2588 = VECTOR('',#2589,1.);
#2589 = DIRECTION('',(0.,0.,-1.));
#2590 = ORIENTED_EDGE('',*,*,#2591,.F.);
#2591 = EDGE_CURVE('',#2553,#2584,#2592,.T.);
#2592 = LINE('',#2593,#2594);
#2593 = CARTESIAN_POINT('',(173.,-109.89,0.));
#2594 = VECTOR('',#2595,1.);
#2595 = DIRECTION('',(0.,1.,0.));
#2596 = PLANE('',#2597);
#2597 = AXIS2_PLACEMENT_3D('',#2598,#2599,#2600);
#2598 = CARTESIAN_POINT('',(173.,-109.89,0.));
#2599 = DIRECTION('',(1.,-0.,0.));
#2600 = DIRECTION('',(0.,1.,0.));
#2601 = ADVANCED_FACE('',(#2602),#2629,.T.);
#2602 = FACE_BOUND('',#2603,.F.);
#2603 = EDGE_LOOP('',(#2604,#2605,#2614,#2622));
#2604 = ORIENTED_EDGE('',*,*,#2583,.T.);
#2605 = ORIENTED_EDGE('',*,*,#2606,.T.);
#2606 = EDGE_CURVE('',#2576,#2607,#2609,.T.);
#2607 = VERTEX_POINT('',#2608);
#2608 = CARTESIAN_POINT('',(175.,-105.81,-3.5E-02));
#2609 = CIRCLE('',#2610,1.);
#2610 = AXIS2_PLACEMENT_3D('',#2611,#2612,#2613);
#2611 = CARTESIAN_POINT('',(174.,-105.8100002313,-3.5E-02));
#2612 = DIRECTION('',(0.,0.,-1.));
#2613 = DIRECTION('',(-1.,2.31386707128E-07,0.));
#2614 = ORIENTED_EDGE('',*,*,#2615,.F.);
#2615 = EDGE_CURVE('',#2616,#2607,#2618,.T.);
#2616 = VERTEX_POINT('',#2617);
#2617 = CARTESIAN_POINT('',(175.,-105.81,0.));
#2618 = LINE('',#2619,#2620);
#2619 = CARTESIAN_POINT('',(175.,-105.81,0.));
#2620 = VECTOR('',#2621,1.);
#2621 = DIRECTION('',(0.,0.,-1.));
#2622 = ORIENTED_EDGE('',*,*,#2623,.F.);
#2623 = EDGE_CURVE('',#2584,#2616,#2624,.T.);
#2624 = CIRCLE('',#2625,1.);
#2625 = AXIS2_PLACEMENT_3D('',#2626,#2627,#2628);
#2626 = CARTESIAN_POINT('',(174.,-105.8100002313,0.));
#2627 = DIRECTION('',(0.,0.,-1.));
#2628 = DIRECTION('',(-1.,2.31386707128E-07,0.));
#2629 = CYLINDRICAL_SURFACE('',#2630,1.);
#2630 = AXIS2_PLACEMENT_3D('',#2631,#2632,#2633);
#2631 = CARTESIAN_POINT('',(174.,-105.8100002313,0.));
#2632 = DIRECTION('',(-0.,-0.,1.));
#2633 = DIRECTION('',(-1.,2.31386707128E-07,0.));
#2634 = ADVANCED_FACE('',(#2635),#2651,.F.);
#2635 = FACE_BOUND('',#2636,.F.);
#2636 = EDGE_LOOP('',(#2637,#2638,#2644,#2645));
#2637 = ORIENTED_EDGE('',*,*,#2615,.T.);
#2638 = ORIENTED_EDGE('',*,*,#2639,.T.);
#2639 = EDGE_CURVE('',#2607,#2440,#2640,.T.);
#2640 = LINE('',#2641,#2642);
#2641 = CARTESIAN_POINT('',(175.,-105.81,-3.5E-02));
#2642 = VECTOR('',#2643,1.);
#2643 = DIRECTION('',(0.,-1.,0.));
#2644 = ORIENTED_EDGE('',*,*,#2437,.F.);
#2645 = ORIENTED_EDGE('',*,*,#2646,.F.);
#2646 = EDGE_CURVE('',#2616,#2438,#2647,.T.);
#2647 = LINE('',#2648,#2649);
#2648 = CARTESIAN_POINT('',(175.,-105.81,0.));
#2649 = VECTOR('',#2650,1.);
#2650 = DIRECTION('',(0.,-1.,0.));
#2651 = PLANE('',#2652);
#2652 = AXIS2_PLACEMENT_3D('',#2653,#2654,#2655);
#2653 = CARTESIAN_POINT('',(175.,-105.81,0.));
#2654 = DIRECTION('',(-1.,-0.,-0.));
#2655 = DIRECTION('',(0.,-1.,0.));
#2656 = ADVANCED_FACE('',(#2657),#2684,.F.);
#2657 = FACE_BOUND('',#2658,.F.);
#2658 = EDGE_LOOP('',(#2659,#2669,#2676,#2677));
#2659 = ORIENTED_EDGE('',*,*,#2660,.T.);
#2660 = EDGE_CURVE('',#2661,#2663,#2665,.T.);
#2661 = VERTEX_POINT('',#2662);
#2662 = CARTESIAN_POINT('',(171.947392,-110.89,0.));
#2663 = VERTEX_POINT('',#2664);
#2664 = CARTESIAN_POINT('',(171.947392,-110.89,-3.5E-02));
#2665 = LINE('',#2666,#2667);
#2666 = CARTESIAN_POINT('',(171.947392,-110.89,0.));
#2667 = VECTOR('',#2668,1.);
#2668 = DIRECTION('',(0.,0.,-1.));
#2669 = ORIENTED_EDGE('',*,*,#2670,.T.);
#2670 = EDGE_CURVE('',#2663,#2663,#2671,.T.);
#2671 = CIRCLE('',#2672,0.487392);
#2672 = AXIS2_PLACEMENT_3D('',#2673,#2674,#2675);
#2673 = CARTESIAN_POINT('',(171.46,-110.89,-3.5E-02));
#2674 = DIRECTION('',(0.,0.,1.));
#2675 = DIRECTION('',(1.,0.,-0.));
#2676 = ORIENTED_EDGE('',*,*,#2660,.F.);
#2677 = ORIENTED_EDGE('',*,*,#2678,.F.);
#2678 = EDGE_CURVE('',#2661,#2661,#2679,.T.);
#2679 = CIRCLE('',#2680,0.487392);
#2680 = AXIS2_PLACEMENT_3D('',#2681,#2682,#2683);
#2681 = CARTESIAN_POINT('',(171.46,-110.89,0.));
#2682 = DIRECTION('',(0.,0.,1.));
#2683 = DIRECTION('',(1.,0.,-0.));
#2684 = CYLINDRICAL_SURFACE('',#2685,0.487392);
#2685 = AXIS2_PLACEMENT_3D('',#2686,#2687,#2688);
#2686 = CARTESIAN_POINT('',(171.46,-110.89,0.));
#2687 = DIRECTION('',(0.,0.,1.));
#2688 = DIRECTION('',(1.,0.,-0.));
#2689 = ADVANCED_FACE('',(#2690),#2717,.F.);
#2690 = FACE_BOUND('',#2691,.F.);
#2691 = EDGE_LOOP('',(#2692,#2702,#2709,#2710));
#2692 = ORIENTED_EDGE('',*,*,#2693,.T.);
#2693 = EDGE_CURVE('',#2694,#2696,#2698,.T.);
#2694 = VERTEX_POINT('',#2695);
#2695 = CARTESIAN_POINT('',(174.387392,-105.81,0.));
#2696 = VERTEX_POINT('',#2697);
#2697 = CARTESIAN_POINT('',(174.387392,-105.81,-3.5E-02));
#2698 = LINE('',#2699,#2700);
#2699 = CARTESIAN_POINT('',(174.387392,-105.81,0.));
#2700 = VECTOR('',#2701,1.);
#2701 = DIRECTION('',(0.,0.,-1.));
#2702 = ORIENTED_EDGE('',*,*,#2703,.T.);
#2703 = EDGE_CURVE('',#2696,#2696,#2704,.T.);
#2704 = CIRCLE('',#2705,0.387392);
#2705 = AXIS2_PLACEMENT_3D('',#2706,#2707,#2708);
#2706 = CARTESIAN_POINT('',(174.,-105.81,-3.5E-02));
#2707 = DIRECTION('',(0.,0.,1.));
#2708 = DIRECTION('',(1.,0.,-0.));
#2709 = ORIENTED_EDGE('',*,*,#2693,.F.);
#2710 = ORIENTED_EDGE('',*,*,#2711,.F.);
#2711 = EDGE_CURVE('',#2694,#2694,#2712,.T.);
#2712 = CIRCLE('',#2713,0.387392);
#2713 = AXIS2_PLACEMENT_3D('',#2714,#2715,#2716);
#2714 = CARTESIAN_POINT('',(174.,-105.81,0.));
#2715 = DIRECTION('',(0.,0.,1.));
#2716 = DIRECTION('',(1.,0.,-0.));
#2717 = CYLINDRICAL_SURFACE('',#2718,0.387392);
#2718 = AXIS2_PLACEMENT_3D('',#2719,#2720,#2721);
#2719 = CARTESIAN_POINT('',(174.,-105.81,0.));
#2720 = DIRECTION('',(0.,0.,1.));
#2721 = DIRECTION('',(1.,0.,-0.));
#2722 = ADVANCED_FACE('',(#2723,#2732,#2735),#2738,.F.);
#2723 = FACE_BOUND('',#2724,.F.);
#2724 = EDGE_LOOP('',(#2725,#2726,#2727,#2728,#2729,#2730,#2731));
#2725 = ORIENTED_EDGE('',*,*,#2464,.T.);
#2726 = ORIENTED_EDGE('',*,*,#2496,.T.);
#2727 = ORIENTED_EDGE('',*,*,#2528,.T.);
#2728 = ORIENTED_EDGE('',*,*,#2560,.T.);
#2729 = ORIENTED_EDGE('',*,*,#2591,.T.);
#2730 = ORIENTED_EDGE('',*,*,#2623,.T.);
#2731 = ORIENTED_EDGE('',*,*,#2646,.T.);
#2732 = FACE_BOUND('',#2733,.F.);
#2733 = EDGE_LOOP('',(#2734));
#2734 = ORIENTED_EDGE('',*,*,#2678,.T.);
#2735 = FACE_BOUND('',#2736,.F.);
#2736 = EDGE_LOOP('',(#2737));
#2737 = ORIENTED_EDGE('',*,*,#2711,.T.);
#2738 = PLANE('',#2739);
#2739 = AXIS2_PLACEMENT_3D('',#2740,#2741,#2742);
#2740 = CARTESIAN_POINT('',(0.,0.,0.));
#2741 = DIRECTION('',(-0.,-0.,-1.));
#2742 = DIRECTION('',(-1.,0.,0.));
#2743 = ADVANCED_FACE('',(#2744,#2753,#2756),#2759,.T.);
#2744 = FACE_BOUND('',#2745,.T.);
#2745 = EDGE_LOOP('',(#2746,#2747,#2748,#2749,#2750,#2751,#2752));
#2746 = ORIENTED_EDGE('',*,*,#2447,.T.);
#2747 = ORIENTED_EDGE('',*,*,#2480,.T.);
#2748 = ORIENTED_EDGE('',*,*,#2511,.T.);
#2749 = ORIENTED_EDGE('',*,*,#2544,.T.);
#2750 = ORIENTED_EDGE('',*,*,#2575,.T.);
#2751 = ORIENTED_EDGE('',*,*,#2606,.T.);
#2752 = ORIENTED_EDGE('',*,*,#2639,.T.);
#2753 = FACE_BOUND('',#2754,.T.);
#2754 = EDGE_LOOP('',(#2755));
#2755 = ORIENTED_EDGE('',*,*,#2670,.T.);
#2756 = FACE_BOUND('',#2757,.T.);
#2757 = EDGE_LOOP('',(#2758));
#2758 = ORIENTED_EDGE('',*,*,#2703,.T.);
#2759 = PLANE('',#2760);
#2760 = AXIS2_PLACEMENT_3D('',#2761,#2762,#2763);
#2761 = CARTESIAN_POINT('',(0.,0.,-3.5E-02));
#2762 = DIRECTION('',(-0.,-0.,-1.));
#2763 = DIRECTION('',(-1.,0.,0.));
#2764 = MANIFOLD_SOLID_BREP('',#2765);
#2765 = CLOSED_SHELL('',(#2766,#2808,#2839,#2870,#2903,#2934,#2967,#2998
    ,#3031,#3062,#3095,#3126,#3159,#3190,#3221,#3252,#3283,#3305,#3338,
    #3371,#3404,#3438));
#2766 = ADVANCED_FACE('',(#2767),#2803,.T.);
#2767 = FACE_BOUND('',#2768,.F.);
#2768 = EDGE_LOOP('',(#2769,#2779,#2788,#2796));
#2769 = ORIENTED_EDGE('',*,*,#2770,.T.);
#2770 = EDGE_CURVE('',#2771,#2773,#2775,.T.);
#2771 = VERTEX_POINT('',#2772);
#2772 = CARTESIAN_POINT('',(168.92,-99.19,0.));
#2773 = VERTEX_POINT('',#2774);
#2774 = CARTESIAN_POINT('',(168.92,-99.19,-3.5E-02));
#2775 = LINE('',#2776,#2777);
#2776 = CARTESIAN_POINT('',(168.92,-99.19,0.));
#2777 = VECTOR('',#2778,1.);
#2778 = DIRECTION('',(0.,0.,-1.));
#2779 = ORIENTED_EDGE('',*,*,#2780,.T.);
#2780 = EDGE_CURVE('',#2773,#2781,#2783,.T.);
#2781 = VERTEX_POINT('',#2782);
#2782 = CARTESIAN_POINT('',(168.92,-97.19,-3.5E-02));
#2783 = CIRCLE('',#2784,1.);
#2784 = AXIS2_PLACEMENT_3D('',#2785,#2786,#2787);
#2785 = CARTESIAN_POINT('',(168.91999974049,-98.19,-3.5E-02));
#2786 = DIRECTION('',(0.,0.,-1.));
#2787 = DIRECTION('',(2.595065211608E-07,-1.,0.));
#2788 = ORIENTED_EDGE('',*,*,#2789,.F.);
#2789 = EDGE_CURVE('',#2790,#2781,#2792,.T.);
#2790 = VERTEX_POINT('',#2791);
#2791 = CARTESIAN_POINT('',(168.92,-97.19,0.));
#2792 = LINE('',#2793,#2794);
#2793 = CARTESIAN_POINT('',(168.92,-97.19,0.));
#2794 = VECTOR('',#2795,1.);
#2795 = DIRECTION('',(0.,0.,-1.));
#2796 = ORIENTED_EDGE('',*,*,#2797,.F.);
#2797 = EDGE_CURVE('',#2771,#2790,#2798,.T.);
#2798 = CIRCLE('',#2799,1.);
#2799 = AXIS2_PLACEMENT_3D('',#2800,#2801,#2802);
#2800 = CARTESIAN_POINT('',(168.91999974049,-98.19,0.));
#2801 = DIRECTION('',(0.,0.,-1.));
#2802 = DIRECTION('',(2.595065211608E-07,-1.,0.));
#2803 = CYLINDRICAL_SURFACE('',#2804,1.);
#2804 = AXIS2_PLACEMENT_3D('',#2805,#2806,#2807);
#2805 = CARTESIAN_POINT('',(168.91999974049,-98.19,0.));
#2806 = DIRECTION('',(-0.,-0.,1.));
#2807 = DIRECTION('',(2.595065211608E-07,-1.,0.));
#2808 = ADVANCED_FACE('',(#2809),#2834,.F.);
#2809 = FACE_BOUND('',#2810,.F.);
#2810 = EDGE_LOOP('',(#2811,#2812,#2820,#2828));
#2811 = ORIENTED_EDGE('',*,*,#2789,.T.);
#2812 = ORIENTED_EDGE('',*,*,#2813,.T.);
#2813 = EDGE_CURVE('',#2781,#2814,#2816,.T.);
#2814 = VERTEX_POINT('',#2815);
#2815 = CARTESIAN_POINT('',(174.,-97.19,-3.5E-02));
#2816 = LINE('',#2817,#2818);
#2817 = CARTESIAN_POINT('',(168.92,-97.19,-3.5E-02));
#2818 = VECTOR('',#2819,1.);
#2819 = DIRECTION('',(1.,0.,0.));
#2820 = ORIENTED_EDGE('',*,*,#2821,.F.);
#2821 = EDGE_CURVE('',#2822,#2814,#2824,.T.);
#2822 = VERTEX_POINT('',#2823);
#2823 = CARTESIAN_POINT('',(174.,-97.19,0.));
#2824 = LINE('',#2825,#2826);
#2825 = CARTESIAN_POINT('',(174.,-97.19,0.));
#2826 = VECTOR('',#2827,1.);
#2827 = DIRECTION('',(0.,0.,-1.));
#2828 = ORIENTED_EDGE('',*,*,#2829,.F.);
#2829 = EDGE_CURVE('',#2790,#2822,#2830,.T.);
#2830 = LINE('',#2831,#2832);
#2831 = CARTESIAN_POINT('',(168.92,-97.19,0.));
#2832 = VECTOR('',#2833,1.);
#2833 = DIRECTION('',(1.,0.,0.));
#2834 = PLANE('',#2835);
#2835 = AXIS2_PLACEMENT_3D('',#2836,#2837,#2838);
#2836 = CARTESIAN_POINT('',(168.92,-97.19,0.));
#2837 = DIRECTION('',(0.,-1.,0.));
#2838 = DIRECTION('',(1.,0.,0.));
#2839 = ADVANCED_FACE('',(#2840),#2865,.F.);
#2840 = FACE_BOUND('',#2841,.F.);
#2841 = EDGE_LOOP('',(#2842,#2843,#2851,#2859));
#2842 = ORIENTED_EDGE('',*,*,#2821,.T.);
#2843 = ORIENTED_EDGE('',*,*,#2844,.T.);
#2844 = EDGE_CURVE('',#2814,#2845,#2847,.T.);
#2845 = VERTEX_POINT('',#2846);
#2846 = CARTESIAN_POINT('',(175.69,-97.19,-3.5E-02));
#2847 = LINE('',#2848,#2849);
#2848 = CARTESIAN_POINT('',(174.,-97.19,-3.5E-02));
#2849 = VECTOR('',#2850,1.);
#2850 = DIRECTION('',(1.,0.,0.));
#2851 = ORIENTED_EDGE('',*,*,#2852,.F.);
#2852 = EDGE_CURVE('',#2853,#2845,#2855,.T.);
#2853 = VERTEX_POINT('',#2854);
#2854 = CARTESIAN_POINT('',(175.69,-97.19,0.));
#2855 = LINE('',#2856,#2857);
#2856 = CARTESIAN_POINT('',(175.69,-97.19,0.));
#2857 = VECTOR('',#2858,1.);
#2858 = DIRECTION('',(0.,0.,-1.));
#2859 = ORIENTED_EDGE('',*,*,#2860,.F.);
#2860 = EDGE_CURVE('',#2822,#2853,#2861,.T.);
#2861 = LINE('',#2862,#2863);
#2862 = CARTESIAN_POINT('',(174.,-97.19,0.));
#2863 = VECTOR('',#2864,1.);
#2864 = DIRECTION('',(1.,0.,0.));
#2865 = PLANE('',#2866);
#2866 = AXIS2_PLACEMENT_3D('',#2867,#2868,#2869);
#2867 = CARTESIAN_POINT('',(174.,-97.19,0.));
#2868 = DIRECTION('',(0.,-1.,0.));
#2869 = DIRECTION('',(1.,0.,0.));
#2870 = ADVANCED_FACE('',(#2871),#2898,.T.);
#2871 = FACE_BOUND('',#2872,.F.);
#2872 = EDGE_LOOP('',(#2873,#2874,#2883,#2891));
#2873 = ORIENTED_EDGE('',*,*,#2852,.T.);
#2874 = ORIENTED_EDGE('',*,*,#2875,.T.);
#2875 = EDGE_CURVE('',#2845,#2876,#2878,.T.);
#2876 = VERTEX_POINT('',#2877);
#2877 = CARTESIAN_POINT('',(176.397107,-97.482893,-3.5E-02));
#2878 = CIRCLE('',#2879,1.000004594775);
#2879 = AXIS2_PLACEMENT_3D('',#2880,#2881,#2882);
#2880 = CARTESIAN_POINT('',(175.68999853441,-98.19000459477,-3.5E-02));
#2881 = DIRECTION('',(0.,0.,-1.));
#2882 = DIRECTION('',(1.465582103826E-06,0.999999999999,0.));
#2883 = ORIENTED_EDGE('',*,*,#2884,.F.);
#2884 = EDGE_CURVE('',#2885,#2876,#2887,.T.);
#2885 = VERTEX_POINT('',#2886);
#2886 = CARTESIAN_POINT('',(176.397107,-97.482893,0.));
#2887 = LINE('',#2888,#2889);
#2888 = CARTESIAN_POINT('',(176.397107,-97.482893,0.));
#2889 = VECTOR('',#2890,1.);
#2890 = DIRECTION('',(0.,0.,-1.));
#2891 = ORIENTED_EDGE('',*,*,#2892,.F.);
#2892 = EDGE_CURVE('',#2853,#2885,#2893,.T.);
#2893 = CIRCLE('',#2894,1.000004594775);
#2894 = AXIS2_PLACEMENT_3D('',#2895,#2896,#2897);
#2895 = CARTESIAN_POINT('',(175.68999853441,-98.19000459477,0.));
#2896 = DIRECTION('',(0.,0.,-1.));
#2897 = DIRECTION('',(1.465582103826E-06,0.999999999999,0.));
#2898 = CYLINDRICAL_SURFACE('',#2899,1.000004594775);
#2899 = AXIS2_PLACEMENT_3D('',#2900,#2901,#2902);
#2900 = CARTESIAN_POINT('',(175.68999853441,-98.19000459477,0.));
#2901 = DIRECTION('',(-0.,-0.,1.));
#2902 = DIRECTION('',(1.465582103826E-06,0.999999999999,0.));
#2903 = ADVANCED_FACE('',(#2904),#2929,.F.);
#2904 = FACE_BOUND('',#2905,.F.);
#2905 = EDGE_LOOP('',(#2906,#2907,#2915,#2923));
#2906 = ORIENTED_EDGE('',*,*,#2884,.T.);
#2907 = ORIENTED_EDGE('',*,*,#2908,.T.);
#2908 = EDGE_CURVE('',#2876,#2909,#2911,.T.);
#2909 = VERTEX_POINT('',#2910);
#2910 = CARTESIAN_POINT('',(178.207107,-99.292894,-3.5E-02));
#2911 = LINE('',#2912,#2913);
#2912 = CARTESIAN_POINT('',(176.397107,-97.482893,-3.5E-02));
#2913 = VECTOR('',#2914,1.);
#2914 = DIRECTION('',(0.707106585853,-0.70710697652,0.));
#2915 = ORIENTED_EDGE('',*,*,#2916,.F.);
#2916 = EDGE_CURVE('',#2917,#2909,#2919,.T.);
#2917 = VERTEX_POINT('',#2918);
#2918 = CARTESIAN_POINT('',(178.207107,-99.292894,0.));
#2919 = LINE('',#2920,#2921);
#2920 = CARTESIAN_POINT('',(178.207107,-99.292894,0.));
#2921 = VECTOR('',#2922,1.);
#2922 = DIRECTION('',(0.,0.,-1.));
#2923 = ORIENTED_EDGE('',*,*,#2924,.F.);
#2924 = EDGE_CURVE('',#2885,#2917,#2925,.T.);
#2925 = LINE('',#2926,#2927);
#2926 = CARTESIAN_POINT('',(176.397107,-97.482893,0.));
#2927 = VECTOR('',#2928,1.);
#2928 = DIRECTION('',(0.707106585853,-0.70710697652,0.));
#2929 = PLANE('',#2930);
#2930 = AXIS2_PLACEMENT_3D('',#2931,#2932,#2933);
#2931 = CARTESIAN_POINT('',(176.397107,-97.482893,0.));
#2932 = DIRECTION('',(-0.70710697652,-0.707106585853,-0.));
#2933 = DIRECTION('',(0.707106585853,-0.70710697652,0.));
#2934 = ADVANCED_FACE('',(#2935),#2962,.T.);
#2935 = FACE_BOUND('',#2936,.F.);
#2936 = EDGE_LOOP('',(#2937,#2938,#2947,#2955));
#2937 = ORIENTED_EDGE('',*,*,#2916,.T.);
#2938 = ORIENTED_EDGE('',*,*,#2939,.T.);
#2939 = EDGE_CURVE('',#2909,#2940,#2942,.T.);
#2940 = VERTEX_POINT('',#2941);
#2941 = CARTESIAN_POINT('',(178.5,-100.,-3.5E-02));
#2942 = CIRCLE('',#2943,0.99999265943);
#2943 = AXIS2_PLACEMENT_3D('',#2944,#2945,#2946);
#2944 = CARTESIAN_POINT('',(177.50000734057,-99.9999975218,-3.5E-02));
#2945 = DIRECTION('',(0.,0.,-1.));
#2946 = DIRECTION('',(0.707104849979,0.707108712388,0.));
#2947 = ORIENTED_EDGE('',*,*,#2948,.F.);
#2948 = EDGE_CURVE('',#2949,#2940,#2951,.T.);
#2949 = VERTEX_POINT('',#2950);
#2950 = CARTESIAN_POINT('',(178.5,-100.,0.));
#2951 = LINE('',#2952,#2953);
#2952 = CARTESIAN_POINT('',(178.5,-100.,0.));
#2953 = VECTOR('',#2954,1.);
#2954 = DIRECTION('',(0.,0.,-1.));
#2955 = ORIENTED_EDGE('',*,*,#2956,.F.);
#2956 = EDGE_CURVE('',#2917,#2949,#2957,.T.);
#2957 = CIRCLE('',#2958,0.99999265943);
#2958 = AXIS2_PLACEMENT_3D('',#2959,#2960,#2961);
#2959 = CARTESIAN_POINT('',(177.50000734057,-99.9999975218,0.));
#2960 = DIRECTION('',(0.,0.,-1.));
#2961 = DIRECTION('',(0.707104849979,0.707108712388,0.));
#2962 = CYLINDRICAL_SURFACE('',#2963,0.99999265943);
#2963 = AXIS2_PLACEMENT_3D('',#2964,#2965,#2966);
#2964 = CARTESIAN_POINT('',(177.50000734057,-99.9999975218,0.));
#2965 = DIRECTION('',(-0.,-0.,1.));
#2966 = DIRECTION('',(0.707104849979,0.707108712388,0.));
#2967 = ADVANCED_FACE('',(#2968),#2993,.F.);
#2968 = FACE_BOUND('',#2969,.F.);
#2969 = EDGE_LOOP('',(#2970,#2971,#2979,#2987));
#2970 = ORIENTED_EDGE('',*,*,#2948,.T.);
#2971 = ORIENTED_EDGE('',*,*,#2972,.T.);
#2972 = EDGE_CURVE('',#2940,#2973,#2975,.T.);
#2973 = VERTEX_POINT('',#2974);
#2974 = CARTESIAN_POINT('',(178.5,-118.7,-3.5E-02));
#2975 = LINE('',#2976,#2977);
#2976 = CARTESIAN_POINT('',(178.5,-100.,-3.5E-02));
#2977 = VECTOR('',#2978,1.);
#2978 = DIRECTION('',(0.,-1.,0.));
#2979 = ORIENTED_EDGE('',*,*,#2980,.F.);
#2980 = EDGE_CURVE('',#2981,#2973,#2983,.T.);
#2981 = VERTEX_POINT('',#2982);
#2982 = CARTESIAN_POINT('',(178.5,-118.7,0.));
#2983 = LINE('',#2984,#2985);
#2984 = CARTESIAN_POINT('',(178.5,-118.7,0.));
#2985 = VECTOR('',#2986,1.);
#2986 = DIRECTION('',(0.,0.,-1.));
#2987 = ORIENTED_EDGE('',*,*,#2988,.F.);
#2988 = EDGE_CURVE('',#2949,#2981,#2989,.T.);
#2989 = LINE('',#2990,#2991);
#2990 = CARTESIAN_POINT('',(178.5,-100.,0.));
#2991 = VECTOR('',#2992,1.);
#2992 = DIRECTION('',(0.,-1.,0.));
#2993 = PLANE('',#2994);
#2994 = AXIS2_PLACEMENT_3D('',#2995,#2996,#2997);
#2995 = CARTESIAN_POINT('',(178.5,-100.,0.));
#2996 = DIRECTION('',(-1.,-0.,-0.));
#2997 = DIRECTION('',(0.,-1.,0.));
#2998 = ADVANCED_FACE('',(#2999),#3026,.T.);
#2999 = FACE_BOUND('',#3000,.F.);
#3000 = EDGE_LOOP('',(#3001,#3002,#3011,#3019));
#3001 = ORIENTED_EDGE('',*,*,#2980,.T.);
#3002 = ORIENTED_EDGE('',*,*,#3003,.T.);
#3003 = EDGE_CURVE('',#2973,#3004,#3006,.T.);
#3004 = VERTEX_POINT('',#3005);
#3005 = CARTESIAN_POINT('',(178.207107,-119.407107,-3.5E-02));
#3006 = CIRCLE('',#3007,1.000004594775);
#3007 = AXIS2_PLACEMENT_3D('',#3008,#3009,#3010);
#3008 = CARTESIAN_POINT('',(177.49999540522,-118.6999985344,-3.5E-02));
#3009 = DIRECTION('',(0.,0.,-1.));
#3010 = DIRECTION('',(0.999999999999,-1.465582146458E-06,0.));
#3011 = ORIENTED_EDGE('',*,*,#3012,.F.);
#3012 = EDGE_CURVE('',#3013,#3004,#3015,.T.);
#3013 = VERTEX_POINT('',#3014);
#3014 = CARTESIAN_POINT('',(178.207107,-119.407107,0.));
#3015 = LINE('',#3016,#3017);
#3016 = CARTESIAN_POINT('',(178.207107,-119.407107,0.));
#3017 = VECTOR('',#3018,1.);
#3018 = DIRECTION('',(0.,0.,-1.));
#3019 = ORIENTED_EDGE('',*,*,#3020,.F.);
#3020 = EDGE_CURVE('',#2981,#3013,#3021,.T.);
#3021 = CIRCLE('',#3022,1.000004594775);
#3022 = AXIS2_PLACEMENT_3D('',#3023,#3024,#3025);
#3023 = CARTESIAN_POINT('',(177.49999540522,-118.6999985344,0.));
#3024 = DIRECTION('',(0.,0.,-1.));
#3025 = DIRECTION('',(0.999999999999,-1.465582146458E-06,0.));
#3026 = CYLINDRICAL_SURFACE('',#3027,1.000004594775);
#3027 = AXIS2_PLACEMENT_3D('',#3028,#3029,#3030);
#3028 = CARTESIAN_POINT('',(177.49999540522,-118.6999985344,0.));
#3029 = DIRECTION('',(-0.,-0.,1.));
#3030 = DIRECTION('',(0.999999999999,-1.465582146458E-06,0.));
#3031 = ADVANCED_FACE('',(#3032),#3057,.F.);
#3032 = FACE_BOUND('',#3033,.F.);
#3033 = EDGE_LOOP('',(#3034,#3035,#3043,#3051));
#3034 = ORIENTED_EDGE('',*,*,#3012,.T.);
#3035 = ORIENTED_EDGE('',*,*,#3036,.T.);
#3036 = EDGE_CURVE('',#3004,#3037,#3039,.T.);
#3037 = VERTEX_POINT('',#3038);
#3038 = CARTESIAN_POINT('',(170.293107,-127.321107,-3.5E-02));
#3039 = LINE('',#3040,#3041);
#3040 = CARTESIAN_POINT('',(178.207107,-119.407107,-3.5E-02));
#3041 = VECTOR('',#3042,1.);
#3042 = DIRECTION('',(-0.707106781187,-0.707106781187,0.));
#3043 = ORIENTED_EDGE('',*,*,#3044,.F.);
#3044 = EDGE_CURVE('',#3045,#3037,#3047,.T.);
#3045 = VERTEX_POINT('',#3046);
#3046 = CARTESIAN_POINT('',(170.293107,-127.321107,0.));
#3047 = LINE('',#3048,#3049);
#3048 = CARTESIAN_POINT('',(170.293107,-127.321107,0.));
#3049 = VECTOR('',#3050,1.);
#3050 = DIRECTION('',(0.,0.,-1.));
#3051 = ORIENTED_EDGE('',*,*,#3052,.F.);
#3052 = EDGE_CURVE('',#3013,#3045,#3053,.T.);
#3053 = LINE('',#3054,#3055);
#3054 = CARTESIAN_POINT('',(178.207107,-119.407107,0.));
#3055 = VECTOR('',#3056,1.);
#3056 = DIRECTION('',(-0.707106781187,-0.707106781187,0.));
#3057 = PLANE('',#3058);
#3058 = AXIS2_PLACEMENT_3D('',#3059,#3060,#3061);
#3059 = CARTESIAN_POINT('',(178.207107,-119.407107,0.));
#3060 = DIRECTION('',(-0.707106781187,0.707106781187,0.));
#3061 = DIRECTION('',(-0.707106781187,-0.707106781187,0.));
#3062 = ADVANCED_FACE('',(#3063),#3090,.T.);
#3063 = FACE_BOUND('',#3064,.F.);
#3064 = EDGE_LOOP('',(#3065,#3066,#3075,#3083));
#3065 = ORIENTED_EDGE('',*,*,#3044,.T.);
#3066 = ORIENTED_EDGE('',*,*,#3067,.T.);
#3067 = EDGE_CURVE('',#3037,#3068,#3070,.T.);
#3068 = VERTEX_POINT('',#3069);
#3069 = CARTESIAN_POINT('',(169.586,-127.614,-3.5E-02));
#3070 = CIRCLE('',#3071,1.000004086185);
#3071 = AXIS2_PLACEMENT_3D('',#3072,#3073,#3074);
#3072 = CARTESIAN_POINT('',(169.58599874507,-126.6139959138,-3.5E-02));
#3073 = DIRECTION('',(0.,0.,-1.));
#3074 = DIRECTION('',(0.707105365561,-0.707108196809,0.));
#3075 = ORIENTED_EDGE('',*,*,#3076,.F.);
#3076 = EDGE_CURVE('',#3077,#3068,#3079,.T.);
#3077 = VERTEX_POINT('',#3078);
#3078 = CARTESIAN_POINT('',(169.586,-127.614,0.));
#3079 = LINE('',#3080,#3081);
#3080 = CARTESIAN_POINT('',(169.586,-127.614,0.));
#3081 = VECTOR('',#3082,1.);
#3082 = DIRECTION('',(0.,0.,-1.));
#3083 = ORIENTED_EDGE('',*,*,#3084,.F.);
#3084 = EDGE_CURVE('',#3045,#3077,#3085,.T.);
#3085 = CIRCLE('',#3086,1.000004086185);
#3086 = AXIS2_PLACEMENT_3D('',#3087,#3088,#3089);
#3087 = CARTESIAN_POINT('',(169.58599874507,-126.6139959138,0.));
#3088 = DIRECTION('',(0.,0.,-1.));
#3089 = DIRECTION('',(0.707105365561,-0.707108196809,0.));
#3090 = CYLINDRICAL_SURFACE('',#3091,1.000004086185);
#3091 = AXIS2_PLACEMENT_3D('',#3092,#3093,#3094);
#3092 = CARTESIAN_POINT('',(169.58599874507,-126.6139959138,0.));
#3093 = DIRECTION('',(-0.,-0.,1.));
#3094 = DIRECTION('',(0.707105365561,-0.707108196809,0.));
#3095 = ADVANCED_FACE('',(#3096),#3121,.F.);
#3096 = FACE_BOUND('',#3097,.F.);
#3097 = EDGE_LOOP('',(#3098,#3099,#3107,#3115));
#3098 = ORIENTED_EDGE('',*,*,#3076,.T.);
#3099 = ORIENTED_EDGE('',*,*,#3100,.T.);
#3100 = EDGE_CURVE('',#3068,#3101,#3103,.T.);
#3101 = VERTEX_POINT('',#3102);
#3102 = CARTESIAN_POINT('',(160.02,-127.614,-3.5E-02));
#3103 = LINE('',#3104,#3105);
#3104 = CARTESIAN_POINT('',(169.586,-127.614,-3.5E-02));
#3105 = VECTOR('',#3106,1.);
#3106 = DIRECTION('',(-1.,0.,0.));
#3107 = ORIENTED_EDGE('',*,*,#3108,.F.);
#3108 = EDGE_CURVE('',#3109,#3101,#3111,.T.);
#3109 = VERTEX_POINT('',#3110);
#3110 = CARTESIAN_POINT('',(160.02,-127.614,0.));
#3111 = LINE('',#3112,#3113);
#3112 = CARTESIAN_POINT('',(160.02,-127.614,0.));
#3113 = VECTOR('',#3114,1.);
#3114 = DIRECTION('',(0.,0.,-1.));
#3115 = ORIENTED_EDGE('',*,*,#3116,.F.);
#3116 = EDGE_CURVE('',#3077,#3109,#3117,.T.);
#3117 = LINE('',#3118,#3119);
#3118 = CARTESIAN_POINT('',(169.586,-127.614,0.));
#3119 = VECTOR('',#3120,1.);
#3120 = DIRECTION('',(-1.,0.,0.));
#3121 = PLANE('',#3122);
#3122 = AXIS2_PLACEMENT_3D('',#3123,#3124,#3125);
#3123 = CARTESIAN_POINT('',(169.586,-127.614,0.));
#3124 = DIRECTION('',(0.,1.,0.));
#3125 = DIRECTION('',(-1.,0.,0.));
#3126 = ADVANCED_FACE('',(#3127),#3154,.T.);
#3127 = FACE_BOUND('',#3128,.F.);
#3128 = EDGE_LOOP('',(#3129,#3130,#3139,#3147));
#3129 = ORIENTED_EDGE('',*,*,#3108,.T.);
#3130 = ORIENTED_EDGE('',*,*,#3131,.T.);
#3131 = EDGE_CURVE('',#3101,#3132,#3134,.T.);
#3132 = VERTEX_POINT('',#3133);
#3133 = CARTESIAN_POINT('',(160.02,-125.614,-3.5E-02));
#3134 = CIRCLE('',#3135,1.);
#3135 = AXIS2_PLACEMENT_3D('',#3136,#3137,#3138);
#3136 = CARTESIAN_POINT('',(160.01999974049,-126.614,-3.5E-02));
#3137 = DIRECTION('',(0.,0.,-1.));
#3138 = DIRECTION('',(2.595065495825E-07,-1.,0.));
#3139 = ORIENTED_EDGE('',*,*,#3140,.F.);
#3140 = EDGE_CURVE('',#3141,#3132,#3143,.T.);
#3141 = VERTEX_POINT('',#3142);
#3142 = CARTESIAN_POINT('',(160.02,-125.614,0.));
#3143 = LINE('',#3144,#3145);
#3144 = CARTESIAN_POINT('',(160.02,-125.614,0.));
#3145 = VECTOR('',#3146,1.);
#3146 = DIRECTION('',(0.,0.,-1.));
#3147 = ORIENTED_EDGE('',*,*,#3148,.F.);
#3148 = EDGE_CURVE('',#3109,#3141,#3149,.T.);
#3149 = CIRCLE('',#3150,1.);
#3150 = AXIS2_PLACEMENT_3D('',#3151,#3152,#3153);
#3151 = CARTESIAN_POINT('',(160.01999974049,-126.614,0.));
#3152 = DIRECTION('',(0.,0.,-1.));
#3153 = DIRECTION('',(2.595065495825E-07,-1.,0.));
#3154 = CYLINDRICAL_SURFACE('',#3155,1.);
#3155 = AXIS2_PLACEMENT_3D('',#3156,#3157,#3158);
#3156 = CARTESIAN_POINT('',(160.01999974049,-126.614,0.));
#3157 = DIRECTION('',(-0.,-0.,1.));
#3158 = DIRECTION('',(2.595065495825E-07,-1.,0.));
#3159 = ADVANCED_FACE('',(#3160),#3185,.F.);
#3160 = FACE_BOUND('',#3161,.F.);
#3161 = EDGE_LOOP('',(#3162,#3163,#3171,#3179));
#3162 = ORIENTED_EDGE('',*,*,#3140,.T.);
#3163 = ORIENTED_EDGE('',*,*,#3164,.T.);
#3164 = EDGE_CURVE('',#3132,#3165,#3167,.T.);
#3165 = VERTEX_POINT('',#3166);
#3166 = CARTESIAN_POINT('',(169.171786,-125.614,-3.5E-02));
#3167 = LINE('',#3168,#3169);
#3168 = CARTESIAN_POINT('',(160.02,-125.614,-3.5E-02));
#3169 = VECTOR('',#3170,1.);
#3170 = DIRECTION('',(1.,0.,0.));
#3171 = ORIENTED_EDGE('',*,*,#3172,.F.);
#3172 = EDGE_CURVE('',#3173,#3165,#3175,.T.);
#3173 = VERTEX_POINT('',#3174);
#3174 = CARTESIAN_POINT('',(169.171786,-125.614,0.));
#3175 = LINE('',#3176,#3177);
#3176 = CARTESIAN_POINT('',(169.171786,-125.614,0.));
#3177 = VECTOR('',#3178,1.);
#3178 = DIRECTION('',(0.,0.,-1.));
#3179 = ORIENTED_EDGE('',*,*,#3180,.F.);
#3180 = EDGE_CURVE('',#3141,#3173,#3181,.T.);
#3181 = LINE('',#3182,#3183);
#3182 = CARTESIAN_POINT('',(160.02,-125.614,0.));
#3183 = VECTOR('',#3184,1.);
#3184 = DIRECTION('',(1.,0.,0.));
#3185 = PLANE('',#3186);
#3186 = AXIS2_PLACEMENT_3D('',#3187,#3188,#3189);
#3187 = CARTESIAN_POINT('',(160.02,-125.614,0.));
#3188 = DIRECTION('',(0.,-1.,0.));
#3189 = DIRECTION('',(1.,0.,0.));
#3190 = ADVANCED_FACE('',(#3191),#3216,.F.);
#3191 = FACE_BOUND('',#3192,.F.);
#3192 = EDGE_LOOP('',(#3193,#3194,#3202,#3210));
#3193 = ORIENTED_EDGE('',*,*,#3172,.T.);
#3194 = ORIENTED_EDGE('',*,*,#3195,.T.);
#3195 = EDGE_CURVE('',#3165,#3196,#3198,.T.);
#3196 = VERTEX_POINT('',#3197);
#3197 = CARTESIAN_POINT('',(176.5,-118.285786,-3.5E-02));
#3198 = LINE('',#3199,#3200);
#3199 = CARTESIAN_POINT('',(169.171786,-125.614,-3.5E-02));
#3200 = VECTOR('',#3201,1.);
#3201 = DIRECTION('',(0.707106781187,0.707106781187,0.));
#3202 = ORIENTED_EDGE('',*,*,#3203,.F.);
#3203 = EDGE_CURVE('',#3204,#3196,#3206,.T.);
#3204 = VERTEX_POINT('',#3205);
#3205 = CARTESIAN_POINT('',(176.5,-118.285786,0.));
#3206 = LINE('',#3207,#3208);
#3207 = CARTESIAN_POINT('',(176.5,-118.285786,0.));
#3208 = VECTOR('',#3209,1.);
#3209 = DIRECTION('',(0.,0.,-1.));
#3210 = ORIENTED_EDGE('',*,*,#3211,.F.);
#3211 = EDGE_CURVE('',#3173,#3204,#3212,.T.);
#3212 = LINE('',#3213,#3214);
#3213 = CARTESIAN_POINT('',(169.171786,-125.614,0.));
#3214 = VECTOR('',#3215,1.);
#3215 = DIRECTION('',(0.707106781187,0.707106781187,0.));
#3216 = PLANE('',#3217);
#3217 = AXIS2_PLACEMENT_3D('',#3218,#3219,#3220);
#3218 = CARTESIAN_POINT('',(169.171786,-125.614,0.));
#3219 = DIRECTION('',(0.707106781187,-0.707106781187,0.));
#3220 = DIRECTION('',(0.707106781187,0.707106781187,0.));
#3221 = ADVANCED_FACE('',(#3222),#3247,.F.);
#3222 = FACE_BOUND('',#3223,.F.);
#3223 = EDGE_LOOP('',(#3224,#3225,#3233,#3241));
#3224 = ORIENTED_EDGE('',*,*,#3203,.T.);
#3225 = ORIENTED_EDGE('',*,*,#3226,.T.);
#3226 = EDGE_CURVE('',#3196,#3227,#3229,.T.);
#3227 = VERTEX_POINT('',#3228);
#3228 = CARTESIAN_POINT('',(176.5,-100.414213,-3.5E-02));
#3229 = LINE('',#3230,#3231);
#3230 = CARTESIAN_POINT('',(176.5,-118.285786,-3.5E-02));
#3231 = VECTOR('',#3232,1.);
#3232 = DIRECTION('',(0.,1.,0.));
#3233 = ORIENTED_EDGE('',*,*,#3234,.F.);
#3234 = EDGE_CURVE('',#3235,#3227,#3237,.T.);
#3235 = VERTEX_POINT('',#3236);
#3236 = CARTESIAN_POINT('',(176.5,-100.414213,0.));
#3237 = LINE('',#3238,#3239);
#3238 = CARTESIAN_POINT('',(176.5,-100.414213,0.));
#3239 = VECTOR('',#3240,1.);
#3240 = DIRECTION('',(0.,0.,-1.));
#3241 = ORIENTED_EDGE('',*,*,#3242,.F.);
#3242 = EDGE_CURVE('',#3204,#3235,#3243,.T.);
#3243 = LINE('',#3244,#3245);
#3244 = CARTESIAN_POINT('',(176.5,-118.285786,0.));
#3245 = VECTOR('',#3246,1.);
#3246 = DIRECTION('',(0.,1.,0.));
#3247 = PLANE('',#3248);
#3248 = AXIS2_PLACEMENT_3D('',#3249,#3250,#3251);
#3249 = CARTESIAN_POINT('',(176.5,-118.285786,0.));
#3250 = DIRECTION('',(1.,-0.,0.));
#3251 = DIRECTION('',(0.,1.,0.));
#3252 = ADVANCED_FACE('',(#3253),#3278,.F.);
#3253 = FACE_BOUND('',#3254,.F.);
#3254 = EDGE_LOOP('',(#3255,#3256,#3264,#3272));
#3255 = ORIENTED_EDGE('',*,*,#3234,.T.);
#3256 = ORIENTED_EDGE('',*,*,#3257,.T.);
#3257 = EDGE_CURVE('',#3227,#3258,#3260,.T.);
#3258 = VERTEX_POINT('',#3259);
#3259 = CARTESIAN_POINT('',(175.275786,-99.19,-3.5E-02));
#3260 = LINE('',#3261,#3262);
#3261 = CARTESIAN_POINT('',(176.5,-100.414213,-3.5E-02));
#3262 = VECTOR('',#3263,1.);
#3263 = DIRECTION('',(-0.707107069987,0.707106492386,0.));
#3264 = ORIENTED_EDGE('',*,*,#3265,.F.);
#3265 = EDGE_CURVE('',#3266,#3258,#3268,.T.);
#3266 = VERTEX_POINT('',#3267);
#3267 = CARTESIAN_POINT('',(175.275786,-99.19,0.));
#3268 = LINE('',#3269,#3270);
#3269 = CARTESIAN_POINT('',(175.275786,-99.19,0.));
#3270 = VECTOR('',#3271,1.);
#3271 = DIRECTION('',(0.,0.,-1.));
#3272 = ORIENTED_EDGE('',*,*,#3273,.F.);
#3273 = EDGE_CURVE('',#3235,#3266,#3274,.T.);
#3274 = LINE('',#3275,#3276);
#3275 = CARTESIAN_POINT('',(176.5,-100.414213,0.));
#3276 = VECTOR('',#3277,1.);
#3277 = DIRECTION('',(-0.707107069987,0.707106492386,0.));
#3278 = PLANE('',#3279);
#3279 = AXIS2_PLACEMENT_3D('',#3280,#3281,#3282);
#3280 = CARTESIAN_POINT('',(176.5,-100.414213,0.));
#3281 = DIRECTION('',(0.707106492386,0.707107069987,0.));
#3282 = DIRECTION('',(-0.707107069987,0.707106492386,0.));
#3283 = ADVANCED_FACE('',(#3284),#3300,.F.);
#3284 = FACE_BOUND('',#3285,.F.);
#3285 = EDGE_LOOP('',(#3286,#3287,#3293,#3294));
#3286 = ORIENTED_EDGE('',*,*,#3265,.T.);
#3287 = ORIENTED_EDGE('',*,*,#3288,.T.);
#3288 = EDGE_CURVE('',#3258,#2773,#3289,.T.);
#3289 = LINE('',#3290,#3291);
#3290 = CARTESIAN_POINT('',(175.275786,-99.19,-3.5E-02));
#3291 = VECTOR('',#3292,1.);
#3292 = DIRECTION('',(-1.,0.,0.));
#3293 = ORIENTED_EDGE('',*,*,#2770,.F.);
#3294 = ORIENTED_EDGE('',*,*,#3295,.F.);
#3295 = EDGE_CURVE('',#3266,#2771,#3296,.T.);
#3296 = LINE('',#3297,#3298);
#3297 = CARTESIAN_POINT('',(175.275786,-99.19,0.));
#3298 = VECTOR('',#3299,1.);
#3299 = DIRECTION('',(-1.,0.,0.));
#3300 = PLANE('',#3301);
#3301 = AXIS2_PLACEMENT_3D('',#3302,#3303,#3304);
#3302 = CARTESIAN_POINT('',(175.275786,-99.19,0.));
#3303 = DIRECTION('',(0.,1.,0.));
#3304 = DIRECTION('',(-1.,0.,0.));
#3305 = ADVANCED_FACE('',(#3306),#3333,.F.);
#3306 = FACE_BOUND('',#3307,.F.);
#3307 = EDGE_LOOP('',(#3308,#3318,#3325,#3326));
#3308 = ORIENTED_EDGE('',*,*,#3309,.T.);
#3309 = EDGE_CURVE('',#3310,#3312,#3314,.T.);
#3310 = VERTEX_POINT('',#3311);
#3311 = CARTESIAN_POINT('',(160.451891,-126.614,0.));
#3312 = VERTEX_POINT('',#3313);
#3313 = CARTESIAN_POINT('',(160.451891,-126.614,-3.5E-02));
#3314 = LINE('',#3315,#3316);
#3315 = CARTESIAN_POINT('',(160.451891,-126.614,0.));
#3316 = VECTOR('',#3317,1.);
#3317 = DIRECTION('',(0.,0.,-1.));
#3318 = ORIENTED_EDGE('',*,*,#3319,.T.);
#3319 = EDGE_CURVE('',#3312,#3312,#3320,.T.);
#3320 = CIRCLE('',#3321,0.431891);
#3321 = AXIS2_PLACEMENT_3D('',#3322,#3323,#3324);
#3322 = CARTESIAN_POINT('',(160.02,-126.614,-3.5E-02));
#3323 = DIRECTION('',(0.,0.,1.));
#3324 = DIRECTION('',(1.,0.,-0.));
#3325 = ORIENTED_EDGE('',*,*,#3309,.F.);
#3326 = ORIENTED_EDGE('',*,*,#3327,.F.);
#3327 = EDGE_CURVE('',#3310,#3310,#3328,.T.);
#3328 = CIRCLE('',#3329,0.431891);
#3329 = AXIS2_PLACEMENT_3D('',#3330,#3331,#3332);
#3330 = CARTESIAN_POINT('',(160.02,-126.614,0.));
#3331 = DIRECTION('',(0.,0.,1.));
#3332 = DIRECTION('',(1.,0.,-0.));
#3333 = CYLINDRICAL_SURFACE('',#3334,0.431891);
#3334 = AXIS2_PLACEMENT_3D('',#3335,#3336,#3337);
#3335 = CARTESIAN_POINT('',(160.02,-126.614,0.));
#3336 = DIRECTION('',(0.,0.,1.));
#3337 = DIRECTION('',(1.,0.,-0.));
#3338 = ADVANCED_FACE('',(#3339),#3366,.F.);
#3339 = FACE_BOUND('',#3340,.F.);
#3340 = EDGE_LOOP('',(#3341,#3351,#3358,#3359));
#3341 = ORIENTED_EDGE('',*,*,#3342,.T.);
#3342 = EDGE_CURVE('',#3343,#3345,#3347,.T.);
#3343 = VERTEX_POINT('',#3344);
#3344 = CARTESIAN_POINT('',(169.307392,-98.19,0.));
#3345 = VERTEX_POINT('',#3346);
#3346 = CARTESIAN_POINT('',(169.307392,-98.19,-3.5E-02));
#3347 = LINE('',#3348,#3349);
#3348 = CARTESIAN_POINT('',(169.307392,-98.19,0.));
#3349 = VECTOR('',#3350,1.);
#3350 = DIRECTION('',(0.,0.,-1.));
#3351 = ORIENTED_EDGE('',*,*,#3352,.T.);
#3352 = EDGE_CURVE('',#3345,#3345,#3353,.T.);
#3353 = CIRCLE('',#3354,0.387392);
#3354 = AXIS2_PLACEMENT_3D('',#3355,#3356,#3357);
#3355 = CARTESIAN_POINT('',(168.92,-98.19,-3.5E-02));
#3356 = DIRECTION('',(0.,0.,1.));
#3357 = DIRECTION('',(1.,0.,-0.));
#3358 = ORIENTED_EDGE('',*,*,#3342,.F.);
#3359 = ORIENTED_EDGE('',*,*,#3360,.F.);
#3360 = EDGE_CURVE('',#3343,#3343,#3361,.T.);
#3361 = CIRCLE('',#3362,0.387392);
#3362 = AXIS2_PLACEMENT_3D('',#3363,#3364,#3365);
#3363 = CARTESIAN_POINT('',(168.92,-98.19,0.));
#3364 = DIRECTION('',(0.,0.,1.));
#3365 = DIRECTION('',(1.,0.,-0.));
#3366 = CYLINDRICAL_SURFACE('',#3367,0.387392);
#3367 = AXIS2_PLACEMENT_3D('',#3368,#3369,#3370);
#3368 = CARTESIAN_POINT('',(168.92,-98.19,0.));
#3369 = DIRECTION('',(0.,0.,1.));
#3370 = DIRECTION('',(1.,0.,-0.));
#3371 = ADVANCED_FACE('',(#3372),#3399,.F.);
#3372 = FACE_BOUND('',#3373,.F.);
#3373 = EDGE_LOOP('',(#3374,#3384,#3391,#3392));
#3374 = ORIENTED_EDGE('',*,*,#3375,.T.);
#3375 = EDGE_CURVE('',#3376,#3378,#3380,.T.);
#3376 = VERTEX_POINT('',#3377);
#3377 = CARTESIAN_POINT('',(174.387392,-98.19,0.));
#3378 = VERTEX_POINT('',#3379);
#3379 = CARTESIAN_POINT('',(174.387392,-98.19,-3.5E-02));
#3380 = LINE('',#3381,#3382);
#3381 = CARTESIAN_POINT('',(174.387392,-98.19,0.));
#3382 = VECTOR('',#3383,1.);
#3383 = DIRECTION('',(0.,0.,-1.));
#3384 = ORIENTED_EDGE('',*,*,#3385,.T.);
#3385 = EDGE_CURVE('',#3378,#3378,#3386,.T.);
#3386 = CIRCLE('',#3387,0.387392);
#3387 = AXIS2_PLACEMENT_3D('',#3388,#3389,#3390);
#3388 = CARTESIAN_POINT('',(174.,-98.19,-3.5E-02));
#3389 = DIRECTION('',(0.,0.,1.));
#3390 = DIRECTION('',(1.,0.,-0.));
#3391 = ORIENTED_EDGE('',*,*,#3375,.F.);
#3392 = ORIENTED_EDGE('',*,*,#3393,.F.);
#3393 = EDGE_CURVE('',#3376,#3376,#3394,.T.);
#3394 = CIRCLE('',#3395,0.387392);
#3395 = AXIS2_PLACEMENT_3D('',#3396,#3397,#3398);
#3396 = CARTESIAN_POINT('',(174.,-98.19,0.));
#3397 = DIRECTION('',(0.,0.,1.));
#3398 = DIRECTION('',(1.,0.,-0.));
#3399 = CYLINDRICAL_SURFACE('',#3400,0.387392);
#3400 = AXIS2_PLACEMENT_3D('',#3401,#3402,#3403);
#3401 = CARTESIAN_POINT('',(174.,-98.19,0.));
#3402 = DIRECTION('',(0.,0.,1.));
#3403 = DIRECTION('',(1.,0.,-0.));
#3404 = ADVANCED_FACE('',(#3405,#3424,#3427,#3430),#3433,.F.);
#3405 = FACE_BOUND('',#3406,.F.);
#3406 = EDGE_LOOP('',(#3407,#3408,#3409,#3410,#3411,#3412,#3413,#3414,
    #3415,#3416,#3417,#3418,#3419,#3420,#3421,#3422,#3423));
#3407 = ORIENTED_EDGE('',*,*,#2797,.T.);
#3408 = ORIENTED_EDGE('',*,*,#2829,.T.);
#3409 = ORIENTED_EDGE('',*,*,#2860,.T.);
#3410 = ORIENTED_EDGE('',*,*,#2892,.T.);
#3411 = ORIENTED_EDGE('',*,*,#2924,.T.);
#3412 = ORIENTED_EDGE('',*,*,#2956,.T.);
#3413 = ORIENTED_EDGE('',*,*,#2988,.T.);
#3414 = ORIENTED_EDGE('',*,*,#3020,.T.);
#3415 = ORIENTED_EDGE('',*,*,#3052,.T.);
#3416 = ORIENTED_EDGE('',*,*,#3084,.T.);
#3417 = ORIENTED_EDGE('',*,*,#3116,.T.);
#3418 = ORIENTED_EDGE('',*,*,#3148,.T.);
#3419 = ORIENTED_EDGE('',*,*,#3180,.T.);
#3420 = ORIENTED_EDGE('',*,*,#3211,.T.);
#3421 = ORIENTED_EDGE('',*,*,#3242,.T.);
#3422 = ORIENTED_EDGE('',*,*,#3273,.T.);
#3423 = ORIENTED_EDGE('',*,*,#3295,.T.);
#3424 = FACE_BOUND('',#3425,.F.);
#3425 = EDGE_LOOP('',(#3426));
#3426 = ORIENTED_EDGE('',*,*,#3327,.T.);
#3427 = FACE_BOUND('',#3428,.F.);
#3428 = EDGE_LOOP('',(#3429));
#3429 = ORIENTED_EDGE('',*,*,#3360,.T.);
#3430 = FACE_BOUND('',#3431,.F.);
#3431 = EDGE_LOOP('',(#3432));
#3432 = ORIENTED_EDGE('',*,*,#3393,.T.);
#3433 = PLANE('',#3434);
#3434 = AXIS2_PLACEMENT_3D('',#3435,#3436,#3437);
#3435 = CARTESIAN_POINT('',(0.,0.,0.));
#3436 = DIRECTION('',(-0.,-0.,-1.));
#3437 = DIRECTION('',(-1.,0.,0.));
#3438 = ADVANCED_FACE('',(#3439,#3458,#3461,#3464),#3467,.T.);
#3439 = FACE_BOUND('',#3440,.T.);
#3440 = EDGE_LOOP('',(#3441,#3442,#3443,#3444,#3445,#3446,#3447,#3448,
    #3449,#3450,#3451,#3452,#3453,#3454,#3455,#3456,#3457));
#3441 = ORIENTED_EDGE('',*,*,#2780,.T.);
#3442 = ORIENTED_EDGE('',*,*,#2813,.T.);
#3443 = ORIENTED_EDGE('',*,*,#2844,.T.);
#3444 = ORIENTED_EDGE('',*,*,#2875,.T.);
#3445 = ORIENTED_EDGE('',*,*,#2908,.T.);
#3446 = ORIENTED_EDGE('',*,*,#2939,.T.);
#3447 = ORIENTED_EDGE('',*,*,#2972,.T.);
#3448 = ORIENTED_EDGE('',*,*,#3003,.T.);
#3449 = ORIENTED_EDGE('',*,*,#3036,.T.);
#3450 = ORIENTED_EDGE('',*,*,#3067,.T.);
#3451 = ORIENTED_EDGE('',*,*,#3100,.T.);
#3452 = ORIENTED_EDGE('',*,*,#3131,.T.);
#3453 = ORIENTED_EDGE('',*,*,#3164,.T.);
#3454 = ORIENTED_EDGE('',*,*,#3195,.T.);
#3455 = ORIENTED_EDGE('',*,*,#3226,.T.);
#3456 = ORIENTED_EDGE('',*,*,#3257,.T.);
#3457 = ORIENTED_EDGE('',*,*,#3288,.T.);
#3458 = FACE_BOUND('',#3459,.T.);
#3459 = EDGE_LOOP('',(#3460));
#3460 = ORIENTED_EDGE('',*,*,#3319,.T.);
#3461 = FACE_BOUND('',#3462,.T.);
#3462 = EDGE_LOOP('',(#3463));
#3463 = ORIENTED_EDGE('',*,*,#3352,.T.);
#3464 = FACE_BOUND('',#3465,.T.);
#3465 = EDGE_LOOP('',(#3466));
#3466 = ORIENTED_EDGE('',*,*,#3385,.T.);
#3467 = PLANE('',#3468);
#3468 = AXIS2_PLACEMENT_3D('',#3469,#3470,#3471);
#3469 = CARTESIAN_POINT('',(0.,0.,-3.5E-02));
#3470 = DIRECTION('',(-0.,-0.,-1.));
#3471 = DIRECTION('',(-1.,0.,0.));
#3472 = MANIFOLD_SOLID_BREP('',#3473);
#3473 = CLOSED_SHELL('',(#3474,#3516,#3547,#3580,#3611,#3642,#3675,#3697
    ,#3730,#3763,#3784));
#3474 = ADVANCED_FACE('',(#3475),#3511,.T.);
#3475 = FACE_BOUND('',#3476,.F.);
#3476 = EDGE_LOOP('',(#3477,#3487,#3496,#3504));
#3477 = ORIENTED_EDGE('',*,*,#3478,.T.);
#3478 = EDGE_CURVE('',#3479,#3481,#3483,.T.);
#3479 = VERTEX_POINT('',#3480);
#3480 = CARTESIAN_POINT('',(163.653107,-122.241107,0.));
#3481 = VERTEX_POINT('',#3482);
#3482 = CARTESIAN_POINT('',(163.653107,-122.241107,-3.5E-02));
#3483 = LINE('',#3484,#3485);
#3484 = CARTESIAN_POINT('',(163.653107,-122.241107,0.));
#3485 = VECTOR('',#3486,1.);
#3486 = DIRECTION('',(0.,0.,-1.));
#3487 = ORIENTED_EDGE('',*,*,#3488,.T.);
#3488 = EDGE_CURVE('',#3481,#3489,#3491,.T.);
#3489 = VERTEX_POINT('',#3490);
#3490 = CARTESIAN_POINT('',(162.946,-122.534,-3.5E-02));
#3491 = CIRCLE('',#3492,1.000004086185);
#3492 = AXIS2_PLACEMENT_3D('',#3493,#3494,#3495);
#3493 = CARTESIAN_POINT('',(162.94599874507,-121.5339959138,-3.5E-02));
#3494 = DIRECTION('',(0.,0.,-1.));
#3495 = DIRECTION('',(0.707105365561,-0.707108196809,0.));
#3496 = ORIENTED_EDGE('',*,*,#3497,.F.);
#3497 = EDGE_CURVE('',#3498,#3489,#3500,.T.);
#3498 = VERTEX_POINT('',#3499);
#3499 = CARTESIAN_POINT('',(162.946,-122.534,0.));
#3500 = LINE('',#3501,#3502);
#3501 = CARTESIAN_POINT('',(162.946,-122.534,0.));
#3502 = VECTOR('',#3503,1.);
#3503 = DIRECTION('',(0.,0.,-1.));
#3504 = ORIENTED_EDGE('',*,*,#3505,.F.);
#3505 = EDGE_CURVE('',#3479,#3498,#3506,.T.);
#3506 = CIRCLE('',#3507,1.000004086185);
#3507 = AXIS2_PLACEMENT_3D('',#3508,#3509,#3510);
#3508 = CARTESIAN_POINT('',(162.94599874507,-121.5339959138,0.));
#3509 = DIRECTION('',(0.,0.,-1.));
#3510 = DIRECTION('',(0.707105365561,-0.707108196809,0.));
#3511 = CYLINDRICAL_SURFACE('',#3512,1.000004086185);
#3512 = AXIS2_PLACEMENT_3D('',#3513,#3514,#3515);
#3513 = CARTESIAN_POINT('',(162.94599874507,-121.5339959138,0.));
#3514 = DIRECTION('',(-0.,-0.,1.));
#3515 = DIRECTION('',(0.707105365561,-0.707108196809,0.));
#3516 = ADVANCED_FACE('',(#3517),#3542,.F.);
#3517 = FACE_BOUND('',#3518,.F.);
#3518 = EDGE_LOOP('',(#3519,#3520,#3528,#3536));
#3519 = ORIENTED_EDGE('',*,*,#3497,.T.);
#3520 = ORIENTED_EDGE('',*,*,#3521,.T.);
#3521 = EDGE_CURVE('',#3489,#3522,#3524,.T.);
#3522 = VERTEX_POINT('',#3523);
#3523 = CARTESIAN_POINT('',(160.02,-122.534,-3.5E-02));
#3524 = LINE('',#3525,#3526);
#3525 = CARTESIAN_POINT('',(162.946,-122.534,-3.5E-02));
#3526 = VECTOR('',#3527,1.);
#3527 = DIRECTION('',(-1.,0.,0.));
#3528 = ORIENTED_EDGE('',*,*,#3529,.F.);
#3529 = EDGE_CURVE('',#3530,#3522,#3532,.T.);
#3530 = VERTEX_POINT('',#3531);
#3531 = CARTESIAN_POINT('',(160.02,-122.534,0.));
#3532 = LINE('',#3533,#3534);
#3533 = CARTESIAN_POINT('',(160.02,-122.534,0.));
#3534 = VECTOR('',#3535,1.);
#3535 = DIRECTION('',(0.,0.,-1.));
#3536 = ORIENTED_EDGE('',*,*,#3537,.F.);
#3537 = EDGE_CURVE('',#3498,#3530,#3538,.T.);
#3538 = LINE('',#3539,#3540);
#3539 = CARTESIAN_POINT('',(162.946,-122.534,0.));
#3540 = VECTOR('',#3541,1.);
#3541 = DIRECTION('',(-1.,0.,0.));
#3542 = PLANE('',#3543);
#3543 = AXIS2_PLACEMENT_3D('',#3544,#3545,#3546);
#3544 = CARTESIAN_POINT('',(162.946,-122.534,0.));
#3545 = DIRECTION('',(0.,1.,0.));
#3546 = DIRECTION('',(-1.,0.,0.));
#3547 = ADVANCED_FACE('',(#3548),#3575,.T.);
#3548 = FACE_BOUND('',#3549,.F.);
#3549 = EDGE_LOOP('',(#3550,#3551,#3560,#3568));
#3550 = ORIENTED_EDGE('',*,*,#3529,.T.);
#3551 = ORIENTED_EDGE('',*,*,#3552,.T.);
#3552 = EDGE_CURVE('',#3522,#3553,#3555,.T.);
#3553 = VERTEX_POINT('',#3554);
#3554 = CARTESIAN_POINT('',(160.02,-120.534,-3.5E-02));
#3555 = CIRCLE('',#3556,1.);
#3556 = AXIS2_PLACEMENT_3D('',#3557,#3558,#3559);
#3557 = CARTESIAN_POINT('',(160.01999974049,-121.534,-3.5E-02));
#3558 = DIRECTION('',(0.,0.,-1.));
#3559 = DIRECTION('',(2.595065495825E-07,-1.,0.));
#3560 = ORIENTED_EDGE('',*,*,#3561,.F.);
#3561 = EDGE_CURVE('',#3562,#3553,#3564,.T.);
#3562 = VERTEX_POINT('',#3563);
#3563 = CARTESIAN_POINT('',(160.02,-120.534,0.));
#3564 = LINE('',#3565,#3566);
#3565 = CARTESIAN_POINT('',(160.02,-120.534,0.));
#3566 = VECTOR('',#3567,1.);
#3567 = DIRECTION('',(0.,0.,-1.));
#3568 = ORIENTED_EDGE('',*,*,#3569,.F.);
#3569 = EDGE_CURVE('',#3530,#3562,#3570,.T.);
#3570 = CIRCLE('',#3571,1.);
#3571 = AXIS2_PLACEMENT_3D('',#3572,#3573,#3574);
#3572 = CARTESIAN_POINT('',(160.01999974049,-121.534,0.));
#3573 = DIRECTION('',(0.,0.,-1.));
#3574 = DIRECTION('',(2.595065495825E-07,-1.,0.));
#3575 = CYLINDRICAL_SURFACE('',#3576,1.);
#3576 = AXIS2_PLACEMENT_3D('',#3577,#3578,#3579);
#3577 = CARTESIAN_POINT('',(160.01999974049,-121.534,0.));
#3578 = DIRECTION('',(-0.,-0.,1.));
#3579 = DIRECTION('',(2.595065495825E-07,-1.,0.));
#3580 = ADVANCED_FACE('',(#3581),#3606,.F.);
#3581 = FACE_BOUND('',#3582,.F.);
#3582 = EDGE_LOOP('',(#3583,#3584,#3592,#3600));
#3583 = ORIENTED_EDGE('',*,*,#3561,.T.);
#3584 = ORIENTED_EDGE('',*,*,#3585,.T.);
#3585 = EDGE_CURVE('',#3553,#3586,#3588,.T.);
#3586 = VERTEX_POINT('',#3587);
#3587 = CARTESIAN_POINT('',(162.531786,-120.534,-3.5E-02));
#3588 = LINE('',#3589,#3590);
#3589 = CARTESIAN_POINT('',(160.02,-120.534,-3.5E-02));
#3590 = VECTOR('',#3591,1.);
#3591 = DIRECTION('',(1.,0.,0.));
#3592 = ORIENTED_EDGE('',*,*,#3593,.F.);
#3593 = EDGE_CURVE('',#3594,#3586,#3596,.T.);
#3594 = VERTEX_POINT('',#3595);
#3595 = CARTESIAN_POINT('',(162.531786,-120.534,0.));
#3596 = LINE('',#3597,#3598);
#3597 = CARTESIAN_POINT('',(162.531786,-120.534,0.));
#3598 = VECTOR('',#3599,1.);
#3599 = DIRECTION('',(0.,0.,-1.));
#3600 = ORIENTED_EDGE('',*,*,#3601,.F.);
#3601 = EDGE_CURVE('',#3562,#3594,#3602,.T.);
#3602 = LINE('',#3603,#3604);
#3603 = CARTESIAN_POINT('',(160.02,-120.534,0.));
#3604 = VECTOR('',#3605,1.);
#3605 = DIRECTION('',(1.,0.,0.));
#3606 = PLANE('',#3607);
#3607 = AXIS2_PLACEMENT_3D('',#3608,#3609,#3610);
#3608 = CARTESIAN_POINT('',(160.02,-120.534,0.));
#3609 = DIRECTION('',(0.,-1.,0.));
#3610 = DIRECTION('',(1.,0.,0.));
#3611 = ADVANCED_FACE('',(#3612),#3637,.F.);
#3612 = FACE_BOUND('',#3613,.F.);
#3613 = EDGE_LOOP('',(#3614,#3615,#3623,#3631));
#3614 = ORIENTED_EDGE('',*,*,#3593,.T.);
#3615 = ORIENTED_EDGE('',*,*,#3616,.T.);
#3616 = EDGE_CURVE('',#3586,#3617,#3619,.T.);
#3617 = VERTEX_POINT('',#3618);
#3618 = CARTESIAN_POINT('',(164.392893,-118.672893,-3.5E-02));
#3619 = LINE('',#3620,#3621);
#3620 = CARTESIAN_POINT('',(162.531786,-120.534,-3.5E-02));
#3621 = VECTOR('',#3622,1.);
#3622 = DIRECTION('',(0.707106781187,0.707106781187,0.));
#3623 = ORIENTED_EDGE('',*,*,#3624,.F.);
#3624 = EDGE_CURVE('',#3625,#3617,#3627,.T.);
#3625 = VERTEX_POINT('',#3626);
#3626 = CARTESIAN_POINT('',(164.392893,-118.672893,0.));
#3627 = LINE('',#3628,#3629);
#3628 = CARTESIAN_POINT('',(164.392893,-118.672893,0.));
#3629 = VECTOR('',#3630,1.);
#3630 = DIRECTION('',(0.,0.,-1.));
#3631 = ORIENTED_EDGE('',*,*,#3632,.F.);
#3632 = EDGE_CURVE('',#3594,#3625,#3633,.T.);
#3633 = LINE('',#3634,#3635);
#3634 = CARTESIAN_POINT('',(162.531786,-120.534,0.));
#3635 = VECTOR('',#3636,1.);
#3636 = DIRECTION('',(0.707106781187,0.707106781187,0.));
#3637 = PLANE('',#3638);
#3638 = AXIS2_PLACEMENT_3D('',#3639,#3640,#3641);
#3639 = CARTESIAN_POINT('',(162.531786,-120.534,0.));
#3640 = DIRECTION('',(0.707106781187,-0.707106781187,0.));
#3641 = DIRECTION('',(0.707106781187,0.707106781187,0.));
#3642 = ADVANCED_FACE('',(#3643),#3670,.T.);
#3643 = FACE_BOUND('',#3644,.F.);
#3644 = EDGE_LOOP('',(#3645,#3646,#3655,#3663));
#3645 = ORIENTED_EDGE('',*,*,#3624,.T.);
#3646 = ORIENTED_EDGE('',*,*,#3647,.T.);
#3647 = EDGE_CURVE('',#3617,#3648,#3650,.T.);
#3648 = VERTEX_POINT('',#3649);
#3649 = CARTESIAN_POINT('',(165.807107,-120.087107,-3.5E-02));
#3650 = CIRCLE('',#3651,1.000000309466);
#3651 = AXIS2_PLACEMENT_3D('',#3652,#3653,#3654);
#3652 = CARTESIAN_POINT('',(165.10000409206,-119.3799959079,-3.5E-02));
#3653 = DIRECTION('',(0.,0.,-1.));
#3654 = DIRECTION('',(-0.707110873236,0.707102689113,0.));
#3655 = ORIENTED_EDGE('',*,*,#3656,.F.);
#3656 = EDGE_CURVE('',#3657,#3648,#3659,.T.);
#3657 = VERTEX_POINT('',#3658);
#3658 = CARTESIAN_POINT('',(165.807107,-120.087107,0.));
#3659 = LINE('',#3660,#3661);
#3660 = CARTESIAN_POINT('',(165.807107,-120.087107,0.));
#3661 = VECTOR('',#3662,1.);
#3662 = DIRECTION('',(0.,0.,-1.));
#3663 = ORIENTED_EDGE('',*,*,#3664,.F.);
#3664 = EDGE_CURVE('',#3625,#3657,#3665,.T.);
#3665 = CIRCLE('',#3666,1.000000309466);
#3666 = AXIS2_PLACEMENT_3D('',#3667,#3668,#3669);
#3667 = CARTESIAN_POINT('',(165.10000409206,-119.3799959079,0.));
#3668 = DIRECTION('',(0.,0.,-1.));
#3669 = DIRECTION('',(-0.707110873236,0.707102689113,0.));
#3670 = CYLINDRICAL_SURFACE('',#3671,1.000000309466);
#3671 = AXIS2_PLACEMENT_3D('',#3672,#3673,#3674);
#3672 = CARTESIAN_POINT('',(165.10000409206,-119.3799959079,0.));
#3673 = DIRECTION('',(-0.,-0.,1.));
#3674 = DIRECTION('',(-0.707110873236,0.707102689113,0.));
#3675 = ADVANCED_FACE('',(#3676),#3692,.F.);
#3676 = FACE_BOUND('',#3677,.F.);
#3677 = EDGE_LOOP('',(#3678,#3679,#3685,#3686));
#3678 = ORIENTED_EDGE('',*,*,#3656,.T.);
#3679 = ORIENTED_EDGE('',*,*,#3680,.T.);
#3680 = EDGE_CURVE('',#3648,#3481,#3681,.T.);
#3681 = LINE('',#3682,#3683);
#3682 = CARTESIAN_POINT('',(165.807107,-120.087107,-3.5E-02));
#3683 = VECTOR('',#3684,1.);
#3684 = DIRECTION('',(-0.707106781187,-0.707106781187,0.));
#3685 = ORIENTED_EDGE('',*,*,#3478,.F.);
#3686 = ORIENTED_EDGE('',*,*,#3687,.F.);
#3687 = EDGE_CURVE('',#3657,#3479,#3688,.T.);
#3688 = LINE('',#3689,#3690);
#3689 = CARTESIAN_POINT('',(165.807107,-120.087107,0.));
#3690 = VECTOR('',#3691,1.);
#3691 = DIRECTION('',(-0.707106781187,-0.707106781187,0.));
#3692 = PLANE('',#3693);
#3693 = AXIS2_PLACEMENT_3D('',#3694,#3695,#3696);
#3694 = CARTESIAN_POINT('',(165.807107,-120.087107,0.));
#3695 = DIRECTION('',(-0.707106781187,0.707106781187,0.));
#3696 = DIRECTION('',(-0.707106781187,-0.707106781187,0.));
#3697 = ADVANCED_FACE('',(#3698),#3725,.F.);
#3698 = FACE_BOUND('',#3699,.F.);
#3699 = EDGE_LOOP('',(#3700,#3710,#3717,#3718));
#3700 = ORIENTED_EDGE('',*,*,#3701,.T.);
#3701 = EDGE_CURVE('',#3702,#3704,#3706,.T.);
#3702 = VERTEX_POINT('',#3703);
#3703 = CARTESIAN_POINT('',(160.451891,-121.534,0.));
#3704 = VERTEX_POINT('',#3705);
#3705 = CARTESIAN_POINT('',(160.451891,-121.534,-3.5E-02));
#3706 = LINE('',#3707,#3708);
#3707 = CARTESIAN_POINT('',(160.451891,-121.534,0.));
#3708 = VECTOR('',#3709,1.);
#3709 = DIRECTION('',(0.,0.,-1.));
#3710 = ORIENTED_EDGE('',*,*,#3711,.T.);
#3711 = EDGE_CURVE('',#3704,#3704,#3712,.T.);
#3712 = CIRCLE('',#3713,0.431891);
#3713 = AXIS2_PLACEMENT_3D('',#3714,#3715,#3716);
#3714 = CARTESIAN_POINT('',(160.02,-121.534,-3.5E-02));
#3715 = DIRECTION('',(0.,0.,1.));
#3716 = DIRECTION('',(1.,0.,-0.));
#3717 = ORIENTED_EDGE('',*,*,#3701,.F.);
#3718 = ORIENTED_EDGE('',*,*,#3719,.F.);
#3719 = EDGE_CURVE('',#3702,#3702,#3720,.T.);
#3720 = CIRCLE('',#3721,0.431891);
#3721 = AXIS2_PLACEMENT_3D('',#3722,#3723,#3724);
#3722 = CARTESIAN_POINT('',(160.02,-121.534,0.));
#3723 = DIRECTION('',(0.,0.,1.));
#3724 = DIRECTION('',(1.,0.,-0.));
#3725 = CYLINDRICAL_SURFACE('',#3726,0.431891);
#3726 = AXIS2_PLACEMENT_3D('',#3727,#3728,#3729);
#3727 = CARTESIAN_POINT('',(160.02,-121.534,0.));
#3728 = DIRECTION('',(0.,0.,1.));
#3729 = DIRECTION('',(1.,0.,-0.));
#3730 = ADVANCED_FACE('',(#3731),#3758,.F.);
#3731 = FACE_BOUND('',#3732,.F.);
#3732 = EDGE_LOOP('',(#3733,#3743,#3750,#3751));
#3733 = ORIENTED_EDGE('',*,*,#3734,.T.);
#3734 = EDGE_CURVE('',#3735,#3737,#3739,.T.);
#3735 = VERTEX_POINT('',#3736);
#3736 = CARTESIAN_POINT('',(165.587392,-119.38,0.));
#3737 = VERTEX_POINT('',#3738);
#3738 = CARTESIAN_POINT('',(165.587392,-119.38,-3.5E-02));
#3739 = LINE('',#3740,#3741);
#3740 = CARTESIAN_POINT('',(165.587392,-119.38,0.));
#3741 = VECTOR('',#3742,1.);
#3742 = DIRECTION('',(0.,0.,-1.));
#3743 = ORIENTED_EDGE('',*,*,#3744,.T.);
#3744 = EDGE_CURVE('',#3737,#3737,#3745,.T.);
#3745 = CIRCLE('',#3746,0.487392);
#3746 = AXIS2_PLACEMENT_3D('',#3747,#3748,#3749);
#3747 = CARTESIAN_POINT('',(165.1,-119.38,-3.5E-02));
#3748 = DIRECTION('',(0.,0.,1.));
#3749 = DIRECTION('',(1.,0.,-0.));
#3750 = ORIENTED_EDGE('',*,*,#3734,.F.);
#3751 = ORIENTED_EDGE('',*,*,#3752,.F.);
#3752 = EDGE_CURVE('',#3735,#3735,#3753,.T.);
#3753 = CIRCLE('',#3754,0.487392);
#3754 = AXIS2_PLACEMENT_3D('',#3755,#3756,#3757);
#3755 = CARTESIAN_POINT('',(165.1,-119.38,0.));
#3756 = DIRECTION('',(0.,0.,1.));
#3757 = DIRECTION('',(1.,0.,-0.));
#3758 = CYLINDRICAL_SURFACE('',#3759,0.487392);
#3759 = AXIS2_PLACEMENT_3D('',#3760,#3761,#3762);
#3760 = CARTESIAN_POINT('',(165.1,-119.38,0.));
#3761 = DIRECTION('',(0.,0.,1.));
#3762 = DIRECTION('',(1.,0.,-0.));
#3763 = ADVANCED_FACE('',(#3764,#3773,#3776),#3779,.F.);
#3764 = FACE_BOUND('',#3765,.F.);
#3765 = EDGE_LOOP('',(#3766,#3767,#3768,#3769,#3770,#3771,#3772));
#3766 = ORIENTED_EDGE('',*,*,#3505,.T.);
#3767 = ORIENTED_EDGE('',*,*,#3537,.T.);
#3768 = ORIENTED_EDGE('',*,*,#3569,.T.);
#3769 = ORIENTED_EDGE('',*,*,#3601,.T.);
#3770 = ORIENTED_EDGE('',*,*,#3632,.T.);
#3771 = ORIENTED_EDGE('',*,*,#3664,.T.);
#3772 = ORIENTED_EDGE('',*,*,#3687,.T.);
#3773 = FACE_BOUND('',#3774,.F.);
#3774 = EDGE_LOOP('',(#3775));
#3775 = ORIENTED_EDGE('',*,*,#3719,.T.);
#3776 = FACE_BOUND('',#3777,.F.);
#3777 = EDGE_LOOP('',(#3778));
#3778 = ORIENTED_EDGE('',*,*,#3752,.T.);
#3779 = PLANE('',#3780);
#3780 = AXIS2_PLACEMENT_3D('',#3781,#3782,#3783);
#3781 = CARTESIAN_POINT('',(0.,0.,0.));
#3782 = DIRECTION('',(-0.,-0.,-1.));
#3783 = DIRECTION('',(-1.,0.,0.));
#3784 = ADVANCED_FACE('',(#3785,#3794,#3797),#3800,.T.);
#3785 = FACE_BOUND('',#3786,.T.);
#3786 = EDGE_LOOP('',(#3787,#3788,#3789,#3790,#3791,#3792,#3793));
#3787 = ORIENTED_EDGE('',*,*,#3488,.T.);
#3788 = ORIENTED_EDGE('',*,*,#3521,.T.);
#3789 = ORIENTED_EDGE('',*,*,#3552,.T.);
#3790 = ORIENTED_EDGE('',*,*,#3585,.T.);
#3791 = ORIENTED_EDGE('',*,*,#3616,.T.);
#3792 = ORIENTED_EDGE('',*,*,#3647,.T.);
#3793 = ORIENTED_EDGE('',*,*,#3680,.T.);
#3794 = FACE_BOUND('',#3795,.T.);
#3795 = EDGE_LOOP('',(#3796));
#3796 = ORIENTED_EDGE('',*,*,#3711,.T.);
#3797 = FACE_BOUND('',#3798,.T.);
#3798 = EDGE_LOOP('',(#3799));
#3799 = ORIENTED_EDGE('',*,*,#3744,.T.);
#3800 = PLANE('',#3801);
#3801 = AXIS2_PLACEMENT_3D('',#3802,#3803,#3804);
#3802 = CARTESIAN_POINT('',(0.,0.,-3.5E-02));
#3803 = DIRECTION('',(-0.,-0.,-1.));
#3804 = DIRECTION('',(-1.,0.,0.));
#3805 = MANIFOLD_SOLID_BREP('',#3806);
#3806 = CLOSED_SHELL('',(#3807,#3849,#3880,#3913,#3944,#3977,#4008,#4039
    ,#4070,#4103,#4134,#4167,#4198,#4231,#4262,#4293,#4326,#4357,#4381,
    #4414,#4447,#4480,#4515));
#3807 = ADVANCED_FACE('',(#3808),#3844,.T.);
#3808 = FACE_BOUND('',#3809,.F.);
#3809 = EDGE_LOOP('',(#3810,#3820,#3829,#3837));
#3810 = ORIENTED_EDGE('',*,*,#3811,.T.);
#3811 = EDGE_CURVE('',#3812,#3814,#3816,.T.);
#3812 = VERTEX_POINT('',#3813);
#3813 = CARTESIAN_POINT('',(133.401983,-109.004815,0.));
#3814 = VERTEX_POINT('',#3815);
#3815 = CARTESIAN_POINT('',(133.401983,-109.004815,-3.5E-02));
#3816 = LINE('',#3817,#3818);
#3817 = CARTESIAN_POINT('',(133.401983,-109.004815,0.));
#3818 = VECTOR('',#3819,1.);
#3819 = DIRECTION('',(0.,0.,-1.));
#3820 = ORIENTED_EDGE('',*,*,#3821,.T.);
#3821 = EDGE_CURVE('',#3814,#3822,#3824,.T.);
#3822 = VERTEX_POINT('',#3823);
#3823 = CARTESIAN_POINT('',(133.918017,-109.004815,-3.5E-02));
#3824 = CIRCLE('',#3825,4.260114346775);
#3825 = AXIS2_PLACEMENT_3D('',#3826,#3827,#3828);
#3826 = CARTESIAN_POINT('',(133.66,-113.2571086722,-3.5E-02));
#3827 = DIRECTION('',(0.,0.,-1.));
#3828 = DIRECTION('',(-6.056574518835E-02,0.998164210193,0.));
#3829 = ORIENTED_EDGE('',*,*,#3830,.F.);
#3830 = EDGE_CURVE('',#3831,#3822,#3833,.T.);
#3831 = VERTEX_POINT('',#3832);
#3832 = CARTESIAN_POINT('',(133.918017,-109.004815,0.));
#3833 = LINE('',#3834,#3835);
#3834 = CARTESIAN_POINT('',(133.918017,-109.004815,0.));
#3835 = VECTOR('',#3836,1.);
#3836 = DIRECTION('',(0.,0.,-1.));
#3837 = ORIENTED_EDGE('',*,*,#3838,.F.);
#3838 = EDGE_CURVE('',#3812,#3831,#3839,.T.);
#3839 = CIRCLE('',#3840,4.260114346775);
#3840 = AXIS2_PLACEMENT_3D('',#3841,#3842,#3843);
#3841 = CARTESIAN_POINT('',(133.66,-113.2571086722,0.));
#3842 = DIRECTION('',(0.,0.,-1.));
#3843 = DIRECTION('',(-6.056574518835E-02,0.998164210193,0.));
#3844 = CYLINDRICAL_SURFACE('',#3845,4.260114346775);
#3845 = AXIS2_PLACEMENT_3D('',#3846,#3847,#3848);
#3846 = CARTESIAN_POINT('',(133.66,-113.2571086722,0.));
#3847 = DIRECTION('',(-0.,-0.,1.));
#3848 = DIRECTION('',(-6.056574518835E-02,0.998164210193,0.));
#3849 = ADVANCED_FACE('',(#3850),#3875,.F.);
#3850 = FACE_BOUND('',#3851,.F.);
#3851 = EDGE_LOOP('',(#3852,#3853,#3861,#3869));
#3852 = ORIENTED_EDGE('',*,*,#3830,.T.);
#3853 = ORIENTED_EDGE('',*,*,#3854,.T.);
#3854 = EDGE_CURVE('',#3822,#3855,#3857,.T.);
#3855 = VERTEX_POINT('',#3856);
#3856 = CARTESIAN_POINT('',(134.110285,-109.04306,-3.5E-02));
#3857 = LINE('',#3858,#3859);
#3858 = CARTESIAN_POINT('',(133.918017,-109.004815,-3.5E-02));
#3859 = VECTOR('',#3860,1.);
#3860 = DIRECTION('',(0.980784775827,-0.195092858674,0.));
#3861 = ORIENTED_EDGE('',*,*,#3862,.F.);
#3862 = EDGE_CURVE('',#3863,#3855,#3865,.T.);
#3863 = VERTEX_POINT('',#3864);
#3864 = CARTESIAN_POINT('',(134.110285,-109.04306,0.));
#3865 = LINE('',#3866,#3867);
#3866 = CARTESIAN_POINT('',(134.110285,-109.04306,0.));
#3867 = VECTOR('',#3868,1.);
#3868 = DIRECTION('',(0.,0.,-1.));
#3869 = ORIENTED_EDGE('',*,*,#3870,.F.);
#3870 = EDGE_CURVE('',#3831,#3863,#3871,.T.);
#3871 = LINE('',#3872,#3873);
#3872 = CARTESIAN_POINT('',(133.918017,-109.004815,0.));
#3873 = VECTOR('',#3874,1.);
#3874 = DIRECTION('',(0.980784775827,-0.195092858674,0.));
#3875 = PLANE('',#3876);
#3876 = AXIS2_PLACEMENT_3D('',#3877,#3878,#3879);
#3877 = CARTESIAN_POINT('',(133.918017,-109.004815,0.));
#3878 = DIRECTION('',(-0.195092858674,-0.980784775827,-0.));
#3879 = DIRECTION('',(0.980784775827,-0.195092858674,0.));
#3880 = ADVANCED_FACE('',(#3881),#3908,.T.);
#3881 = FACE_BOUND('',#3882,.F.);
#3882 = EDGE_LOOP('',(#3883,#3884,#3893,#3901));
#3883 = ORIENTED_EDGE('',*,*,#3862,.T.);
#3884 = ORIENTED_EDGE('',*,*,#3885,.T.);
#3885 = EDGE_CURVE('',#3855,#3886,#3888,.T.);
#3886 = VERTEX_POINT('',#3887);
#3887 = CARTESIAN_POINT('',(134.527107,-109.292893,-3.5E-02));
#3888 = CIRCLE('',#3889,1.000003271022);
#3889 = AXIS2_PLACEMENT_3D('',#3890,#3891,#3892);
#3890 = CARTESIAN_POINT('',(133.81999923598,-110.0000034242,-3.5E-02));
#3891 = DIRECTION('',(0.,0.,-1.));
#3892 = DIRECTION('',(0.290284814492,0.956940294102,0.));
#3893 = ORIENTED_EDGE('',*,*,#3894,.F.);
#3894 = EDGE_CURVE('',#3895,#3886,#3897,.T.);
#3895 = VERTEX_POINT('',#3896);
#3896 = CARTESIAN_POINT('',(134.527107,-109.292893,0.));
#3897 = LINE('',#3898,#3899);
#3898 = CARTESIAN_POINT('',(134.527107,-109.292893,0.));
#3899 = VECTOR('',#3900,1.);
#3900 = DIRECTION('',(0.,0.,-1.));
#3901 = ORIENTED_EDGE('',*,*,#3902,.F.);
#3902 = EDGE_CURVE('',#3863,#3895,#3903,.T.);
#3903 = CIRCLE('',#3904,1.000003271022);
#3904 = AXIS2_PLACEMENT_3D('',#3905,#3906,#3907);
#3905 = CARTESIAN_POINT('',(133.81999923598,-110.0000034242,0.));
#3906 = DIRECTION('',(0.,0.,-1.));
#3907 = DIRECTION('',(0.290284814492,0.956940294102,0.));
#3908 = CYLINDRICAL_SURFACE('',#3909,1.000003271022);
#3909 = AXIS2_PLACEMENT_3D('',#3910,#3911,#3912);
#3910 = CARTESIAN_POINT('',(133.81999923598,-110.0000034242,0.));
#3911 = DIRECTION('',(-0.,-0.,1.));
#3912 = DIRECTION('',(0.290284814492,0.956940294102,0.));
#3913 = ADVANCED_FACE('',(#3914),#3939,.F.);
#3914 = FACE_BOUND('',#3915,.F.);
#3915 = EDGE_LOOP('',(#3916,#3917,#3925,#3933));
#3916 = ORIENTED_EDGE('',*,*,#3894,.T.);
#3917 = ORIENTED_EDGE('',*,*,#3918,.T.);
#3918 = EDGE_CURVE('',#3886,#3919,#3921,.T.);
#3919 = VERTEX_POINT('',#3920);
#3920 = CARTESIAN_POINT('',(142.707107,-117.472893,-3.5E-02));
#3921 = LINE('',#3922,#3923);
#3922 = CARTESIAN_POINT('',(134.527107,-109.292893,-3.5E-02));
#3923 = VECTOR('',#3924,1.);
#3924 = DIRECTION('',(0.707106781187,-0.707106781187,0.));
#3925 = ORIENTED_EDGE('',*,*,#3926,.F.);
#3926 = EDGE_CURVE('',#3927,#3919,#3929,.T.);
#3927 = VERTEX_POINT('',#3928);
#3928 = CARTESIAN_POINT('',(142.707107,-117.472893,0.));
#3929 = LINE('',#3930,#3931);
#3930 = CARTESIAN_POINT('',(142.707107,-117.472893,0.));
#3931 = VECTOR('',#3932,1.);
#3932 = DIRECTION('',(0.,0.,-1.));
#3933 = ORIENTED_EDGE('',*,*,#3934,.F.);
#3934 = EDGE_CURVE('',#3895,#3927,#3935,.T.);
#3935 = LINE('',#3936,#3937);
#3936 = CARTESIAN_POINT('',(134.527107,-109.292893,0.));
#3937 = VECTOR('',#3938,1.);
#3938 = DIRECTION('',(0.707106781187,-0.707106781187,0.));
#3939 = PLANE('',#3940);
#3940 = AXIS2_PLACEMENT_3D('',#3941,#3942,#3943);
#3941 = CARTESIAN_POINT('',(134.527107,-109.292893,0.));
#3942 = DIRECTION('',(-0.707106781187,-0.707106781187,-0.));
#3943 = DIRECTION('',(0.707106781187,-0.707106781187,0.));
#3944 = ADVANCED_FACE('',(#3945),#3972,.T.);
#3945 = FACE_BOUND('',#3946,.F.);
#3946 = EDGE_LOOP('',(#3947,#3948,#3957,#3965));
#3947 = ORIENTED_EDGE('',*,*,#3926,.T.);
#3948 = ORIENTED_EDGE('',*,*,#3949,.T.);
#3949 = EDGE_CURVE('',#3919,#3950,#3952,.T.);
#3950 = VERTEX_POINT('',#3951);
#3951 = CARTESIAN_POINT('',(143.,-118.18,-3.5E-02));
#3952 = CIRCLE('',#3953,0.999998767117);
#3953 = AXIS2_PLACEMENT_3D('',#3954,#3955,#3956);
#3954 = CARTESIAN_POINT('',(142.00000123288,-118.1799990516,-3.5E-02));
#3955 = DIRECTION('',(0.,0.,-1.));
#3956 = DIRECTION('',(0.707106638896,0.707106923477,0.));
#3957 = ORIENTED_EDGE('',*,*,#3958,.F.);
#3958 = EDGE_CURVE('',#3959,#3950,#3961,.T.);
#3959 = VERTEX_POINT('',#3960);
#3960 = CARTESIAN_POINT('',(143.,-118.18,0.));
#3961 = LINE('',#3962,#3963);
#3962 = CARTESIAN_POINT('',(143.,-118.18,0.));
#3963 = VECTOR('',#3964,1.);
#3964 = DIRECTION('',(0.,0.,-1.));
#3965 = ORIENTED_EDGE('',*,*,#3966,.F.);
#3966 = EDGE_CURVE('',#3927,#3959,#3967,.T.);
#3967 = CIRCLE('',#3968,0.999998767117);
#3968 = AXIS2_PLACEMENT_3D('',#3969,#3970,#3971);
#3969 = CARTESIAN_POINT('',(142.00000123288,-118.1799990516,0.));
#3970 = DIRECTION('',(0.,0.,-1.));
#3971 = DIRECTION('',(0.707106638896,0.707106923477,0.));
#3972 = CYLINDRICAL_SURFACE('',#3973,0.999998767117);
#3973 = AXIS2_PLACEMENT_3D('',#3974,#3975,#3976);
#3974 = CARTESIAN_POINT('',(142.00000123288,-118.1799990516,0.));
#3975 = DIRECTION('',(-0.,-0.,1.));
#3976 = DIRECTION('',(0.707106638896,0.707106923477,0.));
#3977 = ADVANCED_FACE('',(#3978),#4003,.F.);
#3978 = FACE_BOUND('',#3979,.F.);
#3979 = EDGE_LOOP('',(#3980,#3981,#3989,#3997));
#3980 = ORIENTED_EDGE('',*,*,#3958,.T.);
#3981 = ORIENTED_EDGE('',*,*,#3982,.T.);
#3982 = EDGE_CURVE('',#3950,#3983,#3985,.T.);
#3983 = VERTEX_POINT('',#3984);
#3984 = CARTESIAN_POINT('',(143.,-118.585786,-3.5E-02));
#3985 = LINE('',#3986,#3987);
#3986 = CARTESIAN_POINT('',(143.,-118.18,-3.5E-02));
#3987 = VECTOR('',#3988,1.);
#3988 = DIRECTION('',(0.,-1.,0.));
#3989 = ORIENTED_EDGE('',*,*,#3990,.F.);
#3990 = EDGE_CURVE('',#3991,#3983,#3993,.T.);
#3991 = VERTEX_POINT('',#3992);
#3992 = CARTESIAN_POINT('',(143.,-118.585786,0.));
#3993 = LINE('',#3994,#3995);
#3994 = CARTESIAN_POINT('',(143.,-118.585786,0.));
#3995 = VECTOR('',#3996,1.);
#3996 = DIRECTION('',(0.,0.,-1.));
#3997 = ORIENTED_EDGE('',*,*,#3998,.F.);
#3998 = EDGE_CURVE('',#3959,#3991,#3999,.T.);
#3999 = LINE('',#4000,#4001);
#4000 = CARTESIAN_POINT('',(143.,-118.18,0.));
#4001 = VECTOR('',#4002,1.);
#4002 = DIRECTION('',(0.,-1.,0.));
#4003 = PLANE('',#4004);
#4004 = AXIS2_PLACEMENT_3D('',#4005,#4006,#4007);
#4005 = CARTESIAN_POINT('',(143.,-118.18,0.));
#4006 = DIRECTION('',(-1.,-0.,-0.));
#4007 = DIRECTION('',(0.,-1.,0.));
#4008 = ADVANCED_FACE('',(#4009),#4034,.F.);
#4009 = FACE_BOUND('',#4010,.F.);
#4010 = EDGE_LOOP('',(#4011,#4012,#4020,#4028));
#4011 = ORIENTED_EDGE('',*,*,#3990,.T.);
#4012 = ORIENTED_EDGE('',*,*,#4013,.T.);
#4013 = EDGE_CURVE('',#3983,#4014,#4016,.T.);
#4014 = VERTEX_POINT('',#4015);
#4015 = CARTESIAN_POINT('',(144.971655,-120.557441,-3.5E-02));
#4016 = LINE('',#4017,#4018);
#4017 = CARTESIAN_POINT('',(143.,-118.585786,-3.5E-02));
#4018 = VECTOR('',#4019,1.);
#4019 = DIRECTION('',(0.707106781187,-0.707106781187,0.));
#4020 = ORIENTED_EDGE('',*,*,#4021,.F.);
#4021 = EDGE_CURVE('',#4022,#4014,#4024,.T.);
#4022 = VERTEX_POINT('',#4023);
#4023 = CARTESIAN_POINT('',(144.971655,-120.557441,0.));
#4024 = LINE('',#4025,#4026);
#4025 = CARTESIAN_POINT('',(144.971655,-120.557441,0.));
#4026 = VECTOR('',#4027,1.);
#4027 = DIRECTION('',(0.,0.,-1.));
#4028 = ORIENTED_EDGE('',*,*,#4029,.F.);
#4029 = EDGE_CURVE('',#3991,#4022,#4030,.T.);
#4030 = LINE('',#4031,#4032);
#4031 = CARTESIAN_POINT('',(143.,-118.585786,0.));
#4032 = VECTOR('',#4033,1.);
#4033 = DIRECTION('',(0.707106781187,-0.707106781187,0.));
#4034 = PLANE('',#4035);
#4035 = AXIS2_PLACEMENT_3D('',#4036,#4037,#4038);
#4036 = CARTESIAN_POINT('',(143.,-118.585786,0.));
#4037 = DIRECTION('',(-0.707106781187,-0.707106781187,-0.));
#4038 = DIRECTION('',(0.707106781187,-0.707106781187,0.));
#4039 = ADVANCED_FACE('',(#4040),#4065,.F.);
#4040 = FACE_BOUND('',#4041,.F.);
#4041 = EDGE_LOOP('',(#4042,#4043,#4051,#4059));
#4042 = ORIENTED_EDGE('',*,*,#4021,.T.);
#4043 = ORIENTED_EDGE('',*,*,#4044,.T.);
#4044 = EDGE_CURVE('',#4014,#4045,#4047,.T.);
#4045 = VERTEX_POINT('',#4046);
#4046 = CARTESIAN_POINT('',(145.070285,-120.57706,-3.5E-02));
#4047 = LINE('',#4048,#4049);
#4048 = CARTESIAN_POINT('',(144.971655,-120.557441,-3.5E-02));
#4049 = VECTOR('',#4050,1.);
#4050 = DIRECTION('',(0.980784760567,-0.195092935391,0.));
#4051 = ORIENTED_EDGE('',*,*,#4052,.F.);
#4052 = EDGE_CURVE('',#4053,#4045,#4055,.T.);
#4053 = VERTEX_POINT('',#4054);
#4054 = CARTESIAN_POINT('',(145.070285,-120.57706,0.));
#4055 = LINE('',#4056,#4057);
#4056 = CARTESIAN_POINT('',(145.070285,-120.57706,0.));
#4057 = VECTOR('',#4058,1.);
#4058 = DIRECTION('',(0.,0.,-1.));
#4059 = ORIENTED_EDGE('',*,*,#4060,.F.);
#4060 = EDGE_CURVE('',#4022,#4053,#4061,.T.);
#4061 = LINE('',#4062,#4063);
#4062 = CARTESIAN_POINT('',(144.971655,-120.557441,0.));
#4063 = VECTOR('',#4064,1.);
#4064 = DIRECTION('',(0.980784760567,-0.195092935391,0.));
#4065 = PLANE('',#4066);
#4066 = AXIS2_PLACEMENT_3D('',#4067,#4068,#4069);
#4067 = CARTESIAN_POINT('',(144.971655,-120.557441,0.));
#4068 = DIRECTION('',(-0.195092935391,-0.980784760567,-0.));
#4069 = DIRECTION('',(0.980784760567,-0.195092935391,0.));
#4070 = ADVANCED_FACE('',(#4071),#4098,.T.);
#4071 = FACE_BOUND('',#4072,.F.);
#4072 = EDGE_LOOP('',(#4073,#4074,#4083,#4091));
#4073 = ORIENTED_EDGE('',*,*,#4052,.T.);
#4074 = ORIENTED_EDGE('',*,*,#4075,.T.);
#4075 = EDGE_CURVE('',#4045,#4076,#4078,.T.);
#4076 = VERTEX_POINT('',#4077);
#4077 = CARTESIAN_POINT('',(144.78,-122.534,-3.5E-02));
#4078 = CIRCLE('',#4079,0.999999821165);
#4079 = AXIS2_PLACEMENT_3D('',#4080,#4081,#4082);
#4080 = CARTESIAN_POINT('',(144.78000042159,-121.5340001788,-3.5E-02));
#4081 = DIRECTION('',(0.,0.,-1.));
#4082 = DIRECTION('',(0.29028463032,0.95694034997,0.));
#4083 = ORIENTED_EDGE('',*,*,#4084,.F.);
#4084 = EDGE_CURVE('',#4085,#4076,#4087,.T.);
#4085 = VERTEX_POINT('',#4086);
#4086 = CARTESIAN_POINT('',(144.78,-122.534,0.));
#4087 = LINE('',#4088,#4089);
#4088 = CARTESIAN_POINT('',(144.78,-122.534,0.));
#4089 = VECTOR('',#4090,1.);
#4090 = DIRECTION('',(0.,0.,-1.));
#4091 = ORIENTED_EDGE('',*,*,#4092,.F.);
#4092 = EDGE_CURVE('',#4053,#4085,#4093,.T.);
#4093 = CIRCLE('',#4094,0.999999821165);
#4094 = AXIS2_PLACEMENT_3D('',#4095,#4096,#4097);
#4095 = CARTESIAN_POINT('',(144.78000042159,-121.5340001788,0.));
#4096 = DIRECTION('',(0.,0.,-1.));
#4097 = DIRECTION('',(0.29028463032,0.95694034997,0.));
#4098 = CYLINDRICAL_SURFACE('',#4099,0.999999821165);
#4099 = AXIS2_PLACEMENT_3D('',#4100,#4101,#4102);
#4100 = CARTESIAN_POINT('',(144.78000042159,-121.5340001788,0.));
#4101 = DIRECTION('',(-0.,-0.,1.));
#4102 = DIRECTION('',(0.29028463032,0.95694034997,0.));
#4103 = ADVANCED_FACE('',(#4104),#4129,.F.);
#4104 = FACE_BOUND('',#4105,.F.);
#4105 = EDGE_LOOP('',(#4106,#4107,#4115,#4123));
#4106 = ORIENTED_EDGE('',*,*,#4084,.T.);
#4107 = ORIENTED_EDGE('',*,*,#4108,.T.);
#4108 = EDGE_CURVE('',#4076,#4109,#4111,.T.);
#4109 = VERTEX_POINT('',#4110);
#4110 = CARTESIAN_POINT('',(144.534,-122.534,-3.5E-02));
#4111 = LINE('',#4112,#4113);
#4112 = CARTESIAN_POINT('',(144.78,-122.534,-3.5E-02));
#4113 = VECTOR('',#4114,1.);
#4114 = DIRECTION('',(-1.,0.,0.));
#4115 = ORIENTED_EDGE('',*,*,#4116,.F.);
#4116 = EDGE_CURVE('',#4117,#4109,#4119,.T.);
#4117 = VERTEX_POINT('',#4118);
#4118 = CARTESIAN_POINT('',(144.534,-122.534,0.));
#4119 = LINE('',#4120,#4121);
#4120 = CARTESIAN_POINT('',(144.534,-122.534,0.));
#4121 = VECTOR('',#4122,1.);
#4122 = DIRECTION('',(0.,0.,-1.));
#4123 = ORIENTED_EDGE('',*,*,#4124,.F.);
#4124 = EDGE_CURVE('',#4085,#4117,#4125,.T.);
#4125 = LINE('',#4126,#4127);
#4126 = CARTESIAN_POINT('',(144.78,-122.534,0.));
#4127 = VECTOR('',#4128,1.);
#4128 = DIRECTION('',(-1.,0.,0.));
#4129 = PLANE('',#4130);
#4130 = AXIS2_PLACEMENT_3D('',#4131,#4132,#4133);
#4131 = CARTESIAN_POINT('',(144.78,-122.534,0.));
#4132 = DIRECTION('',(0.,1.,0.));
#4133 = DIRECTION('',(-1.,0.,0.));
#4134 = ADVANCED_FACE('',(#4135),#4162,.T.);
#4135 = FACE_BOUND('',#4136,.F.);
#4136 = EDGE_LOOP('',(#4137,#4138,#4147,#4155));
#4137 = ORIENTED_EDGE('',*,*,#4116,.T.);
#4138 = ORIENTED_EDGE('',*,*,#4139,.T.);
#4139 = EDGE_CURVE('',#4109,#4140,#4142,.T.);
#4140 = VERTEX_POINT('',#4141);
#4141 = CARTESIAN_POINT('',(143.826893,-122.241107,-3.5E-02));
#4142 = CIRCLE('',#4143,1.000004594775);
#4143 = AXIS2_PLACEMENT_3D('',#4144,#4145,#4146);
#4144 = CARTESIAN_POINT('',(144.53400146558,-121.5339954052,-3.5E-02));
#4145 = DIRECTION('',(0.,0.,-1.));
#4146 = DIRECTION('',(-1.465582245933E-06,-0.999999999999,-0.));
#4147 = ORIENTED_EDGE('',*,*,#4148,.F.);
#4148 = EDGE_CURVE('',#4149,#4140,#4151,.T.);
#4149 = VERTEX_POINT('',#4150);
#4150 = CARTESIAN_POINT('',(143.826893,-122.241107,0.));
#4151 = LINE('',#4152,#4153);
#4152 = CARTESIAN_POINT('',(143.826893,-122.241107,0.));
#4153 = VECTOR('',#4154,1.);
#4154 = DIRECTION('',(0.,0.,-1.));
#4155 = ORIENTED_EDGE('',*,*,#4156,.F.);
#4156 = EDGE_CURVE('',#4117,#4149,#4157,.T.);
#4157 = CIRCLE('',#4158,1.000004594775);
#4158 = AXIS2_PLACEMENT_3D('',#4159,#4160,#4161);
#4159 = CARTESIAN_POINT('',(144.53400146558,-121.5339954052,0.));
#4160 = DIRECTION('',(0.,0.,-1.));
#4161 = DIRECTION('',(-1.465582245933E-06,-0.999999999999,-0.));
#4162 = CYLINDRICAL_SURFACE('',#4163,1.000004594775);
#4163 = AXIS2_PLACEMENT_3D('',#4164,#4165,#4166);
#4164 = CARTESIAN_POINT('',(144.53400146558,-121.5339954052,0.));
#4165 = DIRECTION('',(-0.,-0.,1.));
#4166 = DIRECTION('',(-1.465582245933E-06,-0.999999999999,-0.));
#4167 = ADVANCED_FACE('',(#4168),#4193,.F.);
#4168 = FACE_BOUND('',#4169,.F.);
#4169 = EDGE_LOOP('',(#4170,#4171,#4179,#4187));
#4170 = ORIENTED_EDGE('',*,*,#4148,.T.);
#4171 = ORIENTED_EDGE('',*,*,#4172,.T.);
#4172 = EDGE_CURVE('',#4140,#4173,#4175,.T.);
#4173 = VERTEX_POINT('',#4174);
#4174 = CARTESIAN_POINT('',(141.292893,-119.707107,-3.5E-02));
#4175 = LINE('',#4176,#4177);
#4176 = CARTESIAN_POINT('',(143.826893,-122.241107,-3.5E-02));
#4177 = VECTOR('',#4178,1.);
#4178 = DIRECTION('',(-0.707106781187,0.707106781187,0.));
#4179 = ORIENTED_EDGE('',*,*,#4180,.F.);
#4180 = EDGE_CURVE('',#4181,#4173,#4183,.T.);
#4181 = VERTEX_POINT('',#4182);
#4182 = CARTESIAN_POINT('',(141.292893,-119.707107,0.));
#4183 = LINE('',#4184,#4185);
#4184 = CARTESIAN_POINT('',(141.292893,-119.707107,0.));
#4185 = VECTOR('',#4186,1.);
#4186 = DIRECTION('',(0.,0.,-1.));
#4187 = ORIENTED_EDGE('',*,*,#4188,.F.);
#4188 = EDGE_CURVE('',#4149,#4181,#4189,.T.);
#4189 = LINE('',#4190,#4191);
#4190 = CARTESIAN_POINT('',(143.826893,-122.241107,0.));
#4191 = VECTOR('',#4192,1.);
#4192 = DIRECTION('',(-0.707106781187,0.707106781187,0.));
#4193 = PLANE('',#4194);
#4194 = AXIS2_PLACEMENT_3D('',#4195,#4196,#4197);
#4195 = CARTESIAN_POINT('',(143.826893,-122.241107,0.));
#4196 = DIRECTION('',(0.707106781187,0.707106781187,0.));
#4197 = DIRECTION('',(-0.707106781187,0.707106781187,0.));
#4198 = ADVANCED_FACE('',(#4199),#4226,.T.);
#4199 = FACE_BOUND('',#4200,.F.);
#4200 = EDGE_LOOP('',(#4201,#4202,#4211,#4219));
#4201 = ORIENTED_EDGE('',*,*,#4180,.T.);
#4202 = ORIENTED_EDGE('',*,*,#4203,.T.);
#4203 = EDGE_CURVE('',#4173,#4204,#4206,.T.);
#4204 = VERTEX_POINT('',#4205);
#4205 = CARTESIAN_POINT('',(141.,-119.,-3.5E-02));
#4206 = CIRCLE('',#4207,1.000004086185);
#4207 = AXIS2_PLACEMENT_3D('',#4208,#4209,#4210);
#4208 = CARTESIAN_POINT('',(142.00000408618,-118.999998745,-3.5E-02));
#4209 = DIRECTION('',(0.,0.,-1.));
#4210 = DIRECTION('',(-0.707108196809,-0.707105365561,-0.));
#4211 = ORIENTED_EDGE('',*,*,#4212,.F.);
#4212 = EDGE_CURVE('',#4213,#4204,#4215,.T.);
#4213 = VERTEX_POINT('',#4214);
#4214 = CARTESIAN_POINT('',(141.,-119.,0.));
#4215 = LINE('',#4216,#4217);
#4216 = CARTESIAN_POINT('',(141.,-119.,0.));
#4217 = VECTOR('',#4218,1.);
#4218 = DIRECTION('',(0.,0.,-1.));
#4219 = ORIENTED_EDGE('',*,*,#4220,.F.);
#4220 = EDGE_CURVE('',#4181,#4213,#4221,.T.);
#4221 = CIRCLE('',#4222,1.000004086185);
#4222 = AXIS2_PLACEMENT_3D('',#4223,#4224,#4225);
#4223 = CARTESIAN_POINT('',(142.00000408618,-118.999998745,0.));
#4224 = DIRECTION('',(0.,0.,-1.));
#4225 = DIRECTION('',(-0.707108196809,-0.707105365561,-0.));
#4226 = CYLINDRICAL_SURFACE('',#4227,1.000004086185);
#4227 = AXIS2_PLACEMENT_3D('',#4228,#4229,#4230);
#4228 = CARTESIAN_POINT('',(142.00000408618,-118.999998745,0.));
#4229 = DIRECTION('',(-0.,-0.,1.));
#4230 = DIRECTION('',(-0.707108196809,-0.707105365561,-0.));
#4231 = ADVANCED_FACE('',(#4232),#4257,.F.);
#4232 = FACE_BOUND('',#4233,.F.);
#4233 = EDGE_LOOP('',(#4234,#4235,#4243,#4251));
#4234 = ORIENTED_EDGE('',*,*,#4212,.T.);
#4235 = ORIENTED_EDGE('',*,*,#4236,.T.);
#4236 = EDGE_CURVE('',#4204,#4237,#4239,.T.);
#4237 = VERTEX_POINT('',#4238);
#4238 = CARTESIAN_POINT('',(141.,-118.594214,-3.5E-02));
#4239 = LINE('',#4240,#4241);
#4240 = CARTESIAN_POINT('',(141.,-119.,-3.5E-02));
#4241 = VECTOR('',#4242,1.);
#4242 = DIRECTION('',(0.,1.,0.));
#4243 = ORIENTED_EDGE('',*,*,#4244,.F.);
#4244 = EDGE_CURVE('',#4245,#4237,#4247,.T.);
#4245 = VERTEX_POINT('',#4246);
#4246 = CARTESIAN_POINT('',(141.,-118.594214,0.));
#4247 = LINE('',#4248,#4249);
#4248 = CARTESIAN_POINT('',(141.,-118.594214,0.));
#4249 = VECTOR('',#4250,1.);
#4250 = DIRECTION('',(0.,0.,-1.));
#4251 = ORIENTED_EDGE('',*,*,#4252,.F.);
#4252 = EDGE_CURVE('',#4213,#4245,#4253,.T.);
#4253 = LINE('',#4254,#4255);
#4254 = CARTESIAN_POINT('',(141.,-119.,0.));
#4255 = VECTOR('',#4256,1.);
#4256 = DIRECTION('',(0.,1.,0.));
#4257 = PLANE('',#4258);
#4258 = AXIS2_PLACEMENT_3D('',#4259,#4260,#4261);
#4259 = CARTESIAN_POINT('',(141.,-119.,0.));
#4260 = DIRECTION('',(1.,-0.,0.));
#4261 = DIRECTION('',(0.,1.,0.));
#4262 = ADVANCED_FACE('',(#4263),#4288,.F.);
#4263 = FACE_BOUND('',#4264,.F.);
#4264 = EDGE_LOOP('',(#4265,#4266,#4274,#4282));
#4265 = ORIENTED_EDGE('',*,*,#4244,.T.);
#4266 = ORIENTED_EDGE('',*,*,#4267,.T.);
#4267 = EDGE_CURVE('',#4237,#4268,#4270,.T.);
#4268 = VERTEX_POINT('',#4269);
#4269 = CARTESIAN_POINT('',(133.400719,-110.994933,-3.5E-02));
#4270 = LINE('',#4271,#4272);
#4271 = CARTESIAN_POINT('',(141.,-118.594214,-3.5E-02));
#4272 = VECTOR('',#4273,1.);
#4273 = DIRECTION('',(-0.707106781187,0.707106781187,0.));
#4274 = ORIENTED_EDGE('',*,*,#4275,.F.);
#4275 = EDGE_CURVE('',#4276,#4268,#4278,.T.);
#4276 = VERTEX_POINT('',#4277);
#4277 = CARTESIAN_POINT('',(133.400719,-110.994933,0.));
#4278 = LINE('',#4279,#4280);
#4279 = CARTESIAN_POINT('',(133.400719,-110.994933,0.));
#4280 = VECTOR('',#4281,1.);
#4281 = DIRECTION('',(0.,0.,-1.));
#4282 = ORIENTED_EDGE('',*,*,#4283,.F.);
#4283 = EDGE_CURVE('',#4245,#4276,#4284,.T.);
#4284 = LINE('',#4285,#4286);
#4285 = CARTESIAN_POINT('',(141.,-118.594214,0.));
#4286 = VECTOR('',#4287,1.);
#4287 = DIRECTION('',(-0.707106781187,0.707106781187,0.));
#4288 = PLANE('',#4289);
#4289 = AXIS2_PLACEMENT_3D('',#4290,#4291,#4292);
#4290 = CARTESIAN_POINT('',(141.,-118.594214,0.));
#4291 = DIRECTION('',(0.707106781187,0.707106781187,0.));
#4292 = DIRECTION('',(-0.707106781187,0.707106781187,0.));
#4293 = ADVANCED_FACE('',(#4294),#4321,.T.);
#4294 = FACE_BOUND('',#4295,.F.);
#4295 = EDGE_LOOP('',(#4296,#4297,#4306,#4314));
#4296 = ORIENTED_EDGE('',*,*,#4275,.T.);
#4297 = ORIENTED_EDGE('',*,*,#4298,.T.);
#4298 = EDGE_CURVE('',#4268,#4299,#4301,.T.);
#4299 = VERTEX_POINT('',#4300);
#4300 = CARTESIAN_POINT('',(132.618079,-110.471397,-3.5E-02));
#4301 = CIRCLE('',#4302,0.999343396029);
#4302 = AXIS2_PLACEMENT_3D('',#4303,#4304,#4305);
#4303 = CARTESIAN_POINT('',(133.49951488514,-110.0004851148,-3.5E-02));
#4304 = DIRECTION('',(0.,0.,-1.));
#4305 = DIRECTION('',(-9.886079753492E-02,-0.99510127259,-0.));
#4306 = ORIENTED_EDGE('',*,*,#4307,.F.);
#4307 = EDGE_CURVE('',#4308,#4299,#4310,.T.);
#4308 = VERTEX_POINT('',#4309);
#4309 = CARTESIAN_POINT('',(132.618079,-110.471397,0.));
#4310 = LINE('',#4311,#4312);
#4311 = CARTESIAN_POINT('',(132.618079,-110.471397,0.));
#4312 = VECTOR('',#4313,1.);
#4313 = DIRECTION('',(0.,0.,-1.));
#4314 = ORIENTED_EDGE('',*,*,#4315,.F.);
#4315 = EDGE_CURVE('',#4276,#4308,#4316,.T.);
#4316 = CIRCLE('',#4317,0.999343396029);
#4317 = AXIS2_PLACEMENT_3D('',#4318,#4319,#4320);
#4318 = CARTESIAN_POINT('',(133.49951488514,-110.0004851148,0.));
#4319 = DIRECTION('',(0.,0.,-1.));
#4320 = DIRECTION('',(-9.886079753492E-02,-0.99510127259,-0.));
#4321 = CYLINDRICAL_SURFACE('',#4322,0.999343396029);
#4322 = AXIS2_PLACEMENT_3D('',#4323,#4324,#4325);
#4323 = CARTESIAN_POINT('',(133.49951488514,-110.0004851148,0.));
#4324 = DIRECTION('',(-0.,-0.,1.));
#4325 = DIRECTION('',(-9.886079753492E-02,-0.99510127259,-0.));
#4326 = ADVANCED_FACE('',(#4327),#4352,.F.);
#4327 = FACE_BOUND('',#4328,.F.);
#4328 = EDGE_LOOP('',(#4329,#4330,#4338,#4346));
#4329 = ORIENTED_EDGE('',*,*,#4307,.T.);
#4330 = ORIENTED_EDGE('',*,*,#4331,.T.);
#4331 = EDGE_CURVE('',#4299,#4332,#4334,.T.);
#4332 = VERTEX_POINT('',#4333);
#4333 = CARTESIAN_POINT('',(132.54306,-110.290285,-3.5E-02));
#4334 = LINE('',#4335,#4336);
#4335 = CARTESIAN_POINT('',(132.618079,-110.471397,-3.5E-02));
#4336 = VECTOR('',#4337,1.);
#4337 = DIRECTION('',(-0.382683228991,0.923879616751,0.));
#4338 = ORIENTED_EDGE('',*,*,#4339,.F.);
#4339 = EDGE_CURVE('',#4340,#4332,#4342,.T.);
#4340 = VERTEX_POINT('',#4341);
#4341 = CARTESIAN_POINT('',(132.54306,-110.290285,0.));
#4342 = LINE('',#4343,#4344);
#4343 = CARTESIAN_POINT('',(132.54306,-110.290285,0.));
#4344 = VECTOR('',#4345,1.);
#4345 = DIRECTION('',(0.,0.,-1.));
#4346 = ORIENTED_EDGE('',*,*,#4347,.F.);
#4347 = EDGE_CURVE('',#4308,#4340,#4348,.T.);
#4348 = LINE('',#4349,#4350);
#4349 = CARTESIAN_POINT('',(132.618079,-110.471397,0.));
#4350 = VECTOR('',#4351,1.);
#4351 = DIRECTION('',(-0.382683228991,0.923879616751,0.));
#4352 = PLANE('',#4353);
#4353 = AXIS2_PLACEMENT_3D('',#4354,#4355,#4356);
#4354 = CARTESIAN_POINT('',(132.618079,-110.471397,0.));
#4355 = DIRECTION('',(0.923879616751,0.382683228991,0.));
#4356 = DIRECTION('',(-0.382683228991,0.923879616751,0.));
#4357 = ADVANCED_FACE('',(#4358),#4376,.T.);
#4358 = FACE_BOUND('',#4359,.F.);
#4359 = EDGE_LOOP('',(#4360,#4361,#4368,#4369));
#4360 = ORIENTED_EDGE('',*,*,#4339,.T.);
#4361 = ORIENTED_EDGE('',*,*,#4362,.T.);
#4362 = EDGE_CURVE('',#4332,#3814,#4363,.T.);
#4363 = CIRCLE('',#4364,1.000000179928);
#4364 = AXIS2_PLACEMENT_3D('',#4365,#4366,#4367);
#4365 = CARTESIAN_POINT('',(133.50000039031,-109.9999998828,-3.5E-02));
#4366 = DIRECTION('',(0.,0.,-1.));
#4367 = DIRECTION('',(-0.956940218135,-0.29028506492,-0.));
#4368 = ORIENTED_EDGE('',*,*,#3811,.F.);
#4369 = ORIENTED_EDGE('',*,*,#4370,.F.);
#4370 = EDGE_CURVE('',#4340,#3812,#4371,.T.);
#4371 = CIRCLE('',#4372,1.000000179928);
#4372 = AXIS2_PLACEMENT_3D('',#4373,#4374,#4375);
#4373 = CARTESIAN_POINT('',(133.50000039031,-109.9999998828,0.));
#4374 = DIRECTION('',(0.,0.,-1.));
#4375 = DIRECTION('',(-0.956940218135,-0.29028506492,-0.));
#4376 = CYLINDRICAL_SURFACE('',#4377,1.000000179928);
#4377 = AXIS2_PLACEMENT_3D('',#4378,#4379,#4380);
#4378 = CARTESIAN_POINT('',(133.50000039031,-109.9999998828,0.));
#4379 = DIRECTION('',(-0.,-0.,1.));
#4380 = DIRECTION('',(-0.956940218135,-0.29028506492,-0.));
#4381 = ADVANCED_FACE('',(#4382),#4409,.F.);
#4382 = FACE_BOUND('',#4383,.F.);
#4383 = EDGE_LOOP('',(#4384,#4394,#4401,#4402));
#4384 = ORIENTED_EDGE('',*,*,#4385,.T.);
#4385 = EDGE_CURVE('',#4386,#4388,#4390,.T.);
#4386 = VERTEX_POINT('',#4387);
#4387 = CARTESIAN_POINT('',(145.211891,-121.534,0.));
#4388 = VERTEX_POINT('',#4389);
#4389 = CARTESIAN_POINT('',(145.211891,-121.534,-3.5E-02));
#4390 = LINE('',#4391,#4392);
#4391 = CARTESIAN_POINT('',(145.211891,-121.534,0.));
#4392 = VECTOR('',#4393,1.);
#4393 = DIRECTION('',(0.,0.,-1.));
#4394 = ORIENTED_EDGE('',*,*,#4395,.T.);
#4395 = EDGE_CURVE('',#4388,#4388,#4396,.T.);
#4396 = CIRCLE('',#4397,0.431891);
#4397 = AXIS2_PLACEMENT_3D('',#4398,#4399,#4400);
#4398 = CARTESIAN_POINT('',(144.78,-121.534,-3.5E-02));
#4399 = DIRECTION('',(0.,0.,1.));
#4400 = DIRECTION('',(1.,0.,-0.));
#4401 = ORIENTED_EDGE('',*,*,#4385,.F.);
#4402 = ORIENTED_EDGE('',*,*,#4403,.F.);
#4403 = EDGE_CURVE('',#4386,#4386,#4404,.T.);
#4404 = CIRCLE('',#4405,0.431891);
#4405 = AXIS2_PLACEMENT_3D('',#4406,#4407,#4408);
#4406 = CARTESIAN_POINT('',(144.78,-121.534,0.));
#4407 = DIRECTION('',(0.,0.,1.));
#4408 = DIRECTION('',(1.,0.,-0.));
#4409 = CYLINDRICAL_SURFACE('',#4410,0.431891);
#4410 = AXIS2_PLACEMENT_3D('',#4411,#4412,#4413);
#4411 = CARTESIAN_POINT('',(144.78,-121.534,0.));
#4412 = DIRECTION('',(0.,0.,1.));
#4413 = DIRECTION('',(1.,0.,-0.));
#4414 = ADVANCED_FACE('',(#4415),#4442,.F.);
#4415 = FACE_BOUND('',#4416,.F.);
#4416 = EDGE_LOOP('',(#4417,#4427,#4434,#4435));
#4417 = ORIENTED_EDGE('',*,*,#4418,.T.);
#4418 = EDGE_CURVE('',#4419,#4421,#4423,.T.);
#4419 = VERTEX_POINT('',#4420);
#4420 = CARTESIAN_POINT('',(138.507392,-114.3,0.));
#4421 = VERTEX_POINT('',#4422);
#4422 = CARTESIAN_POINT('',(138.507392,-114.3,-3.5E-02));
#4423 = LINE('',#4424,#4425);
#4424 = CARTESIAN_POINT('',(138.507392,-114.3,0.));
#4425 = VECTOR('',#4426,1.);
#4426 = DIRECTION('',(0.,0.,-1.));
#4427 = ORIENTED_EDGE('',*,*,#4428,.T.);
#4428 = EDGE_CURVE('',#4421,#4421,#4429,.T.);
#4429 = CIRCLE('',#4430,0.387392);
#4430 = AXIS2_PLACEMENT_3D('',#4431,#4432,#4433);
#4431 = CARTESIAN_POINT('',(138.12,-114.3,-3.5E-02));
#4432 = DIRECTION('',(0.,0.,1.));
#4433 = DIRECTION('',(1.,0.,-0.));
#4434 = ORIENTED_EDGE('',*,*,#4418,.F.);
#4435 = ORIENTED_EDGE('',*,*,#4436,.F.);
#4436 = EDGE_CURVE('',#4419,#4419,#4437,.T.);
#4437 = CIRCLE('',#4438,0.387392);
#4438 = AXIS2_PLACEMENT_3D('',#4439,#4440,#4441);
#4439 = CARTESIAN_POINT('',(138.12,-114.3,0.));
#4440 = DIRECTION('',(0.,0.,1.));
#4441 = DIRECTION('',(1.,0.,-0.));
#4442 = CYLINDRICAL_SURFACE('',#4443,0.387392);
#4443 = AXIS2_PLACEMENT_3D('',#4444,#4445,#4446);
#4444 = CARTESIAN_POINT('',(138.12,-114.3,0.));
#4445 = DIRECTION('',(0.,0.,1.));
#4446 = DIRECTION('',(1.,0.,-0.));
#4447 = ADVANCED_FACE('',(#4448),#4475,.F.);
#4448 = FACE_BOUND('',#4449,.F.);
#4449 = EDGE_LOOP('',(#4450,#4460,#4467,#4468));
#4450 = ORIENTED_EDGE('',*,*,#4451,.T.);
#4451 = EDGE_CURVE('',#4452,#4454,#4456,.T.);
#4452 = VERTEX_POINT('',#4453);
#4453 = CARTESIAN_POINT('',(133.887392,-110.,0.));
#4454 = VERTEX_POINT('',#4455);
#4455 = CARTESIAN_POINT('',(133.887392,-110.,-3.5E-02));
#4456 = LINE('',#4457,#4458);
#4457 = CARTESIAN_POINT('',(133.887392,-110.,0.));
#4458 = VECTOR('',#4459,1.);
#4459 = DIRECTION('',(0.,0.,-1.));
#4460 = ORIENTED_EDGE('',*,*,#4461,.T.);
#4461 = EDGE_CURVE('',#4454,#4454,#4462,.T.);
#4462 = CIRCLE('',#4463,0.387392);
#4463 = AXIS2_PLACEMENT_3D('',#4464,#4465,#4466);
#4464 = CARTESIAN_POINT('',(133.5,-110.,-3.5E-02));
#4465 = DIRECTION('',(0.,0.,1.));
#4466 = DIRECTION('',(1.,0.,-0.));
#4467 = ORIENTED_EDGE('',*,*,#4451,.F.);
#4468 = ORIENTED_EDGE('',*,*,#4469,.F.);
#4469 = EDGE_CURVE('',#4452,#4452,#4470,.T.);
#4470 = CIRCLE('',#4471,0.387392);
#4471 = AXIS2_PLACEMENT_3D('',#4472,#4473,#4474);
#4472 = CARTESIAN_POINT('',(133.5,-110.,0.));
#4473 = DIRECTION('',(0.,0.,1.));
#4474 = DIRECTION('',(1.,0.,-0.));
#4475 = CYLINDRICAL_SURFACE('',#4476,0.387392);
#4476 = AXIS2_PLACEMENT_3D('',#4477,#4478,#4479);
#4477 = CARTESIAN_POINT('',(133.5,-110.,0.));
#4478 = DIRECTION('',(0.,0.,1.));
#4479 = DIRECTION('',(1.,0.,-0.));
#4480 = ADVANCED_FACE('',(#4481,#4501,#4504,#4507),#4510,.F.);
#4481 = FACE_BOUND('',#4482,.F.);
#4482 = EDGE_LOOP('',(#4483,#4484,#4485,#4486,#4487,#4488,#4489,#4490,
    #4491,#4492,#4493,#4494,#4495,#4496,#4497,#4498,#4499,#4500));
#4483 = ORIENTED_EDGE('',*,*,#3838,.T.);
#4484 = ORIENTED_EDGE('',*,*,#3870,.T.);
#4485 = ORIENTED_EDGE('',*,*,#3902,.T.);
#4486 = ORIENTED_EDGE('',*,*,#3934,.T.);
#4487 = ORIENTED_EDGE('',*,*,#3966,.T.);
#4488 = ORIENTED_EDGE('',*,*,#3998,.T.);
#4489 = ORIENTED_EDGE('',*,*,#4029,.T.);
#4490 = ORIENTED_EDGE('',*,*,#4060,.T.);
#4491 = ORIENTED_EDGE('',*,*,#4092,.T.);
#4492 = ORIENTED_EDGE('',*,*,#4124,.T.);
#4493 = ORIENTED_EDGE('',*,*,#4156,.T.);
#4494 = ORIENTED_EDGE('',*,*,#4188,.T.);
#4495 = ORIENTED_EDGE('',*,*,#4220,.T.);
#4496 = ORIENTED_EDGE('',*,*,#4252,.T.);
#4497 = ORIENTED_EDGE('',*,*,#4283,.T.);
#4498 = ORIENTED_EDGE('',*,*,#4315,.T.);
#4499 = ORIENTED_EDGE('',*,*,#4347,.T.);
#4500 = ORIENTED_EDGE('',*,*,#4370,.T.);
#4501 = FACE_BOUND('',#4502,.F.);
#4502 = EDGE_LOOP('',(#4503));
#4503 = ORIENTED_EDGE('',*,*,#4403,.T.);
#4504 = FACE_BOUND('',#4505,.F.);
#4505 = EDGE_LOOP('',(#4506));
#4506 = ORIENTED_EDGE('',*,*,#4436,.T.);
#4507 = FACE_BOUND('',#4508,.F.);
#4508 = EDGE_LOOP('',(#4509));
#4509 = ORIENTED_EDGE('',*,*,#4469,.T.);
#4510 = PLANE('',#4511);
#4511 = AXIS2_PLACEMENT_3D('',#4512,#4513,#4514);
#4512 = CARTESIAN_POINT('',(0.,0.,0.));
#4513 = DIRECTION('',(-0.,-0.,-1.));
#4514 = DIRECTION('',(-1.,0.,0.));
#4515 = ADVANCED_FACE('',(#4516,#4536,#4539,#4542),#4545,.T.);
#4516 = FACE_BOUND('',#4517,.T.);
#4517 = EDGE_LOOP('',(#4518,#4519,#4520,#4521,#4522,#4523,#4524,#4525,
    #4526,#4527,#4528,#4529,#4530,#4531,#4532,#4533,#4534,#4535));
#4518 = ORIENTED_EDGE('',*,*,#3821,.T.);
#4519 = ORIENTED_EDGE('',*,*,#3854,.T.);
#4520 = ORIENTED_EDGE('',*,*,#3885,.T.);
#4521 = ORIENTED_EDGE('',*,*,#3918,.T.);
#4522 = ORIENTED_EDGE('',*,*,#3949,.T.);
#4523 = ORIENTED_EDGE('',*,*,#3982,.T.);
#4524 = ORIENTED_EDGE('',*,*,#4013,.T.);
#4525 = ORIENTED_EDGE('',*,*,#4044,.T.);
#4526 = ORIENTED_EDGE('',*,*,#4075,.T.);
#4527 = ORIENTED_EDGE('',*,*,#4108,.T.);
#4528 = ORIENTED_EDGE('',*,*,#4139,.T.);
#4529 = ORIENTED_EDGE('',*,*,#4172,.T.);
#4530 = ORIENTED_EDGE('',*,*,#4203,.T.);
#4531 = ORIENTED_EDGE('',*,*,#4236,.T.);
#4532 = ORIENTED_EDGE('',*,*,#4267,.T.);
#4533 = ORIENTED_EDGE('',*,*,#4298,.T.);
#4534 = ORIENTED_EDGE('',*,*,#4331,.T.);
#4535 = ORIENTED_EDGE('',*,*,#4362,.T.);
#4536 = FACE_BOUND('',#4537,.T.);
#4537 = EDGE_LOOP('',(#4538));
#4538 = ORIENTED_EDGE('',*,*,#4395,.T.);
#4539 = FACE_BOUND('',#4540,.T.);
#4540 = EDGE_LOOP('',(#4541));
#4541 = ORIENTED_EDGE('',*,*,#4428,.T.);
#4542 = FACE_BOUND('',#4543,.T.);
#4543 = EDGE_LOOP('',(#4544));
#4544 = ORIENTED_EDGE('',*,*,#4461,.T.);
#4545 = PLANE('',#4546);
#4546 = AXIS2_PLACEMENT_3D('',#4547,#4548,#4549);
#4547 = CARTESIAN_POINT('',(0.,0.,-3.5E-02));
#4548 = DIRECTION('',(-0.,-0.,-1.));
#4549 = DIRECTION('',(-1.,0.,0.));
#4550 = MANIFOLD_SOLID_BREP('',#4551);
#4551 = CLOSED_SHELL('',(#4552,#4592,#4625,#4656,#4689,#4720,#4753,#4775
    ,#4808,#4841,#4862));
#4552 = ADVANCED_FACE('',(#4553),#4587,.F.);
#4553 = FACE_BOUND('',#4554,.F.);
#4554 = EDGE_LOOP('',(#4555,#4565,#4573,#4581));
#4555 = ORIENTED_EDGE('',*,*,#4556,.T.);
#4556 = EDGE_CURVE('',#4557,#4559,#4561,.T.);
#4557 = VERTEX_POINT('',#4558);
#4558 = CARTESIAN_POINT('',(144.809671,-112.915457,0.));
#4559 = VERTEX_POINT('',#4560);
#4560 = CARTESIAN_POINT('',(144.809671,-112.915457,-3.5E-02));
#4561 = LINE('',#4562,#4563);
#4562 = CARTESIAN_POINT('',(144.809671,-112.915457,0.));
#4563 = VECTOR('',#4564,1.);
#4564 = DIRECTION('',(0.,0.,-1.));
#4565 = ORIENTED_EDGE('',*,*,#4566,.T.);
#4566 = EDGE_CURVE('',#4559,#4567,#4569,.T.);
#4567 = VERTEX_POINT('',#4568);
#4568 = CARTESIAN_POINT('',(144.878017,-112.918815,-3.5E-02));
#4569 = LINE('',#4570,#4571);
#4570 = CARTESIAN_POINT('',(144.809671,-112.915457,-3.5E-02));
#4571 = VECTOR('',#4572,1.);
#4572 = DIRECTION('',(0.998795186665,-4.907316063578E-02,0.));
#4573 = ORIENTED_EDGE('',*,*,#4574,.F.);
#4574 = EDGE_CURVE('',#4575,#4567,#4577,.T.);
#4575 = VERTEX_POINT('',#4576);
#4576 = CARTESIAN_POINT('',(144.878017,-112.918815,0.));
#4577 = LINE('',#4578,#4579);
#4578 = CARTESIAN_POINT('',(144.878017,-112.918815,0.));
#4579 = VECTOR('',#4580,1.);
#4580 = DIRECTION('',(0.,0.,-1.));
#4581 = ORIENTED_EDGE('',*,*,#4582,.F.);
#4582 = EDGE_CURVE('',#4557,#4575,#4583,.T.);
#4583 = LINE('',#4584,#4585);
#4584 = CARTESIAN_POINT('',(144.809671,-112.915457,0.));
#4585 = VECTOR('',#4586,1.);
#4586 = DIRECTION('',(0.998795186665,-4.907316063578E-02,0.));
#4587 = PLANE('',#4588);
#4588 = AXIS2_PLACEMENT_3D('',#4589,#4590,#4591);
#4589 = CARTESIAN_POINT('',(144.809671,-112.915457,0.));
#4590 = DIRECTION('',(-4.907316063578E-02,-0.998795186665,-0.));
#4591 = DIRECTION('',(0.998795186665,-4.907316063578E-02,0.));
#4592 = ADVANCED_FACE('',(#4593),#4620,.T.);
#4593 = FACE_BOUND('',#4594,.F.);
#4594 = EDGE_LOOP('',(#4595,#4596,#4605,#4613));
#4595 = ORIENTED_EDGE('',*,*,#4574,.T.);
#4596 = ORIENTED_EDGE('',*,*,#4597,.T.);
#4597 = EDGE_CURVE('',#4567,#4598,#4600,.T.);
#4598 = VERTEX_POINT('',#4599);
#4599 = CARTESIAN_POINT('',(144.78,-114.914,-3.5E-02));
#4600 = CIRCLE('',#4601,1.000000122129);
#4601 = AXIS2_PLACEMENT_3D('',#4602,#4603,#4604);
#4602 = CARTESIAN_POINT('',(144.78000014881,-113.9139998778,-3.5E-02));
#4603 = DIRECTION('',(0.,0.,-1.));
#4604 = DIRECTION('',(9.80168392143E-02,0.995184756329,0.));
#4605 = ORIENTED_EDGE('',*,*,#4606,.F.);
#4606 = EDGE_CURVE('',#4607,#4598,#4609,.T.);
#4607 = VERTEX_POINT('',#4608);
#4608 = CARTESIAN_POINT('',(144.78,-114.914,0.));
#4609 = LINE('',#4610,#4611);
#4610 = CARTESIAN_POINT('',(144.78,-114.914,0.));
#4611 = VECTOR('',#4612,1.);
#4612 = DIRECTION('',(0.,0.,-1.));
#4613 = ORIENTED_EDGE('',*,*,#4614,.F.);
#4614 = EDGE_CURVE('',#4575,#4607,#4615,.T.);
#4615 = CIRCLE('',#4616,1.000000122129);
#4616 = AXIS2_PLACEMENT_3D('',#4617,#4618,#4619);
#4617 = CARTESIAN_POINT('',(144.78000014881,-113.9139998778,0.));
#4618 = DIRECTION('',(0.,0.,-1.));
#4619 = DIRECTION('',(9.80168392143E-02,0.995184756329,0.));
#4620 = CYLINDRICAL_SURFACE('',#4621,1.000000122129);
#4621 = AXIS2_PLACEMENT_3D('',#4622,#4623,#4624);
#4622 = CARTESIAN_POINT('',(144.78000014881,-113.9139998778,0.));
#4623 = DIRECTION('',(-0.,-0.,1.));
#4624 = DIRECTION('',(9.80168392143E-02,0.995184756329,0.));
#4625 = ADVANCED_FACE('',(#4626),#4651,.F.);
#4626 = FACE_BOUND('',#4627,.F.);
#4627 = EDGE_LOOP('',(#4628,#4629,#4637,#4645));
#4628 = ORIENTED_EDGE('',*,*,#4606,.T.);
#4629 = ORIENTED_EDGE('',*,*,#4630,.T.);
#4630 = EDGE_CURVE('',#4598,#4631,#4633,.T.);
#4631 = VERTEX_POINT('',#4632);
#4632 = CARTESIAN_POINT('',(144.394,-114.914,-3.5E-02));
#4633 = LINE('',#4634,#4635);
#4634 = CARTESIAN_POINT('',(144.78,-114.914,-3.5E-02));
#4635 = VECTOR('',#4636,1.);
#4636 = DIRECTION('',(-1.,0.,0.));
#4637 = ORIENTED_EDGE('',*,*,#4638,.F.);
#4638 = EDGE_CURVE('',#4639,#4631,#4641,.T.);
#4639 = VERTEX_POINT('',#4640);
#4640 = CARTESIAN_POINT('',(144.394,-114.914,0.));
#4641 = LINE('',#4642,#4643);
#4642 = CARTESIAN_POINT('',(144.394,-114.914,0.));
#4643 = VECTOR('',#4644,1.);
#4644 = DIRECTION('',(0.,0.,-1.));
#4645 = ORIENTED_EDGE('',*,*,#4646,.F.);
#4646 = EDGE_CURVE('',#4607,#4639,#4647,.T.);
#4647 = LINE('',#4648,#4649);
#4648 = CARTESIAN_POINT('',(144.78,-114.914,0.));
#4649 = VECTOR('',#4650,1.);
#4650 = DIRECTION('',(-1.,0.,0.));
#4651 = PLANE('',#4652);
#4652 = AXIS2_PLACEMENT_3D('',#4653,#4654,#4655);
#4653 = CARTESIAN_POINT('',(144.78,-114.914,0.));
#4654 = DIRECTION('',(0.,1.,0.));
#4655 = DIRECTION('',(-1.,0.,0.));
#4656 = ADVANCED_FACE('',(#4657),#4684,.T.);
#4657 = FACE_BOUND('',#4658,.F.);
#4658 = EDGE_LOOP('',(#4659,#4660,#4669,#4677));
#4659 = ORIENTED_EDGE('',*,*,#4638,.T.);
#4660 = ORIENTED_EDGE('',*,*,#4661,.T.);
#4661 = EDGE_CURVE('',#4631,#4662,#4664,.T.);
#4662 = VERTEX_POINT('',#4663);
#4663 = CARTESIAN_POINT('',(143.686893,-114.621107,-3.5E-02));
#4664 = CIRCLE('',#4665,1.000004594775);
#4665 = AXIS2_PLACEMENT_3D('',#4666,#4667,#4668);
#4666 = CARTESIAN_POINT('',(144.39400146558,-113.9139954052,-3.5E-02));
#4667 = DIRECTION('',(0.,0.,-1.));
#4668 = DIRECTION('',(-1.465582103826E-06,-0.999999999999,-0.));
#4669 = ORIENTED_EDGE('',*,*,#4670,.F.);
#4670 = EDGE_CURVE('',#4671,#4662,#4673,.T.);
#4671 = VERTEX_POINT('',#4672);
#4672 = CARTESIAN_POINT('',(143.686893,-114.621107,0.));
#4673 = LINE('',#4674,#4675);
#4674 = CARTESIAN_POINT('',(143.686893,-114.621107,0.));
#4675 = VECTOR('',#4676,1.);
#4676 = DIRECTION('',(0.,0.,-1.));
#4677 = ORIENTED_EDGE('',*,*,#4678,.F.);
#4678 = EDGE_CURVE('',#4639,#4671,#4679,.T.);
#4679 = CIRCLE('',#4680,1.000004594775);
#4680 = AXIS2_PLACEMENT_3D('',#4681,#4682,#4683);
#4681 = CARTESIAN_POINT('',(144.39400146558,-113.9139954052,0.));
#4682 = DIRECTION('',(0.,0.,-1.));
#4683 = DIRECTION('',(-1.465582103826E-06,-0.999999999999,-0.));
#4684 = CYLINDRICAL_SURFACE('',#4685,1.000004594775);
#4685 = AXIS2_PLACEMENT_3D('',#4686,#4687,#4688);
#4686 = CARTESIAN_POINT('',(144.39400146558,-113.9139954052,0.));
#4687 = DIRECTION('',(-0.,-0.,1.));
#4688 = DIRECTION('',(-1.465582103826E-06,-0.999999999999,-0.));
#4689 = ADVANCED_FACE('',(#4690),#4715,.F.);
#4690 = FACE_BOUND('',#4691,.F.);
#4691 = EDGE_LOOP('',(#4692,#4693,#4701,#4709));
#4692 = ORIENTED_EDGE('',*,*,#4670,.T.);
#4693 = ORIENTED_EDGE('',*,*,#4694,.T.);
#4694 = EDGE_CURVE('',#4662,#4695,#4697,.T.);
#4695 = VERTEX_POINT('',#4696);
#4696 = CARTESIAN_POINT('',(136.452893,-107.387107,-3.5E-02));
#4697 = LINE('',#4698,#4699);
#4698 = CARTESIAN_POINT('',(143.686893,-114.621107,-3.5E-02));
#4699 = VECTOR('',#4700,1.);
#4700 = DIRECTION('',(-0.707106781187,0.707106781187,0.));
#4701 = ORIENTED_EDGE('',*,*,#4702,.F.);
#4702 = EDGE_CURVE('',#4703,#4695,#4705,.T.);
#4703 = VERTEX_POINT('',#4704);
#4704 = CARTESIAN_POINT('',(136.452893,-107.387107,0.));
#4705 = LINE('',#4706,#4707);
#4706 = CARTESIAN_POINT('',(136.452893,-107.387107,0.));
#4707 = VECTOR('',#4708,1.);
#4708 = DIRECTION('',(0.,0.,-1.));
#4709 = ORIENTED_EDGE('',*,*,#4710,.F.);
#4710 = EDGE_CURVE('',#4671,#4703,#4711,.T.);
#4711 = LINE('',#4712,#4713);
#4712 = CARTESIAN_POINT('',(143.686893,-114.621107,0.));
#4713 = VECTOR('',#4714,1.);
#4714 = DIRECTION('',(-0.707106781187,0.707106781187,0.));
#4715 = PLANE('',#4716);
#4716 = AXIS2_PLACEMENT_3D('',#4717,#4718,#4719);
#4717 = CARTESIAN_POINT('',(143.686893,-114.621107,0.));
#4718 = DIRECTION('',(0.707106781187,0.707106781187,0.));
#4719 = DIRECTION('',(-0.707106781187,0.707106781187,0.));
#4720 = ADVANCED_FACE('',(#4721),#4748,.T.);
#4721 = FACE_BOUND('',#4722,.F.);
#4722 = EDGE_LOOP('',(#4723,#4724,#4733,#4741));
#4723 = ORIENTED_EDGE('',*,*,#4702,.T.);
#4724 = ORIENTED_EDGE('',*,*,#4725,.T.);
#4725 = EDGE_CURVE('',#4695,#4726,#4728,.T.);
#4726 = VERTEX_POINT('',#4727);
#4727 = CARTESIAN_POINT('',(137.867107,-105.972893,-3.5E-02));
#4728 = CIRCLE('',#4729,1.00000030945);
#4729 = AXIS2_PLACEMENT_3D('',#4730,#4731,#4732);
#4730 = CARTESIAN_POINT('',(137.16000095716,-106.6800009571,-3.5E-02));
#4731 = DIRECTION('',(0.,0.,-1.));
#4732 = DIRECTION('',(-0.707107738353,-0.707105824019,-0.));
#4733 = ORIENTED_EDGE('',*,*,#4734,.F.);
#4734 = EDGE_CURVE('',#4735,#4726,#4737,.T.);
#4735 = VERTEX_POINT('',#4736);
#4736 = CARTESIAN_POINT('',(137.867107,-105.972893,0.));
#4737 = LINE('',#4738,#4739);
#4738 = CARTESIAN_POINT('',(137.867107,-105.972893,0.));
#4739 = VECTOR('',#4740,1.);
#4740 = DIRECTION('',(0.,0.,-1.));
#4741 = ORIENTED_EDGE('',*,*,#4742,.F.);
#4742 = EDGE_CURVE('',#4703,#4735,#4743,.T.);
#4743 = CIRCLE('',#4744,1.00000030945);
#4744 = AXIS2_PLACEMENT_3D('',#4745,#4746,#4747);
#4745 = CARTESIAN_POINT('',(137.16000095716,-106.6800009571,0.));
#4746 = DIRECTION('',(0.,0.,-1.));
#4747 = DIRECTION('',(-0.707107738353,-0.707105824019,-0.));
#4748 = CYLINDRICAL_SURFACE('',#4749,1.00000030945);
#4749 = AXIS2_PLACEMENT_3D('',#4750,#4751,#4752);
#4750 = CARTESIAN_POINT('',(137.16000095716,-106.6800009571,0.));
#4751 = DIRECTION('',(-0.,-0.,1.));
#4752 = DIRECTION('',(-0.707107738353,-0.707105824019,-0.));
#4753 = ADVANCED_FACE('',(#4754),#4770,.F.);
#4754 = FACE_BOUND('',#4755,.F.);
#4755 = EDGE_LOOP('',(#4756,#4757,#4763,#4764));
#4756 = ORIENTED_EDGE('',*,*,#4734,.T.);
#4757 = ORIENTED_EDGE('',*,*,#4758,.T.);
#4758 = EDGE_CURVE('',#4726,#4559,#4759,.T.);
#4759 = LINE('',#4760,#4761);
#4760 = CARTESIAN_POINT('',(137.867107,-105.972893,-3.5E-02));
#4761 = VECTOR('',#4762,1.);
#4762 = DIRECTION('',(0.707106781187,-0.707106781187,0.));
#4763 = ORIENTED_EDGE('',*,*,#4556,.F.);
#4764 = ORIENTED_EDGE('',*,*,#4765,.F.);
#4765 = EDGE_CURVE('',#4735,#4557,#4766,.T.);
#4766 = LINE('',#4767,#4768);
#4767 = CARTESIAN_POINT('',(137.867107,-105.972893,0.));
#4768 = VECTOR('',#4769,1.);
#4769 = DIRECTION('',(0.707106781187,-0.707106781187,0.));
#4770 = PLANE('',#4771);
#4771 = AXIS2_PLACEMENT_3D('',#4772,#4773,#4774);
#4772 = CARTESIAN_POINT('',(137.867107,-105.972893,0.));
#4773 = DIRECTION('',(-0.707106781187,-0.707106781187,-0.));
#4774 = DIRECTION('',(0.707106781187,-0.707106781187,0.));
#4775 = ADVANCED_FACE('',(#4776),#4803,.F.);
#4776 = FACE_BOUND('',#4777,.F.);
#4777 = EDGE_LOOP('',(#4778,#4788,#4795,#4796));
#4778 = ORIENTED_EDGE('',*,*,#4779,.T.);
#4779 = EDGE_CURVE('',#4780,#4782,#4784,.T.);
#4780 = VERTEX_POINT('',#4781);
#4781 = CARTESIAN_POINT('',(145.211891,-113.914,0.));
#4782 = VERTEX_POINT('',#4783);
#4783 = CARTESIAN_POINT('',(145.211891,-113.914,-3.5E-02));
#4784 = LINE('',#4785,#4786);
#4785 = CARTESIAN_POINT('',(145.211891,-113.914,0.));
#4786 = VECTOR('',#4787,1.);
#4787 = DIRECTION('',(0.,0.,-1.));
#4788 = ORIENTED_EDGE('',*,*,#4789,.T.);
#4789 = EDGE_CURVE('',#4782,#4782,#4790,.T.);
#4790 = CIRCLE('',#4791,0.431891);
#4791 = AXIS2_PLACEMENT_3D('',#4792,#4793,#4794);
#4792 = CARTESIAN_POINT('',(144.78,-113.914,-3.5E-02));
#4793 = DIRECTION('',(0.,0.,1.));
#4794 = DIRECTION('',(1.,0.,-0.));
#4795 = ORIENTED_EDGE('',*,*,#4779,.F.);
#4796 = ORIENTED_EDGE('',*,*,#4797,.F.);
#4797 = EDGE_CURVE('',#4780,#4780,#4798,.T.);
#4798 = CIRCLE('',#4799,0.431891);
#4799 = AXIS2_PLACEMENT_3D('',#4800,#4801,#4802);
#4800 = CARTESIAN_POINT('',(144.78,-113.914,0.));
#4801 = DIRECTION('',(0.,0.,1.));
#4802 = DIRECTION('',(1.,0.,-0.));
#4803 = CYLINDRICAL_SURFACE('',#4804,0.431891);
#4804 = AXIS2_PLACEMENT_3D('',#4805,#4806,#4807);
#4805 = CARTESIAN_POINT('',(144.78,-113.914,0.));
#4806 = DIRECTION('',(0.,0.,1.));
#4807 = DIRECTION('',(1.,0.,-0.));
#4808 = ADVANCED_FACE('',(#4809),#4836,.F.);
#4809 = FACE_BOUND('',#4810,.F.);
#4810 = EDGE_LOOP('',(#4811,#4821,#4828,#4829));
#4811 = ORIENTED_EDGE('',*,*,#4812,.T.);
#4812 = EDGE_CURVE('',#4813,#4815,#4817,.T.);
#4813 = VERTEX_POINT('',#4814);
#4814 = CARTESIAN_POINT('',(137.647392,-106.68,0.));
#4815 = VERTEX_POINT('',#4816);
#4816 = CARTESIAN_POINT('',(137.647392,-106.68,-3.5E-02));
#4817 = LINE('',#4818,#4819);
#4818 = CARTESIAN_POINT('',(137.647392,-106.68,0.));
#4819 = VECTOR('',#4820,1.);
#4820 = DIRECTION('',(0.,0.,-1.));
#4821 = ORIENTED_EDGE('',*,*,#4822,.T.);
#4822 = EDGE_CURVE('',#4815,#4815,#4823,.T.);
#4823 = CIRCLE('',#4824,0.487392);
#4824 = AXIS2_PLACEMENT_3D('',#4825,#4826,#4827);
#4825 = CARTESIAN_POINT('',(137.16,-106.68,-3.5E-02));
#4826 = DIRECTION('',(0.,0.,1.));
#4827 = DIRECTION('',(1.,0.,-0.));
#4828 = ORIENTED_EDGE('',*,*,#4812,.F.);
#4829 = ORIENTED_EDGE('',*,*,#4830,.F.);
#4830 = EDGE_CURVE('',#4813,#4813,#4831,.T.);
#4831 = CIRCLE('',#4832,0.487392);
#4832 = AXIS2_PLACEMENT_3D('',#4833,#4834,#4835);
#4833 = CARTESIAN_POINT('',(137.16,-106.68,0.));
#4834 = DIRECTION('',(0.,0.,1.));
#4835 = DIRECTION('',(1.,0.,-0.));
#4836 = CYLINDRICAL_SURFACE('',#4837,0.487392);
#4837 = AXIS2_PLACEMENT_3D('',#4838,#4839,#4840);
#4838 = CARTESIAN_POINT('',(137.16,-106.68,0.));
#4839 = DIRECTION('',(0.,0.,1.));
#4840 = DIRECTION('',(1.,0.,-0.));
#4841 = ADVANCED_FACE('',(#4842,#4851,#4854),#4857,.F.);
#4842 = FACE_BOUND('',#4843,.F.);
#4843 = EDGE_LOOP('',(#4844,#4845,#4846,#4847,#4848,#4849,#4850));
#4844 = ORIENTED_EDGE('',*,*,#4582,.T.);
#4845 = ORIENTED_EDGE('',*,*,#4614,.T.);
#4846 = ORIENTED_EDGE('',*,*,#4646,.T.);
#4847 = ORIENTED_EDGE('',*,*,#4678,.T.);
#4848 = ORIENTED_EDGE('',*,*,#4710,.T.);
#4849 = ORIENTED_EDGE('',*,*,#4742,.T.);
#4850 = ORIENTED_EDGE('',*,*,#4765,.T.);
#4851 = FACE_BOUND('',#4852,.F.);
#4852 = EDGE_LOOP('',(#4853));
#4853 = ORIENTED_EDGE('',*,*,#4797,.T.);
#4854 = FACE_BOUND('',#4855,.F.);
#4855 = EDGE_LOOP('',(#4856));
#4856 = ORIENTED_EDGE('',*,*,#4830,.T.);
#4857 = PLANE('',#4858);
#4858 = AXIS2_PLACEMENT_3D('',#4859,#4860,#4861);
#4859 = CARTESIAN_POINT('',(0.,0.,0.));
#4860 = DIRECTION('',(-0.,-0.,-1.));
#4861 = DIRECTION('',(-1.,0.,0.));
#4862 = ADVANCED_FACE('',(#4863,#4872,#4875),#4878,.T.);
#4863 = FACE_BOUND('',#4864,.T.);
#4864 = EDGE_LOOP('',(#4865,#4866,#4867,#4868,#4869,#4870,#4871));
#4865 = ORIENTED_EDGE('',*,*,#4566,.T.);
#4866 = ORIENTED_EDGE('',*,*,#4597,.T.);
#4867 = ORIENTED_EDGE('',*,*,#4630,.T.);
#4868 = ORIENTED_EDGE('',*,*,#4661,.T.);
#4869 = ORIENTED_EDGE('',*,*,#4694,.T.);
#4870 = ORIENTED_EDGE('',*,*,#4725,.T.);
#4871 = ORIENTED_EDGE('',*,*,#4758,.T.);
#4872 = FACE_BOUND('',#4873,.T.);
#4873 = EDGE_LOOP('',(#4874));
#4874 = ORIENTED_EDGE('',*,*,#4789,.T.);
#4875 = FACE_BOUND('',#4876,.T.);
#4876 = EDGE_LOOP('',(#4877));
#4877 = ORIENTED_EDGE('',*,*,#4822,.T.);
#4878 = PLANE('',#4879);
#4879 = AXIS2_PLACEMENT_3D('',#4880,#4881,#4882);
#4880 = CARTESIAN_POINT('',(0.,0.,-3.5E-02));
#4881 = DIRECTION('',(-0.,-0.,-1.));
#4882 = DIRECTION('',(-1.,0.,0.));
#4883 = MANIFOLD_SOLID_BREP('',#4884);
#4884 = CLOSED_SHELL('',(#4885,#4925,#4956,#4989,#5020,#5053,#5084,#5117
    ,#5148,#5181,#5203,#5236,#5269,#5293));
#4885 = ADVANCED_FACE('',(#4886),#4920,.F.);
#4886 = FACE_BOUND('',#4887,.F.);
#4887 = EDGE_LOOP('',(#4888,#4898,#4906,#4914));
#4888 = ORIENTED_EDGE('',*,*,#4889,.T.);
#4889 = EDGE_CURVE('',#4890,#4892,#4894,.T.);
#4890 = VERTEX_POINT('',#4891);
#4891 = CARTESIAN_POINT('',(151.98,-112.065786,0.));
#4892 = VERTEX_POINT('',#4893);
#4893 = CARTESIAN_POINT('',(151.98,-112.065786,-3.5E-02));
#4894 = LINE('',#4895,#4896);
#4895 = CARTESIAN_POINT('',(151.98,-112.065786,0.));
#4896 = VECTOR('',#4897,1.);
#4897 = DIRECTION('',(0.,0.,-1.));
#4898 = ORIENTED_EDGE('',*,*,#4899,.T.);
#4899 = EDGE_CURVE('',#4892,#4900,#4902,.T.);
#4900 = VERTEX_POINT('',#4901);
#4901 = CARTESIAN_POINT('',(157.908214,-117.994,-3.5E-02));
#4902 = LINE('',#4903,#4904);
#4903 = CARTESIAN_POINT('',(151.98,-112.065786,-3.5E-02));
#4904 = VECTOR('',#4905,1.);
#4905 = DIRECTION('',(0.707106781187,-0.707106781187,0.));
#4906 = ORIENTED_EDGE('',*,*,#4907,.F.);
#4907 = EDGE_CURVE('',#4908,#4900,#4910,.T.);
#4908 = VERTEX_POINT('',#4909);
#4909 = CARTESIAN_POINT('',(157.908214,-117.994,0.));
#4910 = LINE('',#4911,#4912);
#4911 = CARTESIAN_POINT('',(157.908214,-117.994,0.));
#4912 = VECTOR('',#4913,1.);
#4913 = DIRECTION('',(0.,0.,-1.));
#4914 = ORIENTED_EDGE('',*,*,#4915,.F.);
#4915 = EDGE_CURVE('',#4890,#4908,#4916,.T.);
#4916 = LINE('',#4917,#4918);
#4917 = CARTESIAN_POINT('',(151.98,-112.065786,0.));
#4918 = VECTOR('',#4919,1.);
#4919 = DIRECTION('',(0.707106781187,-0.707106781187,0.));
#4920 = PLANE('',#4921);
#4921 = AXIS2_PLACEMENT_3D('',#4922,#4923,#4924);
#4922 = CARTESIAN_POINT('',(151.98,-112.065786,0.));
#4923 = DIRECTION('',(-0.707106781187,-0.707106781187,-0.));
#4924 = DIRECTION('',(0.707106781187,-0.707106781187,0.));
#4925 = ADVANCED_FACE('',(#4926),#4951,.F.);
#4926 = FACE_BOUND('',#4927,.F.);
#4927 = EDGE_LOOP('',(#4928,#4929,#4937,#4945));
#4928 = ORIENTED_EDGE('',*,*,#4907,.T.);
#4929 = ORIENTED_EDGE('',*,*,#4930,.T.);
#4930 = EDGE_CURVE('',#4900,#4931,#4933,.T.);
#4931 = VERTEX_POINT('',#4932);
#4932 = CARTESIAN_POINT('',(160.02,-117.994,-3.5E-02));
#4933 = LINE('',#4934,#4935);
#4934 = CARTESIAN_POINT('',(157.908214,-117.994,-3.5E-02));
#4935 = VECTOR('',#4936,1.);
#4936 = DIRECTION('',(1.,0.,0.));
#4937 = ORIENTED_EDGE('',*,*,#4938,.F.);
#4938 = EDGE_CURVE('',#4939,#4931,#4941,.T.);
#4939 = VERTEX_POINT('',#4940);
#4940 = CARTESIAN_POINT('',(160.02,-117.994,0.));
#4941 = LINE('',#4942,#4943);
#4942 = CARTESIAN_POINT('',(160.02,-117.994,0.));
#4943 = VECTOR('',#4944,1.);
#4944 = DIRECTION('',(0.,0.,-1.));
#4945 = ORIENTED_EDGE('',*,*,#4946,.F.);
#4946 = EDGE_CURVE('',#4908,#4939,#4947,.T.);
#4947 = LINE('',#4948,#4949);
#4948 = CARTESIAN_POINT('',(157.908214,-117.994,0.));
#4949 = VECTOR('',#4950,1.);
#4950 = DIRECTION('',(1.,0.,0.));
#4951 = PLANE('',#4952);
#4952 = AXIS2_PLACEMENT_3D('',#4953,#4954,#4955);
#4953 = CARTESIAN_POINT('',(157.908214,-117.994,0.));
#4954 = DIRECTION('',(0.,-1.,0.));
#4955 = DIRECTION('',(1.,0.,0.));
#4956 = ADVANCED_FACE('',(#4957),#4984,.T.);
#4957 = FACE_BOUND('',#4958,.F.);
#4958 = EDGE_LOOP('',(#4959,#4960,#4969,#4977));
#4959 = ORIENTED_EDGE('',*,*,#4938,.T.);
#4960 = ORIENTED_EDGE('',*,*,#4961,.T.);
#4961 = EDGE_CURVE('',#4931,#4962,#4964,.T.);
#4962 = VERTEX_POINT('',#4963);
#4963 = CARTESIAN_POINT('',(160.02,-119.994,-3.5E-02));
#4964 = CIRCLE('',#4965,1.);
#4965 = AXIS2_PLACEMENT_3D('',#4966,#4967,#4968);
#4966 = CARTESIAN_POINT('',(160.0200002595,-118.994,-3.5E-02));
#4967 = DIRECTION('',(0.,0.,-1.));
#4968 = DIRECTION('',(-2.595065211608E-07,1.,-0.));
#4969 = ORIENTED_EDGE('',*,*,#4970,.F.);
#4970 = EDGE_CURVE('',#4971,#4962,#4973,.T.);
#4971 = VERTEX_POINT('',#4972);
#4972 = CARTESIAN_POINT('',(160.02,-119.994,0.));
#4973 = LINE('',#4974,#4975);
#4974 = CARTESIAN_POINT('',(160.02,-119.994,0.));
#4975 = VECTOR('',#4976,1.);
#4976 = DIRECTION('',(0.,0.,-1.));
#4977 = ORIENTED_EDGE('',*,*,#4978,.F.);
#4978 = EDGE_CURVE('',#4939,#4971,#4979,.T.);
#4979 = CIRCLE('',#4980,1.);
#4980 = AXIS2_PLACEMENT_3D('',#4981,#4982,#4983);
#4981 = CARTESIAN_POINT('',(160.0200002595,-118.994,0.));
#4982 = DIRECTION('',(0.,0.,-1.));
#4983 = DIRECTION('',(-2.595065211608E-07,1.,-0.));
#4984 = CYLINDRICAL_SURFACE('',#4985,1.);
#4985 = AXIS2_PLACEMENT_3D('',#4986,#4987,#4988);
#4986 = CARTESIAN_POINT('',(160.0200002595,-118.994,0.));
#4987 = DIRECTION('',(-0.,-0.,1.));
#4988 = DIRECTION('',(-2.595065211608E-07,1.,-0.));
#4989 = ADVANCED_FACE('',(#4990),#5015,.F.);
#4990 = FACE_BOUND('',#4991,.F.);
#4991 = EDGE_LOOP('',(#4992,#4993,#5001,#5009));
#4992 = ORIENTED_EDGE('',*,*,#4970,.T.);
#4993 = ORIENTED_EDGE('',*,*,#4994,.T.);
#4994 = EDGE_CURVE('',#4962,#4995,#4997,.T.);
#4995 = VERTEX_POINT('',#4996);
#4996 = CARTESIAN_POINT('',(157.494,-119.994,-3.5E-02));
#4997 = LINE('',#4998,#4999);
#4998 = CARTESIAN_POINT('',(160.02,-119.994,-3.5E-02));
#4999 = VECTOR('',#5000,1.);
#5000 = DIRECTION('',(-1.,0.,0.));
#5001 = ORIENTED_EDGE('',*,*,#5002,.F.);
#5002 = EDGE_CURVE('',#5003,#4995,#5005,.T.);
#5003 = VERTEX_POINT('',#5004);
#5004 = CARTESIAN_POINT('',(157.494,-119.994,0.));
#5005 = LINE('',#5006,#5007);
#5006 = CARTESIAN_POINT('',(157.494,-119.994,0.));
#5007 = VECTOR('',#5008,1.);
#5008 = DIRECTION('',(0.,0.,-1.));
#5009 = ORIENTED_EDGE('',*,*,#5010,.F.);
#5010 = EDGE_CURVE('',#4971,#5003,#5011,.T.);
#5011 = LINE('',#5012,#5013);
#5012 = CARTESIAN_POINT('',(160.02,-119.994,0.));
#5013 = VECTOR('',#5014,1.);
#5014 = DIRECTION('',(-1.,0.,0.));
#5015 = PLANE('',#5016);
#5016 = AXIS2_PLACEMENT_3D('',#5017,#5018,#5019);
#5017 = CARTESIAN_POINT('',(160.02,-119.994,0.));
#5018 = DIRECTION('',(0.,1.,0.));
#5019 = DIRECTION('',(-1.,0.,0.));
#5020 = ADVANCED_FACE('',(#5021),#5048,.T.);
#5021 = FACE_BOUND('',#5022,.F.);
#5022 = EDGE_LOOP('',(#5023,#5024,#5033,#5041));
#5023 = ORIENTED_EDGE('',*,*,#5002,.T.);
#5024 = ORIENTED_EDGE('',*,*,#5025,.T.);
#5025 = EDGE_CURVE('',#4995,#5026,#5028,.T.);
#5026 = VERTEX_POINT('',#5027);
#5027 = CARTESIAN_POINT('',(156.786893,-119.701107,-3.5E-02));
#5028 = CIRCLE('',#5029,1.000004594775);
#5029 = AXIS2_PLACEMENT_3D('',#5030,#5031,#5032);
#5030 = CARTESIAN_POINT('',(157.49400146558,-118.9939954052,-3.5E-02));
#5031 = DIRECTION('',(0.,0.,-1.));
#5032 = DIRECTION('',(-1.465582160669E-06,-0.999999999999,-0.));
#5033 = ORIENTED_EDGE('',*,*,#5034,.F.);
#5034 = EDGE_CURVE('',#5035,#5026,#5037,.T.);
#5035 = VERTEX_POINT('',#5036);
#5036 = CARTESIAN_POINT('',(156.786893,-119.701107,0.));
#5037 = LINE('',#5038,#5039);
#5038 = CARTESIAN_POINT('',(156.786893,-119.701107,0.));
#5039 = VECTOR('',#5040,1.);
#5040 = DIRECTION('',(0.,0.,-1.));
#5041 = ORIENTED_EDGE('',*,*,#5042,.F.);
#5042 = EDGE_CURVE('',#5003,#5035,#5043,.T.);
#5043 = CIRCLE('',#5044,1.000004594775);
#5044 = AXIS2_PLACEMENT_3D('',#5045,#5046,#5047);
#5045 = CARTESIAN_POINT('',(157.49400146558,-118.9939954052,0.));
#5046 = DIRECTION('',(0.,0.,-1.));
#5047 = DIRECTION('',(-1.465582160669E-06,-0.999999999999,-0.));
#5048 = CYLINDRICAL_SURFACE('',#5049,1.000004594775);
#5049 = AXIS2_PLACEMENT_3D('',#5050,#5051,#5052);
#5050 = CARTESIAN_POINT('',(157.49400146558,-118.9939954052,0.));
#5051 = DIRECTION('',(-0.,-0.,1.));
#5052 = DIRECTION('',(-1.465582160669E-06,-0.999999999999,-0.));
#5053 = ADVANCED_FACE('',(#5054),#5079,.F.);
#5054 = FACE_BOUND('',#5055,.F.);
#5055 = EDGE_LOOP('',(#5056,#5057,#5065,#5073));
#5056 = ORIENTED_EDGE('',*,*,#5034,.T.);
#5057 = ORIENTED_EDGE('',*,*,#5058,.T.);
#5058 = EDGE_CURVE('',#5026,#5059,#5061,.T.);
#5059 = VERTEX_POINT('',#5060);
#5060 = CARTESIAN_POINT('',(150.272893,-113.187107,-3.5E-02));
#5061 = LINE('',#5062,#5063);
#5062 = CARTESIAN_POINT('',(156.786893,-119.701107,-3.5E-02));
#5063 = VECTOR('',#5064,1.);
#5064 = DIRECTION('',(-0.707106781187,0.707106781187,0.));
#5065 = ORIENTED_EDGE('',*,*,#5066,.F.);
#5066 = EDGE_CURVE('',#5067,#5059,#5069,.T.);
#5067 = VERTEX_POINT('',#5068);
#5068 = CARTESIAN_POINT('',(150.272893,-113.187107,0.));
#5069 = LINE('',#5070,#5071);
#5070 = CARTESIAN_POINT('',(150.272893,-113.187107,0.));
#5071 = VECTOR('',#5072,1.);
#5072 = DIRECTION('',(0.,0.,-1.));
#5073 = ORIENTED_EDGE('',*,*,#5074,.F.);
#5074 = EDGE_CURVE('',#5035,#5067,#5075,.T.);
#5075 = LINE('',#5076,#5077);
#5076 = CARTESIAN_POINT('',(156.786893,-119.701107,0.));
#5077 = VECTOR('',#5078,1.);
#5078 = DIRECTION('',(-0.707106781187,0.707106781187,0.));
#5079 = PLANE('',#5080);
#5080 = AXIS2_PLACEMENT_3D('',#5081,#5082,#5083);
#5081 = CARTESIAN_POINT('',(156.786893,-119.701107,0.));
#5082 = DIRECTION('',(0.707106781187,0.707106781187,0.));
#5083 = DIRECTION('',(-0.707106781187,0.707106781187,0.));
#5084 = ADVANCED_FACE('',(#5085),#5112,.T.);
#5085 = FACE_BOUND('',#5086,.F.);
#5086 = EDGE_LOOP('',(#5087,#5088,#5097,#5105));
#5087 = ORIENTED_EDGE('',*,*,#5066,.T.);
#5088 = ORIENTED_EDGE('',*,*,#5089,.T.);
#5089 = EDGE_CURVE('',#5059,#5090,#5092,.T.);
#5090 = VERTEX_POINT('',#5091);
#5091 = CARTESIAN_POINT('',(149.98,-112.48,-3.5E-02));
#5092 = CIRCLE('',#5093,1.000004086185);
#5093 = AXIS2_PLACEMENT_3D('',#5094,#5095,#5096);
#5094 = CARTESIAN_POINT('',(150.98000408618,-112.479998745,-3.5E-02));
#5095 = DIRECTION('',(0.,0.,-1.));
#5096 = DIRECTION('',(-0.707108196809,-0.707105365561,-0.));
#5097 = ORIENTED_EDGE('',*,*,#5098,.F.);
#5098 = EDGE_CURVE('',#5099,#5090,#5101,.T.);
#5099 = VERTEX_POINT('',#5100);
#5100 = CARTESIAN_POINT('',(149.98,-112.48,0.));
#5101 = LINE('',#5102,#5103);
#5102 = CARTESIAN_POINT('',(149.98,-112.48,0.));
#5103 = VECTOR('',#5104,1.);
#5104 = DIRECTION('',(0.,0.,-1.));
#5105 = ORIENTED_EDGE('',*,*,#5106,.F.);
#5106 = EDGE_CURVE('',#5067,#5099,#5107,.T.);
#5107 = CIRCLE('',#5108,1.000004086185);
#5108 = AXIS2_PLACEMENT_3D('',#5109,#5110,#5111);
#5109 = CARTESIAN_POINT('',(150.98000408618,-112.479998745,0.));
#5110 = DIRECTION('',(0.,0.,-1.));
#5111 = DIRECTION('',(-0.707108196809,-0.707105365561,-0.));
#5112 = CYLINDRICAL_SURFACE('',#5113,1.000004086185);
#5113 = AXIS2_PLACEMENT_3D('',#5114,#5115,#5116);
#5114 = CARTESIAN_POINT('',(150.98000408618,-112.479998745,0.));
#5115 = DIRECTION('',(-0.,-0.,1.));
#5116 = DIRECTION('',(-0.707108196809,-0.707105365561,-0.));
#5117 = ADVANCED_FACE('',(#5118),#5143,.F.);
#5118 = FACE_BOUND('',#5119,.F.);
#5119 = EDGE_LOOP('',(#5120,#5121,#5129,#5137));
#5120 = ORIENTED_EDGE('',*,*,#5098,.T.);
#5121 = ORIENTED_EDGE('',*,*,#5122,.T.);
#5122 = EDGE_CURVE('',#5090,#5123,#5125,.T.);
#5123 = VERTEX_POINT('',#5124);
#5124 = CARTESIAN_POINT('',(149.98,-106.68,-3.5E-02));
#5125 = LINE('',#5126,#5127);
#5126 = CARTESIAN_POINT('',(149.98,-112.48,-3.5E-02));
#5127 = VECTOR('',#5128,1.);
#5128 = DIRECTION('',(0.,1.,0.));
#5129 = ORIENTED_EDGE('',*,*,#5130,.F.);
#5130 = EDGE_CURVE('',#5131,#5123,#5133,.T.);
#5131 = VERTEX_POINT('',#5132);
#5132 = CARTESIAN_POINT('',(149.98,-106.68,0.));
#5133 = LINE('',#5134,#5135);
#5134 = CARTESIAN_POINT('',(149.98,-106.68,0.));
#5135 = VECTOR('',#5136,1.);
#5136 = DIRECTION('',(0.,0.,-1.));
#5137 = ORIENTED_EDGE('',*,*,#5138,.F.);
#5138 = EDGE_CURVE('',#5099,#5131,#5139,.T.);
#5139 = LINE('',#5140,#5141);
#5140 = CARTESIAN_POINT('',(149.98,-112.48,0.));
#5141 = VECTOR('',#5142,1.);
#5142 = DIRECTION('',(0.,1.,0.));
#5143 = PLANE('',#5144);
#5144 = AXIS2_PLACEMENT_3D('',#5145,#5146,#5147);
#5145 = CARTESIAN_POINT('',(149.98,-112.48,0.));
#5146 = DIRECTION('',(1.,-0.,0.));
#5147 = DIRECTION('',(0.,1.,0.));
#5148 = ADVANCED_FACE('',(#5149),#5176,.T.);
#5149 = FACE_BOUND('',#5150,.F.);
#5150 = EDGE_LOOP('',(#5151,#5152,#5161,#5169));
#5151 = ORIENTED_EDGE('',*,*,#5130,.T.);
#5152 = ORIENTED_EDGE('',*,*,#5153,.T.);
#5153 = EDGE_CURVE('',#5123,#5154,#5156,.T.);
#5154 = VERTEX_POINT('',#5155);
#5155 = CARTESIAN_POINT('',(151.98,-106.68,-3.5E-02));
#5156 = CIRCLE('',#5157,1.);
#5157 = AXIS2_PLACEMENT_3D('',#5158,#5159,#5160);
#5158 = CARTESIAN_POINT('',(150.98,-106.6800002313,-3.5E-02));
#5159 = DIRECTION('',(0.,0.,-1.));
#5160 = DIRECTION('',(-1.,2.313867355497E-07,0.));
#5161 = ORIENTED_EDGE('',*,*,#5162,.F.);
#5162 = EDGE_CURVE('',#5163,#5154,#5165,.T.);
#5163 = VERTEX_POINT('',#5164);
#5164 = CARTESIAN_POINT('',(151.98,-106.68,0.));
#5165 = LINE('',#5166,#5167);
#5166 = CARTESIAN_POINT('',(151.98,-106.68,0.));
#5167 = VECTOR('',#5168,1.);
#5168 = DIRECTION('',(0.,0.,-1.));
#5169 = ORIENTED_EDGE('',*,*,#5170,.F.);
#5170 = EDGE_CURVE('',#5131,#5163,#5171,.T.);
#5171 = CIRCLE('',#5172,1.);
#5172 = AXIS2_PLACEMENT_3D('',#5173,#5174,#5175);
#5173 = CARTESIAN_POINT('',(150.98,-106.6800002313,0.));
#5174 = DIRECTION('',(0.,0.,-1.));
#5175 = DIRECTION('',(-1.,2.313867355497E-07,0.));
#5176 = CYLINDRICAL_SURFACE('',#5177,1.);
#5177 = AXIS2_PLACEMENT_3D('',#5178,#5179,#5180);
#5178 = CARTESIAN_POINT('',(150.98,-106.6800002313,0.));
#5179 = DIRECTION('',(-0.,-0.,1.));
#5180 = DIRECTION('',(-1.,2.313867355497E-07,0.));
#5181 = ADVANCED_FACE('',(#5182),#5198,.F.);
#5182 = FACE_BOUND('',#5183,.F.);
#5183 = EDGE_LOOP('',(#5184,#5185,#5191,#5192));
#5184 = ORIENTED_EDGE('',*,*,#5162,.T.);
#5185 = ORIENTED_EDGE('',*,*,#5186,.T.);
#5186 = EDGE_CURVE('',#5154,#4892,#5187,.T.);
#5187 = LINE('',#5188,#5189);
#5188 = CARTESIAN_POINT('',(151.98,-106.68,-3.5E-02));
#5189 = VECTOR('',#5190,1.);
#5190 = DIRECTION('',(0.,-1.,0.));
#5191 = ORIENTED_EDGE('',*,*,#4889,.F.);
#5192 = ORIENTED_EDGE('',*,*,#5193,.F.);
#5193 = EDGE_CURVE('',#5163,#4890,#5194,.T.);
#5194 = LINE('',#5195,#5196);
#5195 = CARTESIAN_POINT('',(151.98,-106.68,0.));
#5196 = VECTOR('',#5197,1.);
#5197 = DIRECTION('',(0.,-1.,0.));
#5198 = PLANE('',#5199);
#5199 = AXIS2_PLACEMENT_3D('',#5200,#5201,#5202);
#5200 = CARTESIAN_POINT('',(151.98,-106.68,0.));
#5201 = DIRECTION('',(-1.,-0.,-0.));
#5202 = DIRECTION('',(0.,-1.,0.));
#5203 = ADVANCED_FACE('',(#5204),#5231,.F.);
#5204 = FACE_BOUND('',#5205,.F.);
#5205 = EDGE_LOOP('',(#5206,#5216,#5223,#5224));
#5206 = ORIENTED_EDGE('',*,*,#5207,.T.);
#5207 = EDGE_CURVE('',#5208,#5210,#5212,.T.);
#5208 = VERTEX_POINT('',#5209);
#5209 = CARTESIAN_POINT('',(160.451891,-118.994,0.));
#5210 = VERTEX_POINT('',#5211);
#5211 = CARTESIAN_POINT('',(160.451891,-118.994,-3.5E-02));
#5212 = LINE('',#5213,#5214);
#5213 = CARTESIAN_POINT('',(160.451891,-118.994,0.));
#5214 = VECTOR('',#5215,1.);
#5215 = DIRECTION('',(0.,0.,-1.));
#5216 = ORIENTED_EDGE('',*,*,#5217,.T.);
#5217 = EDGE_CURVE('',#5210,#5210,#5218,.T.);
#5218 = CIRCLE('',#5219,0.431891);
#5219 = AXIS2_PLACEMENT_3D('',#5220,#5221,#5222);
#5220 = CARTESIAN_POINT('',(160.02,-118.994,-3.5E-02));
#5221 = DIRECTION('',(0.,0.,1.));
#5222 = DIRECTION('',(1.,0.,-0.));
#5223 = ORIENTED_EDGE('',*,*,#5207,.F.);
#5224 = ORIENTED_EDGE('',*,*,#5225,.F.);
#5225 = EDGE_CURVE('',#5208,#5208,#5226,.T.);
#5226 = CIRCLE('',#5227,0.431891);
#5227 = AXIS2_PLACEMENT_3D('',#5228,#5229,#5230);
#5228 = CARTESIAN_POINT('',(160.02,-118.994,0.));
#5229 = DIRECTION('',(0.,0.,1.));
#5230 = DIRECTION('',(1.,0.,-0.));
#5231 = CYLINDRICAL_SURFACE('',#5232,0.431891);
#5232 = AXIS2_PLACEMENT_3D('',#5233,#5234,#5235);
#5233 = CARTESIAN_POINT('',(160.02,-118.994,0.));
#5234 = DIRECTION('',(0.,0.,1.));
#5235 = DIRECTION('',(1.,0.,-0.));
#5236 = ADVANCED_FACE('',(#5237),#5264,.F.);
#5237 = FACE_BOUND('',#5238,.F.);
#5238 = EDGE_LOOP('',(#5239,#5249,#5256,#5257));
#5239 = ORIENTED_EDGE('',*,*,#5240,.T.);
#5240 = EDGE_CURVE('',#5241,#5243,#5245,.T.);
#5241 = VERTEX_POINT('',#5242);
#5242 = CARTESIAN_POINT('',(151.567392,-106.68,0.));
#5243 = VERTEX_POINT('',#5244);
#5244 = CARTESIAN_POINT('',(151.567392,-106.68,-3.5E-02));
#5245 = LINE('',#5246,#5247);
#5246 = CARTESIAN_POINT('',(151.567392,-106.68,0.));
#5247 = VECTOR('',#5248,1.);
#5248 = DIRECTION('',(0.,0.,-1.));
#5249 = ORIENTED_EDGE('',*,*,#5250,.T.);
#5250 = EDGE_CURVE('',#5243,#5243,#5251,.T.);
#5251 = CIRCLE('',#5252,0.587392);
#5252 = AXIS2_PLACEMENT_3D('',#5253,#5254,#5255);
#5253 = CARTESIAN_POINT('',(150.98,-106.68,-3.5E-02));
#5254 = DIRECTION('',(0.,0.,1.));
#5255 = DIRECTION('',(1.,0.,-0.));
#5256 = ORIENTED_EDGE('',*,*,#5240,.F.);
#5257 = ORIENTED_EDGE('',*,*,#5258,.F.);
#5258 = EDGE_CURVE('',#5241,#5241,#5259,.T.);
#5259 = CIRCLE('',#5260,0.587392);
#5260 = AXIS2_PLACEMENT_3D('',#5261,#5262,#5263);
#5261 = CARTESIAN_POINT('',(150.98,-106.68,0.));
#5262 = DIRECTION('',(0.,0.,1.));
#5263 = DIRECTION('',(1.,0.,-0.));
#5264 = CYLINDRICAL_SURFACE('',#5265,0.587392);
#5265 = AXIS2_PLACEMENT_3D('',#5266,#5267,#5268);
#5266 = CARTESIAN_POINT('',(150.98,-106.68,0.));
#5267 = DIRECTION('',(0.,0.,1.));
#5268 = DIRECTION('',(1.,0.,-0.));
#5269 = ADVANCED_FACE('',(#5270,#5282,#5285),#5288,.F.);
#5270 = FACE_BOUND('',#5271,.F.);
#5271 = EDGE_LOOP('',(#5272,#5273,#5274,#5275,#5276,#5277,#5278,#5279,
    #5280,#5281));
#5272 = ORIENTED_EDGE('',*,*,#4915,.T.);
#5273 = ORIENTED_EDGE('',*,*,#4946,.T.);
#5274 = ORIENTED_EDGE('',*,*,#4978,.T.);
#5275 = ORIENTED_EDGE('',*,*,#5010,.T.);
#5276 = ORIENTED_EDGE('',*,*,#5042,.T.);
#5277 = ORIENTED_EDGE('',*,*,#5074,.T.);
#5278 = ORIENTED_EDGE('',*,*,#5106,.T.);
#5279 = ORIENTED_EDGE('',*,*,#5138,.T.);
#5280 = ORIENTED_EDGE('',*,*,#5170,.T.);
#5281 = ORIENTED_EDGE('',*,*,#5193,.T.);
#5282 = FACE_BOUND('',#5283,.F.);
#5283 = EDGE_LOOP('',(#5284));
#5284 = ORIENTED_EDGE('',*,*,#5225,.T.);
#5285 = FACE_BOUND('',#5286,.F.);
#5286 = EDGE_LOOP('',(#5287));
#5287 = ORIENTED_EDGE('',*,*,#5258,.T.);
#5288 = PLANE('',#5289);
#5289 = AXIS2_PLACEMENT_3D('',#5290,#5291,#5292);
#5290 = CARTESIAN_POINT('',(0.,0.,0.));
#5291 = DIRECTION('',(-0.,-0.,-1.));
#5292 = DIRECTION('',(-1.,0.,0.));
#5293 = ADVANCED_FACE('',(#5294,#5306,#5309),#5312,.T.);
#5294 = FACE_BOUND('',#5295,.T.);
#5295 = EDGE_LOOP('',(#5296,#5297,#5298,#5299,#5300,#5301,#5302,#5303,
    #5304,#5305));
#5296 = ORIENTED_EDGE('',*,*,#4899,.T.);
#5297 = ORIENTED_EDGE('',*,*,#4930,.T.);
#5298 = ORIENTED_EDGE('',*,*,#4961,.T.);
#5299 = ORIENTED_EDGE('',*,*,#4994,.T.);
#5300 = ORIENTED_EDGE('',*,*,#5025,.T.);
#5301 = ORIENTED_EDGE('',*,*,#5058,.T.);
#5302 = ORIENTED_EDGE('',*,*,#5089,.T.);
#5303 = ORIENTED_EDGE('',*,*,#5122,.T.);
#5304 = ORIENTED_EDGE('',*,*,#5153,.T.);
#5305 = ORIENTED_EDGE('',*,*,#5186,.T.);
#5306 = FACE_BOUND('',#5307,.T.);
#5307 = EDGE_LOOP('',(#5308));
#5308 = ORIENTED_EDGE('',*,*,#5217,.T.);
#5309 = FACE_BOUND('',#5310,.T.);
#5310 = EDGE_LOOP('',(#5311));
#5311 = ORIENTED_EDGE('',*,*,#5250,.T.);
#5312 = PLANE('',#5313);
#5313 = AXIS2_PLACEMENT_3D('',#5314,#5315,#5316);
#5314 = CARTESIAN_POINT('',(0.,0.,-3.5E-02));
#5315 = DIRECTION('',(-0.,-0.,-1.));
#5316 = DIRECTION('',(-1.,0.,0.));
#5317 = MANIFOLD_SOLID_BREP('',#5318);
#5318 = CLOSED_SHELL('',(#5319,#5359,#5390,#5423,#5454,#5487,#5518,#5551
    ,#5582,#5615,#5637,#5670,#5703,#5727));
#5319 = ADVANCED_FACE('',(#5320),#5354,.F.);
#5320 = FACE_BOUND('',#5321,.F.);
#5321 = EDGE_LOOP('',(#5322,#5332,#5340,#5348));
#5322 = ORIENTED_EDGE('',*,*,#5323,.T.);
#5323 = EDGE_CURVE('',#5324,#5326,#5328,.T.);
#5324 = VERTEX_POINT('',#5325);
#5325 = CARTESIAN_POINT('',(154.52,-110.617416,0.));
#5326 = VERTEX_POINT('',#5327);
#5327 = CARTESIAN_POINT('',(154.52,-110.617416,-3.5E-02));
#5328 = LINE('',#5329,#5330);
#5329 = CARTESIAN_POINT('',(154.52,-110.617416,0.));
#5330 = VECTOR('',#5331,1.);
#5331 = DIRECTION('',(0.,0.,-1.));
#5332 = ORIENTED_EDGE('',*,*,#5333,.T.);
#5333 = EDGE_CURVE('',#5326,#5334,#5336,.T.);
#5334 = VERTEX_POINT('',#5335);
#5335 = CARTESIAN_POINT('',(159.356584,-115.454,-3.5E-02));
#5336 = LINE('',#5337,#5338);
#5337 = CARTESIAN_POINT('',(154.52,-110.617416,-3.5E-02));
#5338 = VECTOR('',#5339,1.);
#5339 = DIRECTION('',(0.707106781187,-0.707106781187,0.));
#5340 = ORIENTED_EDGE('',*,*,#5341,.F.);
#5341 = EDGE_CURVE('',#5342,#5334,#5344,.T.);
#5342 = VERTEX_POINT('',#5343);
#5343 = CARTESIAN_POINT('',(159.356584,-115.454,0.));
#5344 = LINE('',#5345,#5346);
#5345 = CARTESIAN_POINT('',(159.356584,-115.454,0.));
#5346 = VECTOR('',#5347,1.);
#5347 = DIRECTION('',(0.,0.,-1.));
#5348 = ORIENTED_EDGE('',*,*,#5349,.F.);
#5349 = EDGE_CURVE('',#5324,#5342,#5350,.T.);
#5350 = LINE('',#5351,#5352);
#5351 = CARTESIAN_POINT('',(154.52,-110.617416,0.));
#5352 = VECTOR('',#5353,1.);
#5353 = DIRECTION('',(0.707106781187,-0.707106781187,0.));
#5354 = PLANE('',#5355);
#5355 = AXIS2_PLACEMENT_3D('',#5356,#5357,#5358);
#5356 = CARTESIAN_POINT('',(154.52,-110.617416,0.));
#5357 = DIRECTION('',(-0.707106781187,-0.707106781187,-0.));
#5358 = DIRECTION('',(0.707106781187,-0.707106781187,0.));
#5359 = ADVANCED_FACE('',(#5360),#5385,.F.);
#5360 = FACE_BOUND('',#5361,.F.);
#5361 = EDGE_LOOP('',(#5362,#5363,#5371,#5379));
#5362 = ORIENTED_EDGE('',*,*,#5341,.T.);
#5363 = ORIENTED_EDGE('',*,*,#5364,.T.);
#5364 = EDGE_CURVE('',#5334,#5365,#5367,.T.);
#5365 = VERTEX_POINT('',#5366);
#5366 = CARTESIAN_POINT('',(160.02,-115.454,-3.5E-02));
#5367 = LINE('',#5368,#5369);
#5368 = CARTESIAN_POINT('',(159.356584,-115.454,-3.5E-02));
#5369 = VECTOR('',#5370,1.);
#5370 = DIRECTION('',(1.,0.,0.));
#5371 = ORIENTED_EDGE('',*,*,#5372,.F.);
#5372 = EDGE_CURVE('',#5373,#5365,#5375,.T.);
#5373 = VERTEX_POINT('',#5374);
#5374 = CARTESIAN_POINT('',(160.02,-115.454,0.));
#5375 = LINE('',#5376,#5377);
#5376 = CARTESIAN_POINT('',(160.02,-115.454,0.));
#5377 = VECTOR('',#5378,1.);
#5378 = DIRECTION('',(0.,0.,-1.));
#5379 = ORIENTED_EDGE('',*,*,#5380,.F.);
#5380 = EDGE_CURVE('',#5342,#5373,#5381,.T.);
#5381 = LINE('',#5382,#5383);
#5382 = CARTESIAN_POINT('',(159.356584,-115.454,0.));
#5383 = VECTOR('',#5384,1.);
#5384 = DIRECTION('',(1.,0.,0.));
#5385 = PLANE('',#5386);
#5386 = AXIS2_PLACEMENT_3D('',#5387,#5388,#5389);
#5387 = CARTESIAN_POINT('',(159.356584,-115.454,0.));
#5388 = DIRECTION('',(0.,-1.,0.));
#5389 = DIRECTION('',(1.,0.,0.));
#5390 = ADVANCED_FACE('',(#5391),#5418,.T.);
#5391 = FACE_BOUND('',#5392,.F.);
#5392 = EDGE_LOOP('',(#5393,#5394,#5403,#5411));
#5393 = ORIENTED_EDGE('',*,*,#5372,.T.);
#5394 = ORIENTED_EDGE('',*,*,#5395,.T.);
#5395 = EDGE_CURVE('',#5365,#5396,#5398,.T.);
#5396 = VERTEX_POINT('',#5397);
#5397 = CARTESIAN_POINT('',(160.02,-117.454,-3.5E-02));
#5398 = CIRCLE('',#5399,1.);
#5399 = AXIS2_PLACEMENT_3D('',#5400,#5401,#5402);
#5400 = CARTESIAN_POINT('',(160.0200002595,-116.454,-3.5E-02));
#5401 = DIRECTION('',(0.,0.,-1.));
#5402 = DIRECTION('',(-2.595065211608E-07,1.,-0.));
#5403 = ORIENTED_EDGE('',*,*,#5404,.F.);
#5404 = EDGE_CURVE('',#5405,#5396,#5407,.T.);
#5405 = VERTEX_POINT('',#5406);
#5406 = CARTESIAN_POINT('',(160.02,-117.454,0.));
#5407 = LINE('',#5408,#5409);
#5408 = CARTESIAN_POINT('',(160.02,-117.454,0.));
#5409 = VECTOR('',#5410,1.);
#5410 = DIRECTION('',(0.,0.,-1.));
#5411 = ORIENTED_EDGE('',*,*,#5412,.F.);
#5412 = EDGE_CURVE('',#5373,#5405,#5413,.T.);
#5413 = CIRCLE('',#5414,1.);
#5414 = AXIS2_PLACEMENT_3D('',#5415,#5416,#5417);
#5415 = CARTESIAN_POINT('',(160.0200002595,-116.454,0.));
#5416 = DIRECTION('',(0.,0.,-1.));
#5417 = DIRECTION('',(-2.595065211608E-07,1.,-0.));
#5418 = CYLINDRICAL_SURFACE('',#5419,1.);
#5419 = AXIS2_PLACEMENT_3D('',#5420,#5421,#5422);
#5420 = CARTESIAN_POINT('',(160.0200002595,-116.454,0.));
#5421 = DIRECTION('',(-0.,-0.,1.));
#5422 = DIRECTION('',(-2.595065211608E-07,1.,-0.));
#5423 = ADVANCED_FACE('',(#5424),#5449,.F.);
#5424 = FACE_BOUND('',#5425,.F.);
#5425 = EDGE_LOOP('',(#5426,#5427,#5435,#5443));
#5426 = ORIENTED_EDGE('',*,*,#5404,.T.);
#5427 = ORIENTED_EDGE('',*,*,#5428,.T.);
#5428 = EDGE_CURVE('',#5396,#5429,#5431,.T.);
#5429 = VERTEX_POINT('',#5430);
#5430 = CARTESIAN_POINT('',(158.94237,-117.454,-3.5E-02));
#5431 = LINE('',#5432,#5433);
#5432 = CARTESIAN_POINT('',(160.02,-117.454,-3.5E-02));
#5433 = VECTOR('',#5434,1.);
#5434 = DIRECTION('',(-1.,0.,0.));
#5435 = ORIENTED_EDGE('',*,*,#5436,.F.);
#5436 = EDGE_CURVE('',#5437,#5429,#5439,.T.);
#5437 = VERTEX_POINT('',#5438);
#5438 = CARTESIAN_POINT('',(158.94237,-117.454,0.));
#5439 = LINE('',#5440,#5441);
#5440 = CARTESIAN_POINT('',(158.94237,-117.454,0.));
#5441 = VECTOR('',#5442,1.);
#5442 = DIRECTION('',(0.,0.,-1.));
#5443 = ORIENTED_EDGE('',*,*,#5444,.F.);
#5444 = EDGE_CURVE('',#5405,#5437,#5445,.T.);
#5445 = LINE('',#5446,#5447);
#5446 = CARTESIAN_POINT('',(160.02,-117.454,0.));
#5447 = VECTOR('',#5448,1.);
#5448 = DIRECTION('',(-1.,0.,0.));
#5449 = PLANE('',#5450);
#5450 = AXIS2_PLACEMENT_3D('',#5451,#5452,#5453);
#5451 = CARTESIAN_POINT('',(160.02,-117.454,0.));
#5452 = DIRECTION('',(0.,1.,0.));
#5453 = DIRECTION('',(-1.,0.,0.));
#5454 = ADVANCED_FACE('',(#5455),#5482,.T.);
#5455 = FACE_BOUND('',#5456,.F.);
#5456 = EDGE_LOOP('',(#5457,#5458,#5467,#5475));
#5457 = ORIENTED_EDGE('',*,*,#5436,.T.);
#5458 = ORIENTED_EDGE('',*,*,#5459,.T.);
#5459 = EDGE_CURVE('',#5429,#5460,#5462,.T.);
#5460 = VERTEX_POINT('',#5461);
#5461 = CARTESIAN_POINT('',(158.235263,-117.161107,-3.5E-02));
#5462 = CIRCLE('',#5463,1.000004594775);
#5463 = AXIS2_PLACEMENT_3D('',#5464,#5465,#5466);
#5464 = CARTESIAN_POINT('',(158.94237146558,-116.4539954052,-3.5E-02));
#5465 = DIRECTION('',(0.,0.,-1.));
#5466 = DIRECTION('',(-1.465582160668E-06,-0.999999999999,-0.));
#5467 = ORIENTED_EDGE('',*,*,#5468,.F.);
#5468 = EDGE_CURVE('',#5469,#5460,#5471,.T.);
#5469 = VERTEX_POINT('',#5470);
#5470 = CARTESIAN_POINT('',(158.235263,-117.161107,0.));
#5471 = LINE('',#5472,#5473);
#5472 = CARTESIAN_POINT('',(158.235263,-117.161107,0.));
#5473 = VECTOR('',#5474,1.);
#5474 = DIRECTION('',(0.,0.,-1.));
#5475 = ORIENTED_EDGE('',*,*,#5476,.F.);
#5476 = EDGE_CURVE('',#5437,#5469,#5477,.T.);
#5477 = CIRCLE('',#5478,1.000004594775);
#5478 = AXIS2_PLACEMENT_3D('',#5479,#5480,#5481);
#5479 = CARTESIAN_POINT('',(158.94237146558,-116.4539954052,0.));
#5480 = DIRECTION('',(0.,0.,-1.));
#5481 = DIRECTION('',(-1.465582160668E-06,-0.999999999999,-0.));
#5482 = CYLINDRICAL_SURFACE('',#5483,1.000004594775);
#5483 = AXIS2_PLACEMENT_3D('',#5484,#5485,#5486);
#5484 = CARTESIAN_POINT('',(158.94237146558,-116.4539954052,0.));
#5485 = DIRECTION('',(-0.,-0.,1.));
#5486 = DIRECTION('',(-1.465582160668E-06,-0.999999999999,-0.));
#5487 = ADVANCED_FACE('',(#5488),#5513,.F.);
#5488 = FACE_BOUND('',#5489,.F.);
#5489 = EDGE_LOOP('',(#5490,#5491,#5499,#5507));
#5490 = ORIENTED_EDGE('',*,*,#5468,.T.);
#5491 = ORIENTED_EDGE('',*,*,#5492,.T.);
#5492 = EDGE_CURVE('',#5460,#5493,#5495,.T.);
#5493 = VERTEX_POINT('',#5494);
#5494 = CARTESIAN_POINT('',(152.812893,-111.738737,-3.5E-02));
#5495 = LINE('',#5496,#5497);
#5496 = CARTESIAN_POINT('',(158.235263,-117.161107,-3.5E-02));
#5497 = VECTOR('',#5498,1.);
#5498 = DIRECTION('',(-0.707106781187,0.707106781187,0.));
#5499 = ORIENTED_EDGE('',*,*,#5500,.F.);
#5500 = EDGE_CURVE('',#5501,#5493,#5503,.T.);
#5501 = VERTEX_POINT('',#5502);
#5502 = CARTESIAN_POINT('',(152.812893,-111.738737,0.));
#5503 = LINE('',#5504,#5505);
#5504 = CARTESIAN_POINT('',(152.812893,-111.738737,0.));
#5505 = VECTOR('',#5506,1.);
#5506 = DIRECTION('',(0.,0.,-1.));
#5507 = ORIENTED_EDGE('',*,*,#5508,.F.);
#5508 = EDGE_CURVE('',#5469,#5501,#5509,.T.);
#5509 = LINE('',#5510,#5511);
#5510 = CARTESIAN_POINT('',(158.235263,-117.161107,0.));
#5511 = VECTOR('',#5512,1.);
#5512 = DIRECTION('',(-0.707106781187,0.707106781187,0.));
#5513 = PLANE('',#5514);
#5514 = AXIS2_PLACEMENT_3D('',#5515,#5516,#5517);
#5515 = CARTESIAN_POINT('',(158.235263,-117.161107,0.));
#5516 = DIRECTION('',(0.707106781187,0.707106781187,0.));
#5517 = DIRECTION('',(-0.707106781187,0.707106781187,0.));
#5518 = ADVANCED_FACE('',(#5519),#5546,.T.);
#5519 = FACE_BOUND('',#5520,.F.);
#5520 = EDGE_LOOP('',(#5521,#5522,#5531,#5539));
#5521 = ORIENTED_EDGE('',*,*,#5500,.T.);
#5522 = ORIENTED_EDGE('',*,*,#5523,.T.);
#5523 = EDGE_CURVE('',#5493,#5524,#5526,.T.);
#5524 = VERTEX_POINT('',#5525);
#5525 = CARTESIAN_POINT('',(152.52,-111.03163,-3.5E-02));
#5526 = CIRCLE('',#5527,1.000004086185);
#5527 = AXIS2_PLACEMENT_3D('',#5528,#5529,#5530);
#5528 = CARTESIAN_POINT('',(153.52000408618,-111.031628745,-3.5E-02));
#5529 = DIRECTION('',(0.,0.,-1.));
#5530 = DIRECTION('',(-0.707108196809,-0.707105365561,-0.));
#5531 = ORIENTED_EDGE('',*,*,#5532,.F.);
#5532 = EDGE_CURVE('',#5533,#5524,#5535,.T.);
#5533 = VERTEX_POINT('',#5534);
#5534 = CARTESIAN_POINT('',(152.52,-111.03163,0.));
#5535 = LINE('',#5536,#5537);
#5536 = CARTESIAN_POINT('',(152.52,-111.03163,0.));
#5537 = VECTOR('',#5538,1.);
#5538 = DIRECTION('',(0.,0.,-1.));
#5539 = ORIENTED_EDGE('',*,*,#5540,.F.);
#5540 = EDGE_CURVE('',#5501,#5533,#5541,.T.);
#5541 = CIRCLE('',#5542,1.000004086185);
#5542 = AXIS2_PLACEMENT_3D('',#5543,#5544,#5545);
#5543 = CARTESIAN_POINT('',(153.52000408618,-111.031628745,0.));
#5544 = DIRECTION('',(0.,0.,-1.));
#5545 = DIRECTION('',(-0.707108196809,-0.707105365561,-0.));
#5546 = CYLINDRICAL_SURFACE('',#5547,1.000004086185);
#5547 = AXIS2_PLACEMENT_3D('',#5548,#5549,#5550);
#5548 = CARTESIAN_POINT('',(153.52000408618,-111.031628745,0.));
#5549 = DIRECTION('',(-0.,-0.,1.));
#5550 = DIRECTION('',(-0.707108196809,-0.707105365561,-0.));
#5551 = ADVANCED_FACE('',(#5552),#5577,.F.);
#5552 = FACE_BOUND('',#5553,.F.);
#5553 = EDGE_LOOP('',(#5554,#5555,#5563,#5571));
#5554 = ORIENTED_EDGE('',*,*,#5532,.T.);
#5555 = ORIENTED_EDGE('',*,*,#5556,.T.);
#5556 = EDGE_CURVE('',#5524,#5557,#5559,.T.);
#5557 = VERTEX_POINT('',#5558);
#5558 = CARTESIAN_POINT('',(152.52,-106.68,-3.5E-02));
#5559 = LINE('',#5560,#5561);
#5560 = CARTESIAN_POINT('',(152.52,-111.03163,-3.5E-02));
#5561 = VECTOR('',#5562,1.);
#5562 = DIRECTION('',(0.,1.,0.));
#5563 = ORIENTED_EDGE('',*,*,#5564,.F.);
#5564 = EDGE_CURVE('',#5565,#5557,#5567,.T.);
#5565 = VERTEX_POINT('',#5566);
#5566 = CARTESIAN_POINT('',(152.52,-106.68,0.));
#5567 = LINE('',#5568,#5569);
#5568 = CARTESIAN_POINT('',(152.52,-106.68,0.));
#5569 = VECTOR('',#5570,1.);
#5570 = DIRECTION('',(0.,0.,-1.));
#5571 = ORIENTED_EDGE('',*,*,#5572,.F.);
#5572 = EDGE_CURVE('',#5533,#5565,#5573,.T.);
#5573 = LINE('',#5574,#5575);
#5574 = CARTESIAN_POINT('',(152.52,-111.03163,0.));
#5575 = VECTOR('',#5576,1.);
#5576 = DIRECTION('',(0.,1.,0.));
#5577 = PLANE('',#5578);
#5578 = AXIS2_PLACEMENT_3D('',#5579,#5580,#5581);
#5579 = CARTESIAN_POINT('',(152.52,-111.03163,0.));
#5580 = DIRECTION('',(1.,-0.,0.));
#5581 = DIRECTION('',(0.,1.,0.));
#5582 = ADVANCED_FACE('',(#5583),#5610,.T.);
#5583 = FACE_BOUND('',#5584,.F.);
#5584 = EDGE_LOOP('',(#5585,#5586,#5595,#5603));
#5585 = ORIENTED_EDGE('',*,*,#5564,.T.);
#5586 = ORIENTED_EDGE('',*,*,#5587,.T.);
#5587 = EDGE_CURVE('',#5557,#5588,#5590,.T.);
#5588 = VERTEX_POINT('',#5589);
#5589 = CARTESIAN_POINT('',(154.52,-106.68,-3.5E-02));
#5590 = CIRCLE('',#5591,1.);
#5591 = AXIS2_PLACEMENT_3D('',#5592,#5593,#5594);
#5592 = CARTESIAN_POINT('',(153.52,-106.6800002313,-3.5E-02));
#5593 = DIRECTION('',(0.,0.,-1.));
#5594 = DIRECTION('',(-1.,2.313866787062E-07,0.));
#5595 = ORIENTED_EDGE('',*,*,#5596,.F.);
#5596 = EDGE_CURVE('',#5597,#5588,#5599,.T.);
#5597 = VERTEX_POINT('',#5598);
#5598 = CARTESIAN_POINT('',(154.52,-106.68,0.));
#5599 = LINE('',#5600,#5601);
#5600 = CARTESIAN_POINT('',(154.52,-106.68,0.));
#5601 = VECTOR('',#5602,1.);
#5602 = DIRECTION('',(0.,0.,-1.));
#5603 = ORIENTED_EDGE('',*,*,#5604,.F.);
#5604 = EDGE_CURVE('',#5565,#5597,#5605,.T.);
#5605 = CIRCLE('',#5606,1.);
#5606 = AXIS2_PLACEMENT_3D('',#5607,#5608,#5609);
#5607 = CARTESIAN_POINT('',(153.52,-106.6800002313,0.));
#5608 = DIRECTION('',(0.,0.,-1.));
#5609 = DIRECTION('',(-1.,2.313866787062E-07,0.));
#5610 = CYLINDRICAL_SURFACE('',#5611,1.);
#5611 = AXIS2_PLACEMENT_3D('',#5612,#5613,#5614);
#5612 = CARTESIAN_POINT('',(153.52,-106.6800002313,0.));
#5613 = DIRECTION('',(-0.,-0.,1.));
#5614 = DIRECTION('',(-1.,2.313866787062E-07,0.));
#5615 = ADVANCED_FACE('',(#5616),#5632,.F.);
#5616 = FACE_BOUND('',#5617,.F.);
#5617 = EDGE_LOOP('',(#5618,#5619,#5625,#5626));
#5618 = ORIENTED_EDGE('',*,*,#5596,.T.);
#5619 = ORIENTED_EDGE('',*,*,#5620,.T.);
#5620 = EDGE_CURVE('',#5588,#5326,#5621,.T.);
#5621 = LINE('',#5622,#5623);
#5622 = CARTESIAN_POINT('',(154.52,-106.68,-3.5E-02));
#5623 = VECTOR('',#5624,1.);
#5624 = DIRECTION('',(0.,-1.,0.));
#5625 = ORIENTED_EDGE('',*,*,#5323,.F.);
#5626 = ORIENTED_EDGE('',*,*,#5627,.F.);
#5627 = EDGE_CURVE('',#5597,#5324,#5628,.T.);
#5628 = LINE('',#5629,#5630);
#5629 = CARTESIAN_POINT('',(154.52,-106.68,0.));
#5630 = VECTOR('',#5631,1.);
#5631 = DIRECTION('',(0.,-1.,0.));
#5632 = PLANE('',#5633);
#5633 = AXIS2_PLACEMENT_3D('',#5634,#5635,#5636);
#5634 = CARTESIAN_POINT('',(154.52,-106.68,0.));
#5635 = DIRECTION('',(-1.,-0.,-0.));
#5636 = DIRECTION('',(0.,-1.,0.));
#5637 = ADVANCED_FACE('',(#5638),#5665,.F.);
#5638 = FACE_BOUND('',#5639,.F.);
#5639 = EDGE_LOOP('',(#5640,#5650,#5657,#5658));
#5640 = ORIENTED_EDGE('',*,*,#5641,.T.);
#5641 = EDGE_CURVE('',#5642,#5644,#5646,.T.);
#5642 = VERTEX_POINT('',#5643);
#5643 = CARTESIAN_POINT('',(160.451891,-116.454,0.));
#5644 = VERTEX_POINT('',#5645);
#5645 = CARTESIAN_POINT('',(160.451891,-116.454,-3.5E-02));
#5646 = LINE('',#5647,#5648);
#5647 = CARTESIAN_POINT('',(160.451891,-116.454,0.));
#5648 = VECTOR('',#5649,1.);
#5649 = DIRECTION('',(0.,0.,-1.));
#5650 = ORIENTED_EDGE('',*,*,#5651,.T.);
#5651 = EDGE_CURVE('',#5644,#5644,#5652,.T.);
#5652 = CIRCLE('',#5653,0.431891);
#5653 = AXIS2_PLACEMENT_3D('',#5654,#5655,#5656);
#5654 = CARTESIAN_POINT('',(160.02,-116.454,-3.5E-02));
#5655 = DIRECTION('',(0.,0.,1.));
#5656 = DIRECTION('',(1.,0.,-0.));
#5657 = ORIENTED_EDGE('',*,*,#5641,.F.);
#5658 = ORIENTED_EDGE('',*,*,#5659,.F.);
#5659 = EDGE_CURVE('',#5642,#5642,#5660,.T.);
#5660 = CIRCLE('',#5661,0.431891);
#5661 = AXIS2_PLACEMENT_3D('',#5662,#5663,#5664);
#5662 = CARTESIAN_POINT('',(160.02,-116.454,0.));
#5663 = DIRECTION('',(0.,0.,1.));
#5664 = DIRECTION('',(1.,0.,-0.));
#5665 = CYLINDRICAL_SURFACE('',#5666,0.431891);
#5666 = AXIS2_PLACEMENT_3D('',#5667,#5668,#5669);
#5667 = CARTESIAN_POINT('',(160.02,-116.454,0.));
#5668 = DIRECTION('',(0.,0.,1.));
#5669 = DIRECTION('',(1.,0.,-0.));
#5670 = ADVANCED_FACE('',(#5671),#5698,.F.);
#5671 = FACE_BOUND('',#5672,.F.);
#5672 = EDGE_LOOP('',(#5673,#5683,#5690,#5691));
#5673 = ORIENTED_EDGE('',*,*,#5674,.T.);
#5674 = EDGE_CURVE('',#5675,#5677,#5679,.T.);
#5675 = VERTEX_POINT('',#5676);
#5676 = CARTESIAN_POINT('',(154.107392,-106.68,0.));
#5677 = VERTEX_POINT('',#5678);
#5678 = CARTESIAN_POINT('',(154.107392,-106.68,-3.5E-02));
#5679 = LINE('',#5680,#5681);
#5680 = CARTESIAN_POINT('',(154.107392,-106.68,0.));
#5681 = VECTOR('',#5682,1.);
#5682 = DIRECTION('',(0.,0.,-1.));
#5683 = ORIENTED_EDGE('',*,*,#5684,.T.);
#5684 = EDGE_CURVE('',#5677,#5677,#5685,.T.);
#5685 = CIRCLE('',#5686,0.587392);
#5686 = AXIS2_PLACEMENT_3D('',#5687,#5688,#5689);
#5687 = CARTESIAN_POINT('',(153.52,-106.68,-3.5E-02));
#5688 = DIRECTION('',(0.,0.,1.));
#5689 = DIRECTION('',(1.,0.,-0.));
#5690 = ORIENTED_EDGE('',*,*,#5674,.F.);
#5691 = ORIENTED_EDGE('',*,*,#5692,.F.);
#5692 = EDGE_CURVE('',#5675,#5675,#5693,.T.);
#5693 = CIRCLE('',#5694,0.587392);
#5694 = AXIS2_PLACEMENT_3D('',#5695,#5696,#5697);
#5695 = CARTESIAN_POINT('',(153.52,-106.68,0.));
#5696 = DIRECTION('',(0.,0.,1.));
#5697 = DIRECTION('',(1.,0.,-0.));
#5698 = CYLINDRICAL_SURFACE('',#5699,0.587392);
#5699 = AXIS2_PLACEMENT_3D('',#5700,#5701,#5702);
#5700 = CARTESIAN_POINT('',(153.52,-106.68,0.));
#5701 = DIRECTION('',(0.,0.,1.));
#5702 = DIRECTION('',(1.,0.,-0.));
#5703 = ADVANCED_FACE('',(#5704,#5716,#5719),#5722,.F.);
#5704 = FACE_BOUND('',#5705,.F.);
#5705 = EDGE_LOOP('',(#5706,#5707,#5708,#5709,#5710,#5711,#5712,#5713,
    #5714,#5715));
#5706 = ORIENTED_EDGE('',*,*,#5349,.T.);
#5707 = ORIENTED_EDGE('',*,*,#5380,.T.);
#5708 = ORIENTED_EDGE('',*,*,#5412,.T.);
#5709 = ORIENTED_EDGE('',*,*,#5444,.T.);
#5710 = ORIENTED_EDGE('',*,*,#5476,.T.);
#5711 = ORIENTED_EDGE('',*,*,#5508,.T.);
#5712 = ORIENTED_EDGE('',*,*,#5540,.T.);
#5713 = ORIENTED_EDGE('',*,*,#5572,.T.);
#5714 = ORIENTED_EDGE('',*,*,#5604,.T.);
#5715 = ORIENTED_EDGE('',*,*,#5627,.T.);
#5716 = FACE_BOUND('',#5717,.F.);
#5717 = EDGE_LOOP('',(#5718));
#5718 = ORIENTED_EDGE('',*,*,#5659,.T.);
#5719 = FACE_BOUND('',#5720,.F.);
#5720 = EDGE_LOOP('',(#5721));
#5721 = ORIENTED_EDGE('',*,*,#5692,.T.);
#5722 = PLANE('',#5723);
#5723 = AXIS2_PLACEMENT_3D('',#5724,#5725,#5726);
#5724 = CARTESIAN_POINT('',(0.,0.,0.));
#5725 = DIRECTION('',(-0.,-0.,-1.));
#5726 = DIRECTION('',(-1.,0.,0.));
#5727 = ADVANCED_FACE('',(#5728,#5740,#5743),#5746,.T.);
#5728 = FACE_BOUND('',#5729,.T.);
#5729 = EDGE_LOOP('',(#5730,#5731,#5732,#5733,#5734,#5735,#5736,#5737,
    #5738,#5739));
#5730 = ORIENTED_EDGE('',*,*,#5333,.T.);
#5731 = ORIENTED_EDGE('',*,*,#5364,.T.);
#5732 = ORIENTED_EDGE('',*,*,#5395,.T.);
#5733 = ORIENTED_EDGE('',*,*,#5428,.T.);
#5734 = ORIENTED_EDGE('',*,*,#5459,.T.);
#5735 = ORIENTED_EDGE('',*,*,#5492,.T.);
#5736 = ORIENTED_EDGE('',*,*,#5523,.T.);
#5737 = ORIENTED_EDGE('',*,*,#5556,.T.);
#5738 = ORIENTED_EDGE('',*,*,#5587,.T.);
#5739 = ORIENTED_EDGE('',*,*,#5620,.T.);
#5740 = FACE_BOUND('',#5741,.T.);
#5741 = EDGE_LOOP('',(#5742));
#5742 = ORIENTED_EDGE('',*,*,#5651,.T.);
#5743 = FACE_BOUND('',#5744,.T.);
#5744 = EDGE_LOOP('',(#5745));
#5745 = ORIENTED_EDGE('',*,*,#5684,.T.);
#5746 = PLANE('',#5747);
#5747 = AXIS2_PLACEMENT_3D('',#5748,#5749,#5750);
#5748 = CARTESIAN_POINT('',(0.,0.,-3.5E-02));
#5749 = DIRECTION('',(-0.,-0.,-1.));
#5750 = DIRECTION('',(-1.,0.,0.));
#5751 = MANIFOLD_SOLID_BREP('',#5752);
#5752 = CLOSED_SHELL('',(#5753,#5793,#5826,#5857,#5888,#5919,#5952,#5983
    ,#6016,#6047,#6080,#6111,#6142,#6175,#6206,#6239,#6261,#6294,#6327,
    #6357));
#5753 = ADVANCED_FACE('',(#5754),#5788,.F.);
#5754 = FACE_BOUND('',#5755,.F.);
#5755 = EDGE_LOOP('',(#5756,#5766,#5774,#5782));
#5756 = ORIENTED_EDGE('',*,*,#5757,.T.);
#5757 = EDGE_CURVE('',#5758,#5760,#5762,.T.);
#5758 = VERTEX_POINT('',#5759);
#5759 = CARTESIAN_POINT('',(131.5,-117.085786,0.));
#5760 = VERTEX_POINT('',#5761);
#5761 = CARTESIAN_POINT('',(131.5,-117.085786,-3.5E-02));
#5762 = LINE('',#5763,#5764);
#5763 = CARTESIAN_POINT('',(131.5,-117.085786,0.));
#5764 = VECTOR('',#5765,1.);
#5765 = DIRECTION('',(0.,0.,-1.));
#5766 = ORIENTED_EDGE('',*,*,#5767,.T.);
#5767 = EDGE_CURVE('',#5760,#5768,#5770,.T.);
#5768 = VERTEX_POINT('',#5769);
#5769 = CARTESIAN_POINT('',(134.207107,-119.792893,-3.5E-02));
#5770 = LINE('',#5771,#5772);
#5771 = CARTESIAN_POINT('',(131.5,-117.085786,-3.5E-02));
#5772 = VECTOR('',#5773,1.);
#5773 = DIRECTION('',(0.707106781187,-0.707106781187,0.));
#5774 = ORIENTED_EDGE('',*,*,#5775,.F.);
#5775 = EDGE_CURVE('',#5776,#5768,#5778,.T.);
#5776 = VERTEX_POINT('',#5777);
#5777 = CARTESIAN_POINT('',(134.207107,-119.792893,0.));
#5778 = LINE('',#5779,#5780);
#5779 = CARTESIAN_POINT('',(134.207107,-119.792893,0.));
#5780 = VECTOR('',#5781,1.);
#5781 = DIRECTION('',(0.,0.,-1.));
#5782 = ORIENTED_EDGE('',*,*,#5783,.F.);
#5783 = EDGE_CURVE('',#5758,#5776,#5784,.T.);
#5784 = LINE('',#5785,#5786);
#5785 = CARTESIAN_POINT('',(131.5,-117.085786,0.));
#5786 = VECTOR('',#5787,1.);
#5787 = DIRECTION('',(0.707106781187,-0.707106781187,0.));
#5788 = PLANE('',#5789);
#5789 = AXIS2_PLACEMENT_3D('',#5790,#5791,#5792);
#5790 = CARTESIAN_POINT('',(131.5,-117.085786,0.));
#5791 = DIRECTION('',(-0.707106781187,-0.707106781187,-0.));
#5792 = DIRECTION('',(0.707106781187,-0.707106781187,0.));
#5793 = ADVANCED_FACE('',(#5794),#5821,.T.);
#5794 = FACE_BOUND('',#5795,.F.);
#5795 = EDGE_LOOP('',(#5796,#5797,#5806,#5814));
#5796 = ORIENTED_EDGE('',*,*,#5775,.T.);
#5797 = ORIENTED_EDGE('',*,*,#5798,.T.);
#5798 = EDGE_CURVE('',#5768,#5799,#5801,.T.);
#5799 = VERTEX_POINT('',#5800);
#5800 = CARTESIAN_POINT('',(134.5,-120.5,-3.5E-02));
#5801 = CIRCLE('',#5802,1.000010194009);
#5802 = AXIS2_PLACEMENT_3D('',#5803,#5804,#5805);
#5803 = CARTESIAN_POINT('',(133.49998980599,-120.5000037848,-3.5E-02));
#5804 = DIRECTION('',(0.,0.,-1.));
#5805 = DIRECTION('',(0.707109985716,0.707103576642,0.));
#5806 = ORIENTED_EDGE('',*,*,#5807,.F.);
#5807 = EDGE_CURVE('',#5808,#5799,#5810,.T.);
#5808 = VERTEX_POINT('',#5809);
#5809 = CARTESIAN_POINT('',(134.5,-120.5,0.));
#5810 = LINE('',#5811,#5812);
#5811 = CARTESIAN_POINT('',(134.5,-120.5,0.));
#5812 = VECTOR('',#5813,1.);
#5813 = DIRECTION('',(0.,0.,-1.));
#5814 = ORIENTED_EDGE('',*,*,#5815,.F.);
#5815 = EDGE_CURVE('',#5776,#5808,#5816,.T.);
#5816 = CIRCLE('',#5817,1.000010194009);
#5817 = AXIS2_PLACEMENT_3D('',#5818,#5819,#5820);
#5818 = CARTESIAN_POINT('',(133.49998980599,-120.5000037848,0.));
#5819 = DIRECTION('',(0.,0.,-1.));
#5820 = DIRECTION('',(0.707109985716,0.707103576642,0.));
#5821 = CYLINDRICAL_SURFACE('',#5822,1.000010194009);
#5822 = AXIS2_PLACEMENT_3D('',#5823,#5824,#5825);
#5823 = CARTESIAN_POINT('',(133.49998980599,-120.5000037848,0.));
#5824 = DIRECTION('',(-0.,-0.,1.));
#5825 = DIRECTION('',(0.707109985716,0.707103576642,0.));
#5826 = ADVANCED_FACE('',(#5827),#5852,.F.);
#5827 = FACE_BOUND('',#5828,.F.);
#5828 = EDGE_LOOP('',(#5829,#5830,#5838,#5846));
#5829 = ORIENTED_EDGE('',*,*,#5807,.T.);
#5830 = ORIENTED_EDGE('',*,*,#5831,.T.);
#5831 = EDGE_CURVE('',#5799,#5832,#5834,.T.);
#5832 = VERTEX_POINT('',#5833);
#5833 = CARTESIAN_POINT('',(134.5,-123.585786,-3.5E-02));
#5834 = LINE('',#5835,#5836);
#5835 = CARTESIAN_POINT('',(134.5,-120.5,-3.5E-02));
#5836 = VECTOR('',#5837,1.);
#5837 = DIRECTION('',(0.,-1.,0.));
#5838 = ORIENTED_EDGE('',*,*,#5839,.F.);
#5839 = EDGE_CURVE('',#5840,#5832,#5842,.T.);
#5840 = VERTEX_POINT('',#5841);
#5841 = CARTESIAN_POINT('',(134.5,-123.585786,0.));
#5842 = LINE('',#5843,#5844);
#5843 = CARTESIAN_POINT('',(134.5,-123.585786,0.));
#5844 = VECTOR('',#5845,1.);
#5845 = DIRECTION('',(0.,0.,-1.));
#5846 = ORIENTED_EDGE('',*,*,#5847,.F.);
#5847 = EDGE_CURVE('',#5808,#5840,#5848,.T.);
#5848 = LINE('',#5849,#5850);
#5849 = CARTESIAN_POINT('',(134.5,-120.5,0.));
#5850 = VECTOR('',#5851,1.);
#5851 = DIRECTION('',(0.,-1.,0.));
#5852 = PLANE('',#5853);
#5853 = AXIS2_PLACEMENT_3D('',#5854,#5855,#5856);
#5854 = CARTESIAN_POINT('',(134.5,-120.5,0.));
#5855 = DIRECTION('',(-1.,-0.,-0.));
#5856 = DIRECTION('',(0.,-1.,0.));
#5857 = ADVANCED_FACE('',(#5858),#5883,.F.);
#5858 = FACE_BOUND('',#5859,.F.);
#5859 = EDGE_LOOP('',(#5860,#5861,#5869,#5877));
#5860 = ORIENTED_EDGE('',*,*,#5839,.T.);
#5861 = ORIENTED_EDGE('',*,*,#5862,.T.);
#5862 = EDGE_CURVE('',#5832,#5863,#5865,.T.);
#5863 = VERTEX_POINT('',#5864);
#5864 = CARTESIAN_POINT('',(139.068214,-128.154,-3.5E-02));
#5865 = LINE('',#5866,#5867);
#5866 = CARTESIAN_POINT('',(134.5,-123.585786,-3.5E-02));
#5867 = VECTOR('',#5868,1.);
#5868 = DIRECTION('',(0.707106781187,-0.707106781187,0.));
#5869 = ORIENTED_EDGE('',*,*,#5870,.F.);
#5870 = EDGE_CURVE('',#5871,#5863,#5873,.T.);
#5871 = VERTEX_POINT('',#5872);
#5872 = CARTESIAN_POINT('',(139.068214,-128.154,0.));
#5873 = LINE('',#5874,#5875);
#5874 = CARTESIAN_POINT('',(139.068214,-128.154,0.));
#5875 = VECTOR('',#5876,1.);
#5876 = DIRECTION('',(0.,0.,-1.));
#5877 = ORIENTED_EDGE('',*,*,#5878,.F.);
#5878 = EDGE_CURVE('',#5840,#5871,#5879,.T.);
#5879 = LINE('',#5880,#5881);
#5880 = CARTESIAN_POINT('',(134.5,-123.585786,0.));
#5881 = VECTOR('',#5882,1.);
#5882 = DIRECTION('',(0.707106781187,-0.707106781187,0.));
#5883 = PLANE('',#5884);
#5884 = AXIS2_PLACEMENT_3D('',#5885,#5886,#5887);
#5885 = CARTESIAN_POINT('',(134.5,-123.585786,0.));
#5886 = DIRECTION('',(-0.707106781187,-0.707106781187,-0.));
#5887 = DIRECTION('',(0.707106781187,-0.707106781187,0.));
#5888 = ADVANCED_FACE('',(#5889),#5914,.F.);
#5889 = FACE_BOUND('',#5890,.F.);
#5890 = EDGE_LOOP('',(#5891,#5892,#5900,#5908));
#5891 = ORIENTED_EDGE('',*,*,#5870,.T.);
#5892 = ORIENTED_EDGE('',*,*,#5893,.T.);
#5893 = EDGE_CURVE('',#5863,#5894,#5896,.T.);
#5894 = VERTEX_POINT('',#5895);
#5895 = CARTESIAN_POINT('',(144.78,-128.154,-3.5E-02));
#5896 = LINE('',#5897,#5898);
#5897 = CARTESIAN_POINT('',(139.068214,-128.154,-3.5E-02));
#5898 = VECTOR('',#5899,1.);
#5899 = DIRECTION('',(1.,0.,0.));
#5900 = ORIENTED_EDGE('',*,*,#5901,.F.);
#5901 = EDGE_CURVE('',#5902,#5894,#5904,.T.);
#5902 = VERTEX_POINT('',#5903);
#5903 = CARTESIAN_POINT('',(144.78,-128.154,0.));
#5904 = LINE('',#5905,#5906);
#5905 = CARTESIAN_POINT('',(144.78,-128.154,0.));
#5906 = VECTOR('',#5907,1.);
#5907 = DIRECTION('',(0.,0.,-1.));
#5908 = ORIENTED_EDGE('',*,*,#5909,.F.);
#5909 = EDGE_CURVE('',#5871,#5902,#5910,.T.);
#5910 = LINE('',#5911,#5912);
#5911 = CARTESIAN_POINT('',(139.068214,-128.154,0.));
#5912 = VECTOR('',#5913,1.);
#5913 = DIRECTION('',(1.,0.,0.));
#5914 = PLANE('',#5915);
#5915 = AXIS2_PLACEMENT_3D('',#5916,#5917,#5918);
#5916 = CARTESIAN_POINT('',(139.068214,-128.154,0.));
#5917 = DIRECTION('',(0.,-1.,0.));
#5918 = DIRECTION('',(1.,0.,0.));
#5919 = ADVANCED_FACE('',(#5920),#5947,.T.);
#5920 = FACE_BOUND('',#5921,.F.);
#5921 = EDGE_LOOP('',(#5922,#5923,#5932,#5940));
#5922 = ORIENTED_EDGE('',*,*,#5901,.T.);
#5923 = ORIENTED_EDGE('',*,*,#5924,.T.);
#5924 = EDGE_CURVE('',#5894,#5925,#5927,.T.);
#5925 = VERTEX_POINT('',#5926);
#5926 = CARTESIAN_POINT('',(144.78,-130.154,-3.5E-02));
#5927 = CIRCLE('',#5928,1.);
#5928 = AXIS2_PLACEMENT_3D('',#5929,#5930,#5931);
#5929 = CARTESIAN_POINT('',(144.7800002595,-129.154,-3.5E-02));
#5930 = DIRECTION('',(0.,0.,-1.));
#5931 = DIRECTION('',(-2.595065211608E-07,1.,-0.));
#5932 = ORIENTED_EDGE('',*,*,#5933,.F.);
#5933 = EDGE_CURVE('',#5934,#5925,#5936,.T.);
#5934 = VERTEX_POINT('',#5935);
#5935 = CARTESIAN_POINT('',(144.78,-130.154,0.));
#5936 = LINE('',#5937,#5938);
#5937 = CARTESIAN_POINT('',(144.78,-130.154,0.));
#5938 = VECTOR('',#5939,1.);
#5939 = DIRECTION('',(0.,0.,-1.));
#5940 = ORIENTED_EDGE('',*,*,#5941,.F.);
#5941 = EDGE_CURVE('',#5902,#5934,#5942,.T.);
#5942 = CIRCLE('',#5943,1.);
#5943 = AXIS2_PLACEMENT_3D('',#5944,#5945,#5946);
#5944 = CARTESIAN_POINT('',(144.7800002595,-129.154,0.));
#5945 = DIRECTION('',(0.,0.,-1.));
#5946 = DIRECTION('',(-2.595065211608E-07,1.,-0.));
#5947 = CYLINDRICAL_SURFACE('',#5948,1.);
#5948 = AXIS2_PLACEMENT_3D('',#5949,#5950,#5951);
#5949 = CARTESIAN_POINT('',(144.7800002595,-129.154,0.));
#5950 = DIRECTION('',(-0.,-0.,1.));
#5951 = DIRECTION('',(-2.595065211608E-07,1.,-0.));
#5952 = ADVANCED_FACE('',(#5953),#5978,.F.);
#5953 = FACE_BOUND('',#5954,.F.);
#5954 = EDGE_LOOP('',(#5955,#5956,#5964,#5972));
#5955 = ORIENTED_EDGE('',*,*,#5933,.T.);
#5956 = ORIENTED_EDGE('',*,*,#5957,.T.);
#5957 = EDGE_CURVE('',#5925,#5958,#5960,.T.);
#5958 = VERTEX_POINT('',#5959);
#5959 = CARTESIAN_POINT('',(138.654,-130.154,-3.5E-02));
#5960 = LINE('',#5961,#5962);
#5961 = CARTESIAN_POINT('',(144.78,-130.154,-3.5E-02));
#5962 = VECTOR('',#5963,1.);
#5963 = DIRECTION('',(-1.,0.,0.));
#5964 = ORIENTED_EDGE('',*,*,#5965,.F.);
#5965 = EDGE_CURVE('',#5966,#5958,#5968,.T.);
#5966 = VERTEX_POINT('',#5967);
#5967 = CARTESIAN_POINT('',(138.654,-130.154,0.));
#5968 = LINE('',#5969,#5970);
#5969 = CARTESIAN_POINT('',(138.654,-130.154,0.));
#5970 = VECTOR('',#5971,1.);
#5971 = DIRECTION('',(0.,0.,-1.));
#5972 = ORIENTED_EDGE('',*,*,#5973,.F.);
#5973 = EDGE_CURVE('',#5934,#5966,#5974,.T.);
#5974 = LINE('',#5975,#5976);
#5975 = CARTESIAN_POINT('',(144.78,-130.154,0.));
#5976 = VECTOR('',#5977,1.);
#5977 = DIRECTION('',(-1.,0.,0.));
#5978 = PLANE('',#5979);
#5979 = AXIS2_PLACEMENT_3D('',#5980,#5981,#5982);
#5980 = CARTESIAN_POINT('',(144.78,-130.154,0.));
#5981 = DIRECTION('',(0.,1.,0.));
#5982 = DIRECTION('',(-1.,0.,0.));
#5983 = ADVANCED_FACE('',(#5984),#6011,.T.);
#5984 = FACE_BOUND('',#5985,.F.);
#5985 = EDGE_LOOP('',(#5986,#5987,#5996,#6004));
#5986 = ORIENTED_EDGE('',*,*,#5965,.T.);
#5987 = ORIENTED_EDGE('',*,*,#5988,.T.);
#5988 = EDGE_CURVE('',#5958,#5989,#5991,.T.);
#5989 = VERTEX_POINT('',#5990);
#5990 = CARTESIAN_POINT('',(137.946893,-129.861107,-3.5E-02));
#5991 = CIRCLE('',#5992,0.999995957107);
#5992 = AXIS2_PLACEMENT_3D('',#5993,#5994,#5995);
#5993 = CARTESIAN_POINT('',(138.65399788775,-129.1540040428,-3.5E-02));
#5994 = DIRECTION('',(0.,0.,-1.));
#5995 = DIRECTION('',(2.112255528495E-06,-0.999999999998,0.));
#5996 = ORIENTED_EDGE('',*,*,#5997,.F.);
#5997 = EDGE_CURVE('',#5998,#5989,#6000,.T.);
#5998 = VERTEX_POINT('',#5999);
#5999 = CARTESIAN_POINT('',(137.946893,-129.861107,0.));
#6000 = LINE('',#6001,#6002);
#6001 = CARTESIAN_POINT('',(137.946893,-129.861107,0.));
#6002 = VECTOR('',#6003,1.);
#6003 = DIRECTION('',(0.,0.,-1.));
#6004 = ORIENTED_EDGE('',*,*,#6005,.F.);
#6005 = EDGE_CURVE('',#5966,#5998,#6006,.T.);
#6006 = CIRCLE('',#6007,0.999995957107);
#6007 = AXIS2_PLACEMENT_3D('',#6008,#6009,#6010);
#6008 = CARTESIAN_POINT('',(138.65399788775,-129.1540040428,0.));
#6009 = DIRECTION('',(0.,0.,-1.));
#6010 = DIRECTION('',(2.112255528495E-06,-0.999999999998,0.));
#6011 = CYLINDRICAL_SURFACE('',#6012,0.999995957107);
#6012 = AXIS2_PLACEMENT_3D('',#6013,#6014,#6015);
#6013 = CARTESIAN_POINT('',(138.65399788775,-129.1540040428,0.));
#6014 = DIRECTION('',(-0.,-0.,1.));
#6015 = DIRECTION('',(2.112255528495E-06,-0.999999999998,0.));
#6016 = ADVANCED_FACE('',(#6017),#6042,.F.);
#6017 = FACE_BOUND('',#6018,.F.);
#6018 = EDGE_LOOP('',(#6019,#6020,#6028,#6036));
#6019 = ORIENTED_EDGE('',*,*,#5997,.T.);
#6020 = ORIENTED_EDGE('',*,*,#6021,.T.);
#6021 = EDGE_CURVE('',#5989,#6022,#6024,.T.);
#6022 = VERTEX_POINT('',#6023);
#6023 = CARTESIAN_POINT('',(132.792893,-124.707107,-3.5E-02));
#6024 = LINE('',#6025,#6026);
#6025 = CARTESIAN_POINT('',(137.946893,-129.861107,-3.5E-02));
#6026 = VECTOR('',#6027,1.);
#6027 = DIRECTION('',(-0.707106781187,0.707106781187,0.));
#6028 = ORIENTED_EDGE('',*,*,#6029,.F.);
#6029 = EDGE_CURVE('',#6030,#6022,#6032,.T.);
#6030 = VERTEX_POINT('',#6031);
#6031 = CARTESIAN_POINT('',(132.792893,-124.707107,0.));
#6032 = LINE('',#6033,#6034);
#6033 = CARTESIAN_POINT('',(132.792893,-124.707107,0.));
#6034 = VECTOR('',#6035,1.);
#6035 = DIRECTION('',(0.,0.,-1.));
#6036 = ORIENTED_EDGE('',*,*,#6037,.F.);
#6037 = EDGE_CURVE('',#5998,#6030,#6038,.T.);
#6038 = LINE('',#6039,#6040);
#6039 = CARTESIAN_POINT('',(137.946893,-129.861107,0.));
#6040 = VECTOR('',#6041,1.);
#6041 = DIRECTION('',(-0.707106781187,0.707106781187,0.));
#6042 = PLANE('',#6043);
#6043 = AXIS2_PLACEMENT_3D('',#6044,#6045,#6046);
#6044 = CARTESIAN_POINT('',(137.946893,-129.861107,0.));
#6045 = DIRECTION('',(0.707106781187,0.707106781187,0.));
#6046 = DIRECTION('',(-0.707106781187,0.707106781187,0.));
#6047 = ADVANCED_FACE('',(#6048),#6075,.T.);
#6048 = FACE_BOUND('',#6049,.F.);
#6049 = EDGE_LOOP('',(#6050,#6051,#6060,#6068));
#6050 = ORIENTED_EDGE('',*,*,#6029,.T.);
#6051 = ORIENTED_EDGE('',*,*,#6052,.T.);
#6052 = EDGE_CURVE('',#6022,#6053,#6055,.T.);
#6053 = VERTEX_POINT('',#6054);
#6054 = CARTESIAN_POINT('',(132.5,-124.,-3.5E-02));
#6055 = CIRCLE('',#6056,1.000004086185);
#6056 = AXIS2_PLACEMENT_3D('',#6057,#6058,#6059);
#6057 = CARTESIAN_POINT('',(133.50000408618,-123.999998745,-3.5E-02));
#6058 = DIRECTION('',(0.,0.,-1.));
#6059 = DIRECTION('',(-0.707108196809,-0.707105365561,-0.));
#6060 = ORIENTED_EDGE('',*,*,#6061,.F.);
#6061 = EDGE_CURVE('',#6062,#6053,#6064,.T.);
#6062 = VERTEX_POINT('',#6063);
#6063 = CARTESIAN_POINT('',(132.5,-124.,0.));
#6064 = LINE('',#6065,#6066);
#6065 = CARTESIAN_POINT('',(132.5,-124.,0.));
#6066 = VECTOR('',#6067,1.);
#6067 = DIRECTION('',(0.,0.,-1.));
#6068 = ORIENTED_EDGE('',*,*,#6069,.F.);
#6069 = EDGE_CURVE('',#6030,#6062,#6070,.T.);
#6070 = CIRCLE('',#6071,1.000004086185);
#6071 = AXIS2_PLACEMENT_3D('',#6072,#6073,#6074);
#6072 = CARTESIAN_POINT('',(133.50000408618,-123.999998745,0.));
#6073 = DIRECTION('',(0.,0.,-1.));
#6074 = DIRECTION('',(-0.707108196809,-0.707105365561,-0.));
#6075 = CYLINDRICAL_SURFACE('',#6076,1.000004086185);
#6076 = AXIS2_PLACEMENT_3D('',#6077,#6078,#6079);
#6077 = CARTESIAN_POINT('',(133.50000408618,-123.999998745,0.));
#6078 = DIRECTION('',(-0.,-0.,1.));
#6079 = DIRECTION('',(-0.707108196809,-0.707105365561,-0.));
#6080 = ADVANCED_FACE('',(#6081),#6106,.F.);
#6081 = FACE_BOUND('',#6082,.F.);
#6082 = EDGE_LOOP('',(#6083,#6084,#6092,#6100));
#6083 = ORIENTED_EDGE('',*,*,#6061,.T.);
#6084 = ORIENTED_EDGE('',*,*,#6085,.T.);
#6085 = EDGE_CURVE('',#6053,#6086,#6088,.T.);
#6086 = VERTEX_POINT('',#6087);
#6087 = CARTESIAN_POINT('',(132.5,-120.914214,-3.5E-02));
#6088 = LINE('',#6089,#6090);
#6089 = CARTESIAN_POINT('',(132.5,-124.,-3.5E-02));
#6090 = VECTOR('',#6091,1.);
#6091 = DIRECTION('',(0.,1.,0.));
#6092 = ORIENTED_EDGE('',*,*,#6093,.F.);
#6093 = EDGE_CURVE('',#6094,#6086,#6096,.T.);
#6094 = VERTEX_POINT('',#6095);
#6095 = CARTESIAN_POINT('',(132.5,-120.914214,0.));
#6096 = LINE('',#6097,#6098);
#6097 = CARTESIAN_POINT('',(132.5,-120.914214,0.));
#6098 = VECTOR('',#6099,1.);
#6099 = DIRECTION('',(0.,0.,-1.));
#6100 = ORIENTED_EDGE('',*,*,#6101,.F.);
#6101 = EDGE_CURVE('',#6062,#6094,#6102,.T.);
#6102 = LINE('',#6103,#6104);
#6103 = CARTESIAN_POINT('',(132.5,-124.,0.));
#6104 = VECTOR('',#6105,1.);
#6105 = DIRECTION('',(0.,1.,0.));
#6106 = PLANE('',#6107);
#6107 = AXIS2_PLACEMENT_3D('',#6108,#6109,#6110);
#6108 = CARTESIAN_POINT('',(132.5,-124.,0.));
#6109 = DIRECTION('',(1.,-0.,0.));
#6110 = DIRECTION('',(0.,1.,0.));
#6111 = ADVANCED_FACE('',(#6112),#6137,.F.);
#6112 = FACE_BOUND('',#6113,.F.);
#6113 = EDGE_LOOP('',(#6114,#6115,#6123,#6131));
#6114 = ORIENTED_EDGE('',*,*,#6093,.T.);
#6115 = ORIENTED_EDGE('',*,*,#6116,.T.);
#6116 = EDGE_CURVE('',#6086,#6117,#6119,.T.);
#6117 = VERTEX_POINT('',#6118);
#6118 = CARTESIAN_POINT('',(129.792893,-118.207107,-3.5E-02));
#6119 = LINE('',#6120,#6121);
#6120 = CARTESIAN_POINT('',(132.5,-120.914214,-3.5E-02));
#6121 = VECTOR('',#6122,1.);
#6122 = DIRECTION('',(-0.707106781187,0.707106781187,0.));
#6123 = ORIENTED_EDGE('',*,*,#6124,.F.);
#6124 = EDGE_CURVE('',#6125,#6117,#6127,.T.);
#6125 = VERTEX_POINT('',#6126);
#6126 = CARTESIAN_POINT('',(129.792893,-118.207107,0.));
#6127 = LINE('',#6128,#6129);
#6128 = CARTESIAN_POINT('',(129.792893,-118.207107,0.));
#6129 = VECTOR('',#6130,1.);
#6130 = DIRECTION('',(0.,0.,-1.));
#6131 = ORIENTED_EDGE('',*,*,#6132,.F.);
#6132 = EDGE_CURVE('',#6094,#6125,#6133,.T.);
#6133 = LINE('',#6134,#6135);
#6134 = CARTESIAN_POINT('',(132.5,-120.914214,0.));
#6135 = VECTOR('',#6136,1.);
#6136 = DIRECTION('',(-0.707106781187,0.707106781187,0.));
#6137 = PLANE('',#6138);
#6138 = AXIS2_PLACEMENT_3D('',#6139,#6140,#6141);
#6139 = CARTESIAN_POINT('',(132.5,-120.914214,0.));
#6140 = DIRECTION('',(0.707106781187,0.707106781187,0.));
#6141 = DIRECTION('',(-0.707106781187,0.707106781187,0.));
#6142 = ADVANCED_FACE('',(#6143),#6170,.T.);
#6143 = FACE_BOUND('',#6144,.F.);
#6144 = EDGE_LOOP('',(#6145,#6146,#6155,#6163));
#6145 = ORIENTED_EDGE('',*,*,#6124,.T.);
#6146 = ORIENTED_EDGE('',*,*,#6147,.T.);
#6147 = EDGE_CURVE('',#6117,#6148,#6150,.T.);
#6148 = VERTEX_POINT('',#6149);
#6149 = CARTESIAN_POINT('',(129.5,-117.5,-3.5E-02));
#6150 = CIRCLE('',#6151,1.000004086185);
#6151 = AXIS2_PLACEMENT_3D('',#6152,#6153,#6154);
#6152 = CARTESIAN_POINT('',(130.50000408618,-117.499998745,-3.5E-02));
#6153 = DIRECTION('',(0.,0.,-1.));
#6154 = DIRECTION('',(-0.707108196809,-0.707105365561,-0.));
#6155 = ORIENTED_EDGE('',*,*,#6156,.F.);
#6156 = EDGE_CURVE('',#6157,#6148,#6159,.T.);
#6157 = VERTEX_POINT('',#6158);
#6158 = CARTESIAN_POINT('',(129.5,-117.5,0.));
#6159 = LINE('',#6160,#6161);
#6160 = CARTESIAN_POINT('',(129.5,-117.5,0.));
#6161 = VECTOR('',#6162,1.);
#6162 = DIRECTION('',(0.,0.,-1.));
#6163 = ORIENTED_EDGE('',*,*,#6164,.F.);
#6164 = EDGE_CURVE('',#6125,#6157,#6165,.T.);
#6165 = CIRCLE('',#6166,1.000004086185);
#6166 = AXIS2_PLACEMENT_3D('',#6167,#6168,#6169);
#6167 = CARTESIAN_POINT('',(130.50000408618,-117.499998745,0.));
#6168 = DIRECTION('',(0.,0.,-1.));
#6169 = DIRECTION('',(-0.707108196809,-0.707105365561,-0.));
#6170 = CYLINDRICAL_SURFACE('',#6171,1.000004086185);
#6171 = AXIS2_PLACEMENT_3D('',#6172,#6173,#6174);
#6172 = CARTESIAN_POINT('',(130.50000408618,-117.499998745,0.));
#6173 = DIRECTION('',(-0.,-0.,1.));
#6174 = DIRECTION('',(-0.707108196809,-0.707105365561,-0.));
#6175 = ADVANCED_FACE('',(#6176),#6201,.F.);
#6176 = FACE_BOUND('',#6177,.F.);
#6177 = EDGE_LOOP('',(#6178,#6179,#6187,#6195));
#6178 = ORIENTED_EDGE('',*,*,#6156,.T.);
#6179 = ORIENTED_EDGE('',*,*,#6180,.T.);
#6180 = EDGE_CURVE('',#6148,#6181,#6183,.T.);
#6181 = VERTEX_POINT('',#6182);
#6182 = CARTESIAN_POINT('',(129.5,-114.3,-3.5E-02));
#6183 = LINE('',#6184,#6185);
#6184 = CARTESIAN_POINT('',(129.5,-117.5,-3.5E-02));
#6185 = VECTOR('',#6186,1.);
#6186 = DIRECTION('',(0.,1.,0.));
#6187 = ORIENTED_EDGE('',*,*,#6188,.F.);
#6188 = EDGE_CURVE('',#6189,#6181,#6191,.T.);
#6189 = VERTEX_POINT('',#6190);
#6190 = CARTESIAN_POINT('',(129.5,-114.3,0.));
#6191 = LINE('',#6192,#6193);
#6192 = CARTESIAN_POINT('',(129.5,-114.3,0.));
#6193 = VECTOR('',#6194,1.);
#6194 = DIRECTION('',(0.,0.,-1.));
#6195 = ORIENTED_EDGE('',*,*,#6196,.F.);
#6196 = EDGE_CURVE('',#6157,#6189,#6197,.T.);
#6197 = LINE('',#6198,#6199);
#6198 = CARTESIAN_POINT('',(129.5,-117.5,0.));
#6199 = VECTOR('',#6200,1.);
#6200 = DIRECTION('',(0.,1.,0.));
#6201 = PLANE('',#6202);
#6202 = AXIS2_PLACEMENT_3D('',#6203,#6204,#6205);
#6203 = CARTESIAN_POINT('',(129.5,-117.5,0.));
#6204 = DIRECTION('',(1.,-0.,0.));
#6205 = DIRECTION('',(0.,1.,0.));
#6206 = ADVANCED_FACE('',(#6207),#6234,.T.);
#6207 = FACE_BOUND('',#6208,.F.);
#6208 = EDGE_LOOP('',(#6209,#6210,#6219,#6227));
#6209 = ORIENTED_EDGE('',*,*,#6188,.T.);
#6210 = ORIENTED_EDGE('',*,*,#6211,.T.);
#6211 = EDGE_CURVE('',#6181,#6212,#6214,.T.);
#6212 = VERTEX_POINT('',#6213);
#6213 = CARTESIAN_POINT('',(131.5,-114.3,-3.5E-02));
#6214 = CIRCLE('',#6215,1.);
#6215 = AXIS2_PLACEMENT_3D('',#6216,#6217,#6218);
#6216 = CARTESIAN_POINT('',(130.5,-114.3000002313,-3.5E-02));
#6217 = DIRECTION('',(0.,0.,-1.));
#6218 = DIRECTION('',(-1.,2.31386707128E-07,0.));
#6219 = ORIENTED_EDGE('',*,*,#6220,.F.);
#6220 = EDGE_CURVE('',#6221,#6212,#6223,.T.);
#6221 = VERTEX_POINT('',#6222);
#6222 = CARTESIAN_POINT('',(131.5,-114.3,0.));
#6223 = LINE('',#6224,#6225);
#6224 = CARTESIAN_POINT('',(131.5,-114.3,0.));
#6225 = VECTOR('',#6226,1.);
#6226 = DIRECTION('',(0.,0.,-1.));
#6227 = ORIENTED_EDGE('',*,*,#6228,.F.);
#6228 = EDGE_CURVE('',#6189,#6221,#6229,.T.);
#6229 = CIRCLE('',#6230,1.);
#6230 = AXIS2_PLACEMENT_3D('',#6231,#6232,#6233);
#6231 = CARTESIAN_POINT('',(130.5,-114.3000002313,0.));
#6232 = DIRECTION('',(0.,0.,-1.));
#6233 = DIRECTION('',(-1.,2.31386707128E-07,0.));
#6234 = CYLINDRICAL_SURFACE('',#6235,1.);
#6235 = AXIS2_PLACEMENT_3D('',#6236,#6237,#6238);
#6236 = CARTESIAN_POINT('',(130.5,-114.3000002313,0.));
#6237 = DIRECTION('',(-0.,-0.,1.));
#6238 = DIRECTION('',(-1.,2.31386707128E-07,0.));
#6239 = ADVANCED_FACE('',(#6240),#6256,.F.);
#6240 = FACE_BOUND('',#6241,.F.);
#6241 = EDGE_LOOP('',(#6242,#6243,#6249,#6250));
#6242 = ORIENTED_EDGE('',*,*,#6220,.T.);
#6243 = ORIENTED_EDGE('',*,*,#6244,.T.);
#6244 = EDGE_CURVE('',#6212,#5760,#6245,.T.);
#6245 = LINE('',#6246,#6247);
#6246 = CARTESIAN_POINT('',(131.5,-114.3,-3.5E-02));
#6247 = VECTOR('',#6248,1.);
#6248 = DIRECTION('',(0.,-1.,0.));
#6249 = ORIENTED_EDGE('',*,*,#5757,.F.);
#6250 = ORIENTED_EDGE('',*,*,#6251,.F.);
#6251 = EDGE_CURVE('',#6221,#5758,#6252,.T.);
#6252 = LINE('',#6253,#6254);
#6253 = CARTESIAN_POINT('',(131.5,-114.3,0.));
#6254 = VECTOR('',#6255,1.);
#6255 = DIRECTION('',(0.,-1.,0.));
#6256 = PLANE('',#6257);
#6257 = AXIS2_PLACEMENT_3D('',#6258,#6259,#6260);
#6258 = CARTESIAN_POINT('',(131.5,-114.3,0.));
#6259 = DIRECTION('',(-1.,-0.,-0.));
#6260 = DIRECTION('',(0.,-1.,0.));
#6261 = ADVANCED_FACE('',(#6262),#6289,.F.);
#6262 = FACE_BOUND('',#6263,.F.);
#6263 = EDGE_LOOP('',(#6264,#6274,#6281,#6282));
#6264 = ORIENTED_EDGE('',*,*,#6265,.T.);
#6265 = EDGE_CURVE('',#6266,#6268,#6270,.T.);
#6266 = VERTEX_POINT('',#6267);
#6267 = CARTESIAN_POINT('',(145.211891,-129.154,0.));
#6268 = VERTEX_POINT('',#6269);
#6269 = CARTESIAN_POINT('',(145.211891,-129.154,-3.5E-02));
#6270 = LINE('',#6271,#6272);
#6271 = CARTESIAN_POINT('',(145.211891,-129.154,0.));
#6272 = VECTOR('',#6273,1.);
#6273 = DIRECTION('',(0.,0.,-1.));
#6274 = ORIENTED_EDGE('',*,*,#6275,.T.);
#6275 = EDGE_CURVE('',#6268,#6268,#6276,.T.);
#6276 = CIRCLE('',#6277,0.431891);
#6277 = AXIS2_PLACEMENT_3D('',#6278,#6279,#6280);
#6278 = CARTESIAN_POINT('',(144.78,-129.154,-3.5E-02));
#6279 = DIRECTION('',(0.,0.,1.));
#6280 = DIRECTION('',(1.,0.,-0.));
#6281 = ORIENTED_EDGE('',*,*,#6265,.F.);
#6282 = ORIENTED_EDGE('',*,*,#6283,.F.);
#6283 = EDGE_CURVE('',#6266,#6266,#6284,.T.);
#6284 = CIRCLE('',#6285,0.431891);
#6285 = AXIS2_PLACEMENT_3D('',#6286,#6287,#6288);
#6286 = CARTESIAN_POINT('',(144.78,-129.154,0.));
#6287 = DIRECTION('',(0.,0.,1.));
#6288 = DIRECTION('',(1.,0.,-0.));
#6289 = CYLINDRICAL_SURFACE('',#6290,0.431891);
#6290 = AXIS2_PLACEMENT_3D('',#6291,#6292,#6293);
#6291 = CARTESIAN_POINT('',(144.78,-129.154,0.));
#6292 = DIRECTION('',(0.,0.,1.));
#6293 = DIRECTION('',(1.,0.,-0.));
#6294 = ADVANCED_FACE('',(#6295),#6322,.F.);
#6295 = FACE_BOUND('',#6296,.F.);
#6296 = EDGE_LOOP('',(#6297,#6307,#6314,#6315));
#6297 = ORIENTED_EDGE('',*,*,#6298,.T.);
#6298 = EDGE_CURVE('',#6299,#6301,#6303,.T.);
#6299 = VERTEX_POINT('',#6300);
#6300 = CARTESIAN_POINT('',(130.887392,-114.3,0.));
#6301 = VERTEX_POINT('',#6302);
#6302 = CARTESIAN_POINT('',(130.887392,-114.3,-3.5E-02));
#6303 = LINE('',#6304,#6305);
#6304 = CARTESIAN_POINT('',(130.887392,-114.3,0.));
#6305 = VECTOR('',#6306,1.);
#6306 = DIRECTION('',(0.,0.,-1.));
#6307 = ORIENTED_EDGE('',*,*,#6308,.T.);
#6308 = EDGE_CURVE('',#6301,#6301,#6309,.T.);
#6309 = CIRCLE('',#6310,0.387392);
#6310 = AXIS2_PLACEMENT_3D('',#6311,#6312,#6313);
#6311 = CARTESIAN_POINT('',(130.5,-114.3,-3.5E-02));
#6312 = DIRECTION('',(0.,0.,1.));
#6313 = DIRECTION('',(1.,0.,-0.));
#6314 = ORIENTED_EDGE('',*,*,#6298,.F.);
#6315 = ORIENTED_EDGE('',*,*,#6316,.F.);
#6316 = EDGE_CURVE('',#6299,#6299,#6317,.T.);
#6317 = CIRCLE('',#6318,0.387392);
#6318 = AXIS2_PLACEMENT_3D('',#6319,#6320,#6321);
#6319 = CARTESIAN_POINT('',(130.5,-114.3,0.));
#6320 = DIRECTION('',(0.,0.,1.));
#6321 = DIRECTION('',(1.,0.,-0.));
#6322 = CYLINDRICAL_SURFACE('',#6323,0.387392);
#6323 = AXIS2_PLACEMENT_3D('',#6324,#6325,#6326);
#6324 = CARTESIAN_POINT('',(130.5,-114.3,0.));
#6325 = DIRECTION('',(0.,0.,1.));
#6326 = DIRECTION('',(1.,0.,-0.));
#6327 = ADVANCED_FACE('',(#6328,#6346,#6349),#6352,.F.);
#6328 = FACE_BOUND('',#6329,.F.);
#6329 = EDGE_LOOP('',(#6330,#6331,#6332,#6333,#6334,#6335,#6336,#6337,
    #6338,#6339,#6340,#6341,#6342,#6343,#6344,#6345));
#6330 = ORIENTED_EDGE('',*,*,#5783,.T.);
#6331 = ORIENTED_EDGE('',*,*,#5815,.T.);
#6332 = ORIENTED_EDGE('',*,*,#5847,.T.);
#6333 = ORIENTED_EDGE('',*,*,#5878,.T.);
#6334 = ORIENTED_EDGE('',*,*,#5909,.T.);
#6335 = ORIENTED_EDGE('',*,*,#5941,.T.);
#6336 = ORIENTED_EDGE('',*,*,#5973,.T.);
#6337 = ORIENTED_EDGE('',*,*,#6005,.T.);
#6338 = ORIENTED_EDGE('',*,*,#6037,.T.);
#6339 = ORIENTED_EDGE('',*,*,#6069,.T.);
#6340 = ORIENTED_EDGE('',*,*,#6101,.T.);
#6341 = ORIENTED_EDGE('',*,*,#6132,.T.);
#6342 = ORIENTED_EDGE('',*,*,#6164,.T.);
#6343 = ORIENTED_EDGE('',*,*,#6196,.T.);
#6344 = ORIENTED_EDGE('',*,*,#6228,.T.);
#6345 = ORIENTED_EDGE('',*,*,#6251,.T.);
#6346 = FACE_BOUND('',#6347,.F.);
#6347 = EDGE_LOOP('',(#6348));
#6348 = ORIENTED_EDGE('',*,*,#6283,.T.);
#6349 = FACE_BOUND('',#6350,.F.);
#6350 = EDGE_LOOP('',(#6351));
#6351 = ORIENTED_EDGE('',*,*,#6316,.T.);
#6352 = PLANE('',#6353);
#6353 = AXIS2_PLACEMENT_3D('',#6354,#6355,#6356);
#6354 = CARTESIAN_POINT('',(0.,0.,0.));
#6355 = DIRECTION('',(-0.,-0.,-1.));
#6356 = DIRECTION('',(-1.,0.,0.));
#6357 = ADVANCED_FACE('',(#6358,#6376,#6379),#6382,.T.);
#6358 = FACE_BOUND('',#6359,.T.);
#6359 = EDGE_LOOP('',(#6360,#6361,#6362,#6363,#6364,#6365,#6366,#6367,
    #6368,#6369,#6370,#6371,#6372,#6373,#6374,#6375));
#6360 = ORIENTED_EDGE('',*,*,#5767,.T.);
#6361 = ORIENTED_EDGE('',*,*,#5798,.T.);
#6362 = ORIENTED_EDGE('',*,*,#5831,.T.);
#6363 = ORIENTED_EDGE('',*,*,#5862,.T.);
#6364 = ORIENTED_EDGE('',*,*,#5893,.T.);
#6365 = ORIENTED_EDGE('',*,*,#5924,.T.);
#6366 = ORIENTED_EDGE('',*,*,#5957,.T.);
#6367 = ORIENTED_EDGE('',*,*,#5988,.T.);
#6368 = ORIENTED_EDGE('',*,*,#6021,.T.);
#6369 = ORIENTED_EDGE('',*,*,#6052,.T.);
#6370 = ORIENTED_EDGE('',*,*,#6085,.T.);
#6371 = ORIENTED_EDGE('',*,*,#6116,.T.);
#6372 = ORIENTED_EDGE('',*,*,#6147,.T.);
#6373 = ORIENTED_EDGE('',*,*,#6180,.T.);
#6374 = ORIENTED_EDGE('',*,*,#6211,.T.);
#6375 = ORIENTED_EDGE('',*,*,#6244,.T.);
#6376 = FACE_BOUND('',#6377,.T.);
#6377 = EDGE_LOOP('',(#6378));
#6378 = ORIENTED_EDGE('',*,*,#6275,.T.);
#6379 = FACE_BOUND('',#6380,.T.);
#6380 = EDGE_LOOP('',(#6381));
#6381 = ORIENTED_EDGE('',*,*,#6308,.T.);
#6382 = PLANE('',#6383);
#6383 = AXIS2_PLACEMENT_3D('',#6384,#6385,#6386);
#6384 = CARTESIAN_POINT('',(0.,0.,-3.5E-02));
#6385 = DIRECTION('',(-0.,-0.,-1.));
#6386 = DIRECTION('',(-1.,0.,0.));
#6387 = MANIFOLD_SOLID_BREP('',#6388);
#6388 = CLOSED_SHELL('',(#6389,#6431,#6462,#6493,#6526,#6557,#6588,#6619
    ,#6650,#6681,#6714,#6745,#6776,#6809,#6840,#6873,#6904,#6935,#6968,
    #6999,#7030,#7061,#7092,#7123,#7154,#7185,#7216,#7249,#7280,#7313,
    #7344,#7377,#7408,#7441,#7472,#7505,#7536,#7567,#7598,#7629,#7660,
    #7682,#7715,#7748,#7781,#7814,#7847,#7880,#7947));
#6389 = ADVANCED_FACE('',(#6390),#6426,.T.);
#6390 = FACE_BOUND('',#6391,.F.);
#6391 = EDGE_LOOP('',(#6392,#6402,#6411,#6419));
#6392 = ORIENTED_EDGE('',*,*,#6393,.T.);
#6393 = EDGE_CURVE('',#6394,#6396,#6398,.T.);
#6394 = VERTEX_POINT('',#6395);
#6395 = CARTESIAN_POINT('',(133.41,-100.06,0.));
#6396 = VERTEX_POINT('',#6397);
#6397 = CARTESIAN_POINT('',(133.41,-100.06,-3.5E-02));
#6398 = LINE('',#6399,#6400);
#6399 = CARTESIAN_POINT('',(133.41,-100.06,0.));
#6400 = VECTOR('',#6401,1.);
#6401 = DIRECTION('',(0.,0.,-1.));
#6402 = ORIENTED_EDGE('',*,*,#6403,.T.);
#6403 = EDGE_CURVE('',#6396,#6404,#6406,.T.);
#6404 = VERTEX_POINT('',#6405);
#6405 = CARTESIAN_POINT('',(133.41,-98.06,-3.5E-02));
#6406 = CIRCLE('',#6407,1.);
#6407 = AXIS2_PLACEMENT_3D('',#6408,#6409,#6410);
#6408 = CARTESIAN_POINT('',(133.40999974049,-99.06,-3.5E-02));
#6409 = DIRECTION('',(0.,0.,-1.));
#6410 = DIRECTION('',(2.595065211608E-07,-1.,0.));
#6411 = ORIENTED_EDGE('',*,*,#6412,.F.);
#6412 = EDGE_CURVE('',#6413,#6404,#6415,.T.);
#6413 = VERTEX_POINT('',#6414);
#6414 = CARTESIAN_POINT('',(133.41,-98.06,0.));
#6415 = LINE('',#6416,#6417);
#6416 = CARTESIAN_POINT('',(133.41,-98.06,0.));
#6417 = VECTOR('',#6418,1.);
#6418 = DIRECTION('',(0.,0.,-1.));
#6419 = ORIENTED_EDGE('',*,*,#6420,.F.);
#6420 = EDGE_CURVE('',#6394,#6413,#6421,.T.);
#6421 = CIRCLE('',#6422,1.);
#6422 = AXIS2_PLACEMENT_3D('',#6423,#6424,#6425);
#6423 = CARTESIAN_POINT('',(133.40999974049,-99.06,0.));
#6424 = DIRECTION('',(0.,0.,-1.));
#6425 = DIRECTION('',(2.595065211608E-07,-1.,0.));
#6426 = CYLINDRICAL_SURFACE('',#6427,1.);
#6427 = AXIS2_PLACEMENT_3D('',#6428,#6429,#6430);
#6428 = CARTESIAN_POINT('',(133.40999974049,-99.06,0.));
#6429 = DIRECTION('',(-0.,-0.,1.));
#6430 = DIRECTION('',(2.595065211608E-07,-1.,0.));
#6431 = ADVANCED_FACE('',(#6432),#6457,.F.);
#6432 = FACE_BOUND('',#6433,.F.);
#6433 = EDGE_LOOP('',(#6434,#6435,#6443,#6451));
#6434 = ORIENTED_EDGE('',*,*,#6412,.T.);
#6435 = ORIENTED_EDGE('',*,*,#6436,.T.);
#6436 = EDGE_CURVE('',#6404,#6437,#6439,.T.);
#6437 = VERTEX_POINT('',#6438);
#6438 = CARTESIAN_POINT('',(137.16,-98.06,-3.5E-02));
#6439 = LINE('',#6440,#6441);
#6440 = CARTESIAN_POINT('',(133.41,-98.06,-3.5E-02));
#6441 = VECTOR('',#6442,1.);
#6442 = DIRECTION('',(1.,0.,0.));
#6443 = ORIENTED_EDGE('',*,*,#6444,.F.);
#6444 = EDGE_CURVE('',#6445,#6437,#6447,.T.);
#6445 = VERTEX_POINT('',#6446);
#6446 = CARTESIAN_POINT('',(137.16,-98.06,0.));
#6447 = LINE('',#6448,#6449);
#6448 = CARTESIAN_POINT('',(137.16,-98.06,0.));
#6449 = VECTOR('',#6450,1.);
#6450 = DIRECTION('',(0.,0.,-1.));
#6451 = ORIENTED_EDGE('',*,*,#6452,.F.);
#6452 = EDGE_CURVE('',#6413,#6445,#6453,.T.);
#6453 = LINE('',#6454,#6455);
#6454 = CARTESIAN_POINT('',(133.41,-98.06,0.));
#6455 = VECTOR('',#6456,1.);
#6456 = DIRECTION('',(1.,0.,0.));
#6457 = PLANE('',#6458);
#6458 = AXIS2_PLACEMENT_3D('',#6459,#6460,#6461);
#6459 = CARTESIAN_POINT('',(133.41,-98.06,0.));
#6460 = DIRECTION('',(0.,-1.,0.));
#6461 = DIRECTION('',(1.,0.,0.));
#6462 = ADVANCED_FACE('',(#6463),#6488,.F.);
#6463 = FACE_BOUND('',#6464,.F.);
#6464 = EDGE_LOOP('',(#6465,#6466,#6474,#6482));
#6465 = ORIENTED_EDGE('',*,*,#6444,.T.);
#6466 = ORIENTED_EDGE('',*,*,#6467,.T.);
#6467 = EDGE_CURVE('',#6437,#6468,#6470,.T.);
#6468 = VERTEX_POINT('',#6469);
#6469 = CARTESIAN_POINT('',(154.548679,-98.06,-3.5E-02));
#6470 = LINE('',#6471,#6472);
#6471 = CARTESIAN_POINT('',(137.16,-98.06,-3.5E-02));
#6472 = VECTOR('',#6473,1.);
#6473 = DIRECTION('',(1.,0.,0.));
#6474 = ORIENTED_EDGE('',*,*,#6475,.F.);
#6475 = EDGE_CURVE('',#6476,#6468,#6478,.T.);
#6476 = VERTEX_POINT('',#6477);
#6477 = CARTESIAN_POINT('',(154.548679,-98.06,0.));
#6478 = LINE('',#6479,#6480);
#6479 = CARTESIAN_POINT('',(154.548679,-98.06,0.));
#6480 = VECTOR('',#6481,1.);
#6481 = DIRECTION('',(0.,0.,-1.));
#6482 = ORIENTED_EDGE('',*,*,#6483,.F.);
#6483 = EDGE_CURVE('',#6445,#6476,#6484,.T.);
#6484 = LINE('',#6485,#6486);
#6485 = CARTESIAN_POINT('',(137.16,-98.06,0.));
#6486 = VECTOR('',#6487,1.);
#6487 = DIRECTION('',(1.,0.,0.));
#6488 = PLANE('',#6489);
#6489 = AXIS2_PLACEMENT_3D('',#6490,#6491,#6492);
#6490 = CARTESIAN_POINT('',(137.16,-98.06,0.));
#6491 = DIRECTION('',(0.,-1.,0.));
#6492 = DIRECTION('',(1.,0.,0.));
#6493 = ADVANCED_FACE('',(#6494),#6521,.T.);
#6494 = FACE_BOUND('',#6495,.F.);
#6495 = EDGE_LOOP('',(#6496,#6497,#6506,#6514));
#6496 = ORIENTED_EDGE('',*,*,#6475,.T.);
#6497 = ORIENTED_EDGE('',*,*,#6498,.T.);
#6498 = EDGE_CURVE('',#6468,#6499,#6501,.T.);
#6499 = VERTEX_POINT('',#6500);
#6500 = CARTESIAN_POINT('',(155.255786,-98.352893,-3.5E-02));
#6501 = CIRCLE('',#6502,1.000004594775);
#6502 = AXIS2_PLACEMENT_3D('',#6503,#6504,#6505);
#6503 = CARTESIAN_POINT('',(154.54867753441,-99.06000459477,-3.5E-02));
#6504 = DIRECTION('',(0.,0.,-1.));
#6505 = DIRECTION('',(1.465582103826E-06,0.999999999999,0.));
#6506 = ORIENTED_EDGE('',*,*,#6507,.F.);
#6507 = EDGE_CURVE('',#6508,#6499,#6510,.T.);
#6508 = VERTEX_POINT('',#6509);
#6509 = CARTESIAN_POINT('',(155.255786,-98.352893,0.));
#6510 = LINE('',#6511,#6512);
#6511 = CARTESIAN_POINT('',(155.255786,-98.352893,0.));
#6512 = VECTOR('',#6513,1.);
#6513 = DIRECTION('',(0.,0.,-1.));
#6514 = ORIENTED_EDGE('',*,*,#6515,.F.);
#6515 = EDGE_CURVE('',#6476,#6508,#6516,.T.);
#6516 = CIRCLE('',#6517,1.000004594775);
#6517 = AXIS2_PLACEMENT_3D('',#6518,#6519,#6520);
#6518 = CARTESIAN_POINT('',(154.54867753441,-99.06000459477,0.));
#6519 = DIRECTION('',(0.,0.,-1.));
#6520 = DIRECTION('',(1.465582103826E-06,0.999999999999,0.));
#6521 = CYLINDRICAL_SURFACE('',#6522,1.000004594775);
#6522 = AXIS2_PLACEMENT_3D('',#6523,#6524,#6525);
#6523 = CARTESIAN_POINT('',(154.54867753441,-99.06000459477,0.));
#6524 = DIRECTION('',(-0.,-0.,1.));
#6525 = DIRECTION('',(1.465582103826E-06,0.999999999999,0.));
#6526 = ADVANCED_FACE('',(#6527),#6552,.F.);
#6527 = FACE_BOUND('',#6528,.F.);
#6528 = EDGE_LOOP('',(#6529,#6530,#6538,#6546));
#6529 = ORIENTED_EDGE('',*,*,#6507,.T.);
#6530 = ORIENTED_EDGE('',*,*,#6531,.T.);
#6531 = EDGE_CURVE('',#6499,#6532,#6534,.T.);
#6532 = VERTEX_POINT('',#6533);
#6533 = CARTESIAN_POINT('',(160.107107,-103.204214,-3.5E-02));
#6534 = LINE('',#6535,#6536);
#6535 = CARTESIAN_POINT('',(155.255786,-98.352893,-3.5E-02));
#6536 = VECTOR('',#6537,1.);
#6537 = DIRECTION('',(0.707106781187,-0.707106781187,0.));
#6538 = ORIENTED_EDGE('',*,*,#6539,.F.);
#6539 = EDGE_CURVE('',#6540,#6532,#6542,.T.);
#6540 = VERTEX_POINT('',#6541);
#6541 = CARTESIAN_POINT('',(160.107107,-103.204214,0.));
#6542 = LINE('',#6543,#6544);
#6543 = CARTESIAN_POINT('',(160.107107,-103.204214,0.));
#6544 = VECTOR('',#6545,1.);
#6545 = DIRECTION('',(0.,0.,-1.));
#6546 = ORIENTED_EDGE('',*,*,#6547,.F.);
#6547 = EDGE_CURVE('',#6508,#6540,#6548,.T.);
#6548 = LINE('',#6549,#6550);
#6549 = CARTESIAN_POINT('',(155.255786,-98.352893,0.));
#6550 = VECTOR('',#6551,1.);
#6551 = DIRECTION('',(0.707106781187,-0.707106781187,0.));
#6552 = PLANE('',#6553);
#6553 = AXIS2_PLACEMENT_3D('',#6554,#6555,#6556);
#6554 = CARTESIAN_POINT('',(155.255786,-98.352893,0.));
#6555 = DIRECTION('',(-0.707106781187,-0.707106781187,-0.));
#6556 = DIRECTION('',(0.707106781187,-0.707106781187,0.));
#6557 = ADVANCED_FACE('',(#6558),#6583,.F.);
#6558 = FACE_BOUND('',#6559,.F.);
#6559 = EDGE_LOOP('',(#6560,#6561,#6569,#6577));
#6560 = ORIENTED_EDGE('',*,*,#6539,.T.);
#6561 = ORIENTED_EDGE('',*,*,#6562,.T.);
#6562 = EDGE_CURVE('',#6532,#6563,#6565,.T.);
#6563 = VERTEX_POINT('',#6564);
#6564 = CARTESIAN_POINT('',(160.182094,-103.290521,-3.5E-02));
#6565 = LINE('',#6566,#6567);
#6566 = CARTESIAN_POINT('',(160.107107,-103.204214,-3.5E-02));
#6567 = VECTOR('',#6568,1.);
#6568 = DIRECTION('',(0.655867055174,-0.754876417658,0.));
#6569 = ORIENTED_EDGE('',*,*,#6570,.F.);
#6570 = EDGE_CURVE('',#6571,#6563,#6573,.T.);
#6571 = VERTEX_POINT('',#6572);
#6572 = CARTESIAN_POINT('',(160.182094,-103.290521,0.));
#6573 = LINE('',#6574,#6575);
#6574 = CARTESIAN_POINT('',(160.182094,-103.290521,0.));
#6575 = VECTOR('',#6576,1.);
#6576 = DIRECTION('',(0.,0.,-1.));
#6577 = ORIENTED_EDGE('',*,*,#6578,.F.);
#6578 = EDGE_CURVE('',#6540,#6571,#6579,.T.);
#6579 = LINE('',#6580,#6581);
#6580 = CARTESIAN_POINT('',(160.107107,-103.204214,0.));
#6581 = VECTOR('',#6582,1.);
#6582 = DIRECTION('',(0.655867055174,-0.754876417658,0.));
#6583 = PLANE('',#6584);
#6584 = AXIS2_PLACEMENT_3D('',#6585,#6586,#6587);
#6585 = CARTESIAN_POINT('',(160.107107,-103.204214,0.));
#6586 = DIRECTION('',(-0.754876417658,-0.655867055174,-0.));
#6587 = DIRECTION('',(0.655867055174,-0.754876417658,0.));
#6588 = ADVANCED_FACE('',(#6589),#6614,.F.);
#6589 = FACE_BOUND('',#6590,.F.);
#6590 = EDGE_LOOP('',(#6591,#6592,#6600,#6608));
#6591 = ORIENTED_EDGE('',*,*,#6570,.T.);
#6592 = ORIENTED_EDGE('',*,*,#6593,.T.);
#6593 = EDGE_CURVE('',#6563,#6594,#6596,.T.);
#6594 = VERTEX_POINT('',#6595);
#6595 = CARTESIAN_POINT('',(161.789478,-104.897905,-3.5E-02));
#6596 = LINE('',#6597,#6598);
#6597 = CARTESIAN_POINT('',(160.182094,-103.290521,-3.5E-02));
#6598 = VECTOR('',#6599,1.);
#6599 = DIRECTION('',(0.707106781187,-0.707106781187,0.));
#6600 = ORIENTED_EDGE('',*,*,#6601,.F.);
#6601 = EDGE_CURVE('',#6602,#6594,#6604,.T.);
#6602 = VERTEX_POINT('',#6603);
#6603 = CARTESIAN_POINT('',(161.789478,-104.897905,0.));
#6604 = LINE('',#6605,#6606);
#6605 = CARTESIAN_POINT('',(161.789478,-104.897905,0.));
#6606 = VECTOR('',#6607,1.);
#6607 = DIRECTION('',(0.,0.,-1.));
#6608 = ORIENTED_EDGE('',*,*,#6609,.F.);
#6609 = EDGE_CURVE('',#6571,#6602,#6610,.T.);
#6610 = LINE('',#6611,#6612);
#6611 = CARTESIAN_POINT('',(160.182094,-103.290521,0.));
#6612 = VECTOR('',#6613,1.);
#6613 = DIRECTION('',(0.707106781187,-0.707106781187,0.));
#6614 = PLANE('',#6615);
#6615 = AXIS2_PLACEMENT_3D('',#6616,#6617,#6618);
#6616 = CARTESIAN_POINT('',(160.182094,-103.290521,0.));
#6617 = DIRECTION('',(-0.707106781187,-0.707106781187,-0.));
#6618 = DIRECTION('',(0.707106781187,-0.707106781187,0.));
#6619 = ADVANCED_FACE('',(#6620),#6645,.F.);
#6620 = FACE_BOUND('',#6621,.F.);
#6621 = EDGE_LOOP('',(#6622,#6623,#6631,#6639));
#6622 = ORIENTED_EDGE('',*,*,#6601,.T.);
#6623 = ORIENTED_EDGE('',*,*,#6624,.T.);
#6624 = EDGE_CURVE('',#6594,#6625,#6627,.T.);
#6625 = VERTEX_POINT('',#6626);
#6626 = CARTESIAN_POINT('',(161.875786,-104.972893,-3.5E-02));
#6627 = LINE('',#6628,#6629);
#6628 = CARTESIAN_POINT('',(161.789478,-104.897905,-3.5E-02));
#6629 = VECTOR('',#6630,1.);
#6630 = DIRECTION('',(0.7548758497,-0.655867708871,0.));
#6631 = ORIENTED_EDGE('',*,*,#6632,.F.);
#6632 = EDGE_CURVE('',#6633,#6625,#6635,.T.);
#6633 = VERTEX_POINT('',#6634);
#6634 = CARTESIAN_POINT('',(161.875786,-104.972893,0.));
#6635 = LINE('',#6636,#6637);
#6636 = CARTESIAN_POINT('',(161.875786,-104.972893,0.));
#6637 = VECTOR('',#6638,1.);
#6638 = DIRECTION('',(0.,0.,-1.));
#6639 = ORIENTED_EDGE('',*,*,#6640,.F.);
#6640 = EDGE_CURVE('',#6602,#6633,#6641,.T.);
#6641 = LINE('',#6642,#6643);
#6642 = CARTESIAN_POINT('',(161.789478,-104.897905,0.));
#6643 = VECTOR('',#6644,1.);
#6644 = DIRECTION('',(0.7548758497,-0.655867708871,0.));
#6645 = PLANE('',#6646);
#6646 = AXIS2_PLACEMENT_3D('',#6647,#6648,#6649);
#6647 = CARTESIAN_POINT('',(161.789478,-104.897905,0.));
#6648 = DIRECTION('',(-0.655867708871,-0.7548758497,-0.));
#6649 = DIRECTION('',(0.7548758497,-0.655867708871,0.));
#6650 = ADVANCED_FACE('',(#6651),#6676,.F.);
#6651 = FACE_BOUND('',#6652,.F.);
#6652 = EDGE_LOOP('',(#6653,#6654,#6662,#6670));
#6653 = ORIENTED_EDGE('',*,*,#6632,.T.);
#6654 = ORIENTED_EDGE('',*,*,#6655,.T.);
#6655 = EDGE_CURVE('',#6625,#6656,#6658,.T.);
#6656 = VERTEX_POINT('',#6657);
#6657 = CARTESIAN_POINT('',(163.267107,-106.364214,-3.5E-02));
#6658 = LINE('',#6659,#6660);
#6659 = CARTESIAN_POINT('',(161.875786,-104.972893,-3.5E-02));
#6660 = VECTOR('',#6661,1.);
#6661 = DIRECTION('',(0.707106781187,-0.707106781187,0.));
#6662 = ORIENTED_EDGE('',*,*,#6663,.F.);
#6663 = EDGE_CURVE('',#6664,#6656,#6666,.T.);
#6664 = VERTEX_POINT('',#6665);
#6665 = CARTESIAN_POINT('',(163.267107,-106.364214,0.));
#6666 = LINE('',#6667,#6668);
#6667 = CARTESIAN_POINT('',(163.267107,-106.364214,0.));
#6668 = VECTOR('',#6669,1.);
#6669 = DIRECTION('',(0.,0.,-1.));
#6670 = ORIENTED_EDGE('',*,*,#6671,.F.);
#6671 = EDGE_CURVE('',#6633,#6664,#6672,.T.);
#6672 = LINE('',#6673,#6674);
#6673 = CARTESIAN_POINT('',(161.875786,-104.972893,0.));
#6674 = VECTOR('',#6675,1.);
#6675 = DIRECTION('',(0.707106781187,-0.707106781187,0.));
#6676 = PLANE('',#6677);
#6677 = AXIS2_PLACEMENT_3D('',#6678,#6679,#6680);
#6678 = CARTESIAN_POINT('',(161.875786,-104.972893,0.));
#6679 = DIRECTION('',(-0.707106781187,-0.707106781187,-0.));
#6680 = DIRECTION('',(0.707106781187,-0.707106781187,0.));
#6681 = ADVANCED_FACE('',(#6682),#6709,.T.);
#6682 = FACE_BOUND('',#6683,.F.);
#6683 = EDGE_LOOP('',(#6684,#6685,#6694,#6702));
#6684 = ORIENTED_EDGE('',*,*,#6663,.T.);
#6685 = ORIENTED_EDGE('',*,*,#6686,.T.);
#6686 = EDGE_CURVE('',#6656,#6687,#6689,.T.);
#6687 = VERTEX_POINT('',#6688);
#6688 = CARTESIAN_POINT('',(163.56,-107.071321,-3.5E-02));
#6689 = CIRCLE('',#6690,1.000004086185);
#6690 = AXIS2_PLACEMENT_3D('',#6691,#6692,#6693);
#6691 = CARTESIAN_POINT('',(162.55999591381,-107.0713222549,-3.5E-02));
#6692 = DIRECTION('',(0.,0.,-1.));
#6693 = DIRECTION('',(0.707108196809,0.707105365561,0.));
#6694 = ORIENTED_EDGE('',*,*,#6695,.F.);
#6695 = EDGE_CURVE('',#6696,#6687,#6698,.T.);
#6696 = VERTEX_POINT('',#6697);
#6697 = CARTESIAN_POINT('',(163.56,-107.071321,0.));
#6698 = LINE('',#6699,#6700);
#6699 = CARTESIAN_POINT('',(163.56,-107.071321,0.));
#6700 = VECTOR('',#6701,1.);
#6701 = DIRECTION('',(0.,0.,-1.));
#6702 = ORIENTED_EDGE('',*,*,#6703,.F.);
#6703 = EDGE_CURVE('',#6664,#6696,#6704,.T.);
#6704 = CIRCLE('',#6705,1.000004086185);
#6705 = AXIS2_PLACEMENT_3D('',#6706,#6707,#6708);
#6706 = CARTESIAN_POINT('',(162.55999591381,-107.0713222549,0.));
#6707 = DIRECTION('',(0.,0.,-1.));
#6708 = DIRECTION('',(0.707108196809,0.707105365561,0.));
#6709 = CYLINDRICAL_SURFACE('',#6710,1.000004086185);
#6710 = AXIS2_PLACEMENT_3D('',#6711,#6712,#6713);
#6711 = CARTESIAN_POINT('',(162.55999591381,-107.0713222549,0.));
#6712 = DIRECTION('',(-0.,-0.,1.));
#6713 = DIRECTION('',(0.707108196809,0.707105365561,0.));
#6714 = ADVANCED_FACE('',(#6715),#6740,.F.);
#6715 = FACE_BOUND('',#6716,.F.);
#6716 = EDGE_LOOP('',(#6717,#6718,#6726,#6734));
#6717 = ORIENTED_EDGE('',*,*,#6695,.T.);
#6718 = ORIENTED_EDGE('',*,*,#6719,.T.);
#6719 = EDGE_CURVE('',#6687,#6720,#6722,.T.);
#6720 = VERTEX_POINT('',#6721);
#6721 = CARTESIAN_POINT('',(163.56,-111.035786,-3.5E-02));
#6722 = LINE('',#6723,#6724);
#6723 = CARTESIAN_POINT('',(163.56,-107.071321,-3.5E-02));
#6724 = VECTOR('',#6725,1.);
#6725 = DIRECTION('',(0.,-1.,0.));
#6726 = ORIENTED_EDGE('',*,*,#6727,.F.);
#6727 = EDGE_CURVE('',#6728,#6720,#6730,.T.);
#6728 = VERTEX_POINT('',#6729);
#6729 = CARTESIAN_POINT('',(163.56,-111.035786,0.));
#6730 = LINE('',#6731,#6732);
#6731 = CARTESIAN_POINT('',(163.56,-111.035786,0.));
#6732 = VECTOR('',#6733,1.);
#6733 = DIRECTION('',(0.,0.,-1.));
#6734 = ORIENTED_EDGE('',*,*,#6735,.F.);
#6735 = EDGE_CURVE('',#6696,#6728,#6736,.T.);
#6736 = LINE('',#6737,#6738);
#6737 = CARTESIAN_POINT('',(163.56,-107.071321,0.));
#6738 = VECTOR('',#6739,1.);
#6739 = DIRECTION('',(0.,-1.,0.));
#6740 = PLANE('',#6741);
#6741 = AXIS2_PLACEMENT_3D('',#6742,#6743,#6744);
#6742 = CARTESIAN_POINT('',(163.56,-107.071321,0.));
#6743 = DIRECTION('',(-1.,-0.,-0.));
#6744 = DIRECTION('',(0.,-1.,0.));
#6745 = ADVANCED_FACE('',(#6746),#6771,.F.);
#6746 = FACE_BOUND('',#6747,.F.);
#6747 = EDGE_LOOP('',(#6748,#6749,#6757,#6765));
#6748 = ORIENTED_EDGE('',*,*,#6727,.T.);
#6749 = ORIENTED_EDGE('',*,*,#6750,.T.);
#6750 = EDGE_CURVE('',#6720,#6751,#6753,.T.);
#6751 = VERTEX_POINT('',#6752);
#6752 = CARTESIAN_POINT('',(165.807106,-113.282893,-3.5E-02));
#6753 = LINE('',#6754,#6755);
#6754 = CARTESIAN_POINT('',(163.56,-111.035786,-3.5E-02));
#6755 = VECTOR('',#6756,1.);
#6756 = DIRECTION('',(0.707106623849,-0.707106938524,0.));
#6757 = ORIENTED_EDGE('',*,*,#6758,.F.);
#6758 = EDGE_CURVE('',#6759,#6751,#6761,.T.);
#6759 = VERTEX_POINT('',#6760);
#6760 = CARTESIAN_POINT('',(165.807106,-113.282893,0.));
#6761 = LINE('',#6762,#6763);
#6762 = CARTESIAN_POINT('',(165.807106,-113.282893,0.));
#6763 = VECTOR('',#6764,1.);
#6764 = DIRECTION('',(0.,0.,-1.));
#6765 = ORIENTED_EDGE('',*,*,#6766,.F.);
#6766 = EDGE_CURVE('',#6728,#6759,#6767,.T.);
#6767 = LINE('',#6768,#6769);
#6768 = CARTESIAN_POINT('',(163.56,-111.035786,0.));
#6769 = VECTOR('',#6770,1.);
#6770 = DIRECTION('',(0.707106623849,-0.707106938524,0.));
#6771 = PLANE('',#6772);
#6772 = AXIS2_PLACEMENT_3D('',#6773,#6774,#6775);
#6773 = CARTESIAN_POINT('',(163.56,-111.035786,0.));
#6774 = DIRECTION('',(-0.707106938524,-0.707106623849,-0.));
#6775 = DIRECTION('',(0.707106623849,-0.707106938524,0.));
#6776 = ADVANCED_FACE('',(#6777),#6804,.T.);
#6777 = FACE_BOUND('',#6778,.F.);
#6778 = EDGE_LOOP('',(#6779,#6780,#6789,#6797));
#6779 = ORIENTED_EDGE('',*,*,#6758,.T.);
#6780 = ORIENTED_EDGE('',*,*,#6781,.T.);
#6781 = EDGE_CURVE('',#6751,#6782,#6784,.T.);
#6782 = VERTEX_POINT('',#6783);
#6783 = CARTESIAN_POINT('',(166.1,-113.99,-3.5E-02));
#6784 = CIRCLE('',#6785,0.999997978431);
#6785 = AXIS2_PLACEMENT_3D('',#6786,#6787,#6788);
#6786 = CARTESIAN_POINT('',(165.10000202156,-113.989999725,-3.5E-02));
#6787 = DIRECTION('',(0.,0.,-1.));
#6788 = DIRECTION('',(0.707105407893,0.707108154477,0.));
#6789 = ORIENTED_EDGE('',*,*,#6790,.F.);
#6790 = EDGE_CURVE('',#6791,#6782,#6793,.T.);
#6791 = VERTEX_POINT('',#6792);
#6792 = CARTESIAN_POINT('',(166.1,-113.99,0.));
#6793 = LINE('',#6794,#6795);
#6794 = CARTESIAN_POINT('',(166.1,-113.99,0.));
#6795 = VECTOR('',#6796,1.);
#6796 = DIRECTION('',(0.,0.,-1.));
#6797 = ORIENTED_EDGE('',*,*,#6798,.F.);
#6798 = EDGE_CURVE('',#6759,#6791,#6799,.T.);
#6799 = CIRCLE('',#6800,0.999997978431);
#6800 = AXIS2_PLACEMENT_3D('',#6801,#6802,#6803);
#6801 = CARTESIAN_POINT('',(165.10000202156,-113.989999725,0.));
#6802 = DIRECTION('',(0.,0.,-1.));
#6803 = DIRECTION('',(0.707105407893,0.707108154477,0.));
#6804 = CYLINDRICAL_SURFACE('',#6805,0.999997978431);
#6805 = AXIS2_PLACEMENT_3D('',#6806,#6807,#6808);
#6806 = CARTESIAN_POINT('',(165.10000202156,-113.989999725,0.));
#6807 = DIRECTION('',(-0.,-0.,1.));
#6808 = DIRECTION('',(0.707105407893,0.707108154477,0.));
#6809 = ADVANCED_FACE('',(#6810),#6835,.F.);
#6810 = FACE_BOUND('',#6811,.F.);
#6811 = EDGE_LOOP('',(#6812,#6813,#6821,#6829));
#6812 = ORIENTED_EDGE('',*,*,#6790,.T.);
#6813 = ORIENTED_EDGE('',*,*,#6814,.T.);
#6814 = EDGE_CURVE('',#6782,#6815,#6817,.T.);
#6815 = VERTEX_POINT('',#6816);
#6816 = CARTESIAN_POINT('',(166.1,-116.84,-3.5E-02));
#6817 = LINE('',#6818,#6819);
#6818 = CARTESIAN_POINT('',(166.1,-113.99,-3.5E-02));
#6819 = VECTOR('',#6820,1.);
#6820 = DIRECTION('',(0.,-1.,0.));
#6821 = ORIENTED_EDGE('',*,*,#6822,.F.);
#6822 = EDGE_CURVE('',#6823,#6815,#6825,.T.);
#6823 = VERTEX_POINT('',#6824);
#6824 = CARTESIAN_POINT('',(166.1,-116.84,0.));
#6825 = LINE('',#6826,#6827);
#6826 = CARTESIAN_POINT('',(166.1,-116.84,0.));
#6827 = VECTOR('',#6828,1.);
#6828 = DIRECTION('',(0.,0.,-1.));
#6829 = ORIENTED_EDGE('',*,*,#6830,.F.);
#6830 = EDGE_CURVE('',#6791,#6823,#6831,.T.);
#6831 = LINE('',#6832,#6833);
#6832 = CARTESIAN_POINT('',(166.1,-113.99,0.));
#6833 = VECTOR('',#6834,1.);
#6834 = DIRECTION('',(0.,-1.,0.));
#6835 = PLANE('',#6836);
#6836 = AXIS2_PLACEMENT_3D('',#6837,#6838,#6839);
#6837 = CARTESIAN_POINT('',(166.1,-113.99,0.));
#6838 = DIRECTION('',(-1.,-0.,-0.));
#6839 = DIRECTION('',(0.,-1.,0.));
#6840 = ADVANCED_FACE('',(#6841),#6868,.T.);
#6841 = FACE_BOUND('',#6842,.F.);
#6842 = EDGE_LOOP('',(#6843,#6844,#6853,#6861));
#6843 = ORIENTED_EDGE('',*,*,#6822,.T.);
#6844 = ORIENTED_EDGE('',*,*,#6845,.T.);
#6845 = EDGE_CURVE('',#6815,#6846,#6848,.T.);
#6846 = VERTEX_POINT('',#6847);
#6847 = CARTESIAN_POINT('',(164.1,-116.84,-3.5E-02));
#6848 = CIRCLE('',#6849,1.);
#6849 = AXIS2_PLACEMENT_3D('',#6850,#6851,#6852);
#6850 = CARTESIAN_POINT('',(165.1,-116.8400002595,-3.5E-02));
#6851 = DIRECTION('',(0.,0.,-1.));
#6852 = DIRECTION('',(1.,2.595065211608E-07,0.));
#6853 = ORIENTED_EDGE('',*,*,#6854,.F.);
#6854 = EDGE_CURVE('',#6855,#6846,#6857,.T.);
#6855 = VERTEX_POINT('',#6856);
#6856 = CARTESIAN_POINT('',(164.1,-116.84,0.));
#6857 = LINE('',#6858,#6859);
#6858 = CARTESIAN_POINT('',(164.1,-116.84,0.));
#6859 = VECTOR('',#6860,1.);
#6860 = DIRECTION('',(0.,0.,-1.));
#6861 = ORIENTED_EDGE('',*,*,#6862,.F.);
#6862 = EDGE_CURVE('',#6823,#6855,#6863,.T.);
#6863 = CIRCLE('',#6864,1.);
#6864 = AXIS2_PLACEMENT_3D('',#6865,#6866,#6867);
#6865 = CARTESIAN_POINT('',(165.1,-116.8400002595,0.));
#6866 = DIRECTION('',(0.,0.,-1.));
#6867 = DIRECTION('',(1.,2.595065211608E-07,0.));
#6868 = CYLINDRICAL_SURFACE('',#6869,1.);
#6869 = AXIS2_PLACEMENT_3D('',#6870,#6871,#6872);
#6870 = CARTESIAN_POINT('',(165.1,-116.8400002595,0.));
#6871 = DIRECTION('',(-0.,-0.,1.));
#6872 = DIRECTION('',(1.,2.595065211608E-07,0.));
#6873 = ADVANCED_FACE('',(#6874),#6899,.F.);
#6874 = FACE_BOUND('',#6875,.F.);
#6875 = EDGE_LOOP('',(#6876,#6877,#6885,#6893));
#6876 = ORIENTED_EDGE('',*,*,#6854,.T.);
#6877 = ORIENTED_EDGE('',*,*,#6878,.T.);
#6878 = EDGE_CURVE('',#6846,#6879,#6881,.T.);
#6879 = VERTEX_POINT('',#6880);
#6880 = CARTESIAN_POINT('',(164.1,-114.404213,-3.5E-02));
#6881 = LINE('',#6882,#6883);
#6882 = CARTESIAN_POINT('',(164.1,-116.84,-3.5E-02));
#6883 = VECTOR('',#6884,1.);
#6884 = DIRECTION('',(0.,1.,0.));
#6885 = ORIENTED_EDGE('',*,*,#6886,.F.);
#6886 = EDGE_CURVE('',#6887,#6879,#6889,.T.);
#6887 = VERTEX_POINT('',#6888);
#6888 = CARTESIAN_POINT('',(164.1,-114.404213,0.));
#6889 = LINE('',#6890,#6891);
#6890 = CARTESIAN_POINT('',(164.1,-114.404213,0.));
#6891 = VECTOR('',#6892,1.);
#6892 = DIRECTION('',(0.,0.,-1.));
#6893 = ORIENTED_EDGE('',*,*,#6894,.F.);
#6894 = EDGE_CURVE('',#6855,#6887,#6895,.T.);
#6895 = LINE('',#6896,#6897);
#6896 = CARTESIAN_POINT('',(164.1,-116.84,0.));
#6897 = VECTOR('',#6898,1.);
#6898 = DIRECTION('',(0.,1.,0.));
#6899 = PLANE('',#6900);
#6900 = AXIS2_PLACEMENT_3D('',#6901,#6902,#6903);
#6901 = CARTESIAN_POINT('',(164.1,-116.84,0.));
#6902 = DIRECTION('',(1.,-0.,0.));
#6903 = DIRECTION('',(0.,1.,0.));
#6904 = ADVANCED_FACE('',(#6905),#6930,.F.);
#6905 = FACE_BOUND('',#6906,.F.);
#6906 = EDGE_LOOP('',(#6907,#6908,#6916,#6924));
#6907 = ORIENTED_EDGE('',*,*,#6886,.T.);
#6908 = ORIENTED_EDGE('',*,*,#6909,.T.);
#6909 = EDGE_CURVE('',#6879,#6910,#6912,.T.);
#6910 = VERTEX_POINT('',#6911);
#6911 = CARTESIAN_POINT('',(161.852893,-112.157107,-3.5E-02));
#6912 = LINE('',#6913,#6914);
#6913 = CARTESIAN_POINT('',(164.1,-114.404213,-3.5E-02));
#6914 = VECTOR('',#6915,1.);
#6915 = DIRECTION('',(-0.707106938524,0.707106623849,0.));
#6916 = ORIENTED_EDGE('',*,*,#6917,.F.);
#6917 = EDGE_CURVE('',#6918,#6910,#6920,.T.);
#6918 = VERTEX_POINT('',#6919);
#6919 = CARTESIAN_POINT('',(161.852893,-112.157107,0.));
#6920 = LINE('',#6921,#6922);
#6921 = CARTESIAN_POINT('',(161.852893,-112.157107,0.));
#6922 = VECTOR('',#6923,1.);
#6923 = DIRECTION('',(0.,0.,-1.));
#6924 = ORIENTED_EDGE('',*,*,#6925,.F.);
#6925 = EDGE_CURVE('',#6887,#6918,#6926,.T.);
#6926 = LINE('',#6927,#6928);
#6927 = CARTESIAN_POINT('',(164.1,-114.404213,0.));
#6928 = VECTOR('',#6929,1.);
#6929 = DIRECTION('',(-0.707106938524,0.707106623849,0.));
#6930 = PLANE('',#6931);
#6931 = AXIS2_PLACEMENT_3D('',#6932,#6933,#6934);
#6932 = CARTESIAN_POINT('',(164.1,-114.404213,0.));
#6933 = DIRECTION('',(0.707106623849,0.707106938524,0.));
#6934 = DIRECTION('',(-0.707106938524,0.707106623849,0.));
#6935 = ADVANCED_FACE('',(#6936),#6963,.T.);
#6936 = FACE_BOUND('',#6937,.F.);
#6937 = EDGE_LOOP('',(#6938,#6939,#6948,#6956));
#6938 = ORIENTED_EDGE('',*,*,#6917,.T.);
#6939 = ORIENTED_EDGE('',*,*,#6940,.T.);
#6940 = EDGE_CURVE('',#6910,#6941,#6943,.T.);
#6941 = VERTEX_POINT('',#6942);
#6942 = CARTESIAN_POINT('',(161.56,-111.45,-3.5E-02));
#6943 = CIRCLE('',#6944,1.000004086185);
#6944 = AXIS2_PLACEMENT_3D('',#6945,#6946,#6947);
#6945 = CARTESIAN_POINT('',(162.56000408618,-111.449998745,-3.5E-02));
#6946 = DIRECTION('',(0.,0.,-1.));
#6947 = DIRECTION('',(-0.707108196809,-0.707105365561,-0.));
#6948 = ORIENTED_EDGE('',*,*,#6949,.F.);
#6949 = EDGE_CURVE('',#6950,#6941,#6952,.T.);
#6950 = VERTEX_POINT('',#6951);
#6951 = CARTESIAN_POINT('',(161.56,-111.45,0.));
#6952 = LINE('',#6953,#6954);
#6953 = CARTESIAN_POINT('',(161.56,-111.45,0.));
#6954 = VECTOR('',#6955,1.);
#6955 = DIRECTION('',(0.,0.,-1.));
#6956 = ORIENTED_EDGE('',*,*,#6957,.F.);
#6957 = EDGE_CURVE('',#6918,#6950,#6958,.T.);
#6958 = CIRCLE('',#6959,1.000004086185);
#6959 = AXIS2_PLACEMENT_3D('',#6960,#6961,#6962);
#6960 = CARTESIAN_POINT('',(162.56000408618,-111.449998745,0.));
#6961 = DIRECTION('',(0.,0.,-1.));
#6962 = DIRECTION('',(-0.707108196809,-0.707105365561,-0.));
#6963 = CYLINDRICAL_SURFACE('',#6964,1.000004086185);
#6964 = AXIS2_PLACEMENT_3D('',#6965,#6966,#6967);
#6965 = CARTESIAN_POINT('',(162.56000408618,-111.449998745,0.));
#6966 = DIRECTION('',(-0.,-0.,1.));
#6967 = DIRECTION('',(-0.707108196809,-0.707105365561,-0.));
#6968 = ADVANCED_FACE('',(#6969),#6994,.F.);
#6969 = FACE_BOUND('',#6970,.F.);
#6970 = EDGE_LOOP('',(#6971,#6972,#6980,#6988));
#6971 = ORIENTED_EDGE('',*,*,#6949,.T.);
#6972 = ORIENTED_EDGE('',*,*,#6973,.T.);
#6973 = EDGE_CURVE('',#6941,#6974,#6976,.T.);
#6974 = VERTEX_POINT('',#6975);
#6975 = CARTESIAN_POINT('',(161.56,-107.485535,-3.5E-02));
#6976 = LINE('',#6977,#6978);
#6977 = CARTESIAN_POINT('',(161.56,-111.45,-3.5E-02));
#6978 = VECTOR('',#6979,1.);
#6979 = DIRECTION('',(0.,1.,0.));
#6980 = ORIENTED_EDGE('',*,*,#6981,.F.);
#6981 = EDGE_CURVE('',#6982,#6974,#6984,.T.);
#6982 = VERTEX_POINT('',#6983);
#6983 = CARTESIAN_POINT('',(161.56,-107.485535,0.));
#6984 = LINE('',#6985,#6986);
#6985 = CARTESIAN_POINT('',(161.56,-107.485535,0.));
#6986 = VECTOR('',#6987,1.);
#6987 = DIRECTION('',(0.,0.,-1.));
#6988 = ORIENTED_EDGE('',*,*,#6989,.F.);
#6989 = EDGE_CURVE('',#6950,#6982,#6990,.T.);
#6990 = LINE('',#6991,#6992);
#6991 = CARTESIAN_POINT('',(161.56,-111.45,0.));
#6992 = VECTOR('',#6993,1.);
#6993 = DIRECTION('',(0.,1.,0.));
#6994 = PLANE('',#6995);
#6995 = AXIS2_PLACEMENT_3D('',#6996,#6997,#6998);
#6996 = CARTESIAN_POINT('',(161.56,-111.45,0.));
#6997 = DIRECTION('',(1.,-0.,0.));
#6998 = DIRECTION('',(0.,1.,0.));
#6999 = ADVANCED_FACE('',(#7000),#7025,.F.);
#7000 = FACE_BOUND('',#7001,.F.);
#7001 = EDGE_LOOP('',(#7002,#7003,#7011,#7019));
#7002 = ORIENTED_EDGE('',*,*,#6981,.T.);
#7003 = ORIENTED_EDGE('',*,*,#7004,.T.);
#7004 = EDGE_CURVE('',#6974,#7005,#7007,.T.);
#7005 = VERTEX_POINT('',#7006);
#7006 = CARTESIAN_POINT('',(160.536559,-106.462094,-3.5E-02));
#7007 = LINE('',#7008,#7009);
#7008 = CARTESIAN_POINT('',(161.56,-107.485535,-3.5E-02));
#7009 = VECTOR('',#7010,1.);
#7010 = DIRECTION('',(-0.707106781187,0.707106781187,0.));
#7011 = ORIENTED_EDGE('',*,*,#7012,.F.);
#7012 = EDGE_CURVE('',#7013,#7005,#7015,.T.);
#7013 = VERTEX_POINT('',#7014);
#7014 = CARTESIAN_POINT('',(160.536559,-106.462094,0.));
#7015 = LINE('',#7016,#7017);
#7016 = CARTESIAN_POINT('',(160.536559,-106.462094,0.));
#7017 = VECTOR('',#7018,1.);
#7018 = DIRECTION('',(0.,0.,-1.));
#7019 = ORIENTED_EDGE('',*,*,#7020,.F.);
#7020 = EDGE_CURVE('',#6982,#7013,#7021,.T.);
#7021 = LINE('',#7022,#7023);
#7022 = CARTESIAN_POINT('',(161.56,-107.485535,0.));
#7023 = VECTOR('',#7024,1.);
#7024 = DIRECTION('',(-0.707106781187,0.707106781187,0.));
#7025 = PLANE('',#7026);
#7026 = AXIS2_PLACEMENT_3D('',#7027,#7028,#7029);
#7027 = CARTESIAN_POINT('',(161.56,-107.485535,0.));
#7028 = DIRECTION('',(0.707106781187,0.707106781187,0.));
#7029 = DIRECTION('',(-0.707106781187,0.707106781187,0.));
#7030 = ADVANCED_FACE('',(#7031),#7056,.F.);
#7031 = FACE_BOUND('',#7032,.F.);
#7032 = EDGE_LOOP('',(#7033,#7034,#7042,#7050));
#7033 = ORIENTED_EDGE('',*,*,#7012,.T.);
#7034 = ORIENTED_EDGE('',*,*,#7035,.T.);
#7035 = EDGE_CURVE('',#7005,#7036,#7038,.T.);
#7036 = VERTEX_POINT('',#7037);
#7037 = CARTESIAN_POINT('',(160.450252,-106.387107,-3.5E-02));
#7038 = LINE('',#7039,#7040);
#7039 = CARTESIAN_POINT('',(160.536559,-106.462094,-3.5E-02));
#7040 = VECTOR('',#7041,1.);
#7041 = DIRECTION('',(-0.754876417658,0.655867055174,0.));
#7042 = ORIENTED_EDGE('',*,*,#7043,.F.);
#7043 = EDGE_CURVE('',#7044,#7036,#7046,.T.);
#7044 = VERTEX_POINT('',#7045);
#7045 = CARTESIAN_POINT('',(160.450252,-106.387107,0.));
#7046 = LINE('',#7047,#7048);
#7047 = CARTESIAN_POINT('',(160.450252,-106.387107,0.));
#7048 = VECTOR('',#7049,1.);
#7049 = DIRECTION('',(0.,0.,-1.));
#7050 = ORIENTED_EDGE('',*,*,#7051,.F.);
#7051 = EDGE_CURVE('',#7013,#7044,#7052,.T.);
#7052 = LINE('',#7053,#7054);
#7053 = CARTESIAN_POINT('',(160.536559,-106.462094,0.));
#7054 = VECTOR('',#7055,1.);
#7055 = DIRECTION('',(-0.754876417658,0.655867055174,0.));
#7056 = PLANE('',#7057);
#7057 = AXIS2_PLACEMENT_3D('',#7058,#7059,#7060);
#7058 = CARTESIAN_POINT('',(160.536559,-106.462094,0.));
#7059 = DIRECTION('',(0.655867055174,0.754876417658,0.));
#7060 = DIRECTION('',(-0.754876417658,0.655867055174,0.));
#7061 = ADVANCED_FACE('',(#7062),#7087,.F.);
#7062 = FACE_BOUND('',#7063,.F.);
#7063 = EDGE_LOOP('',(#7064,#7065,#7073,#7081));
#7064 = ORIENTED_EDGE('',*,*,#7043,.T.);
#7065 = ORIENTED_EDGE('',*,*,#7066,.T.);
#7066 = EDGE_CURVE('',#7036,#7067,#7069,.T.);
#7067 = VERTEX_POINT('',#7068);
#7068 = CARTESIAN_POINT('',(158.692893,-104.629748,-3.5E-02));
#7069 = LINE('',#7070,#7071);
#7070 = CARTESIAN_POINT('',(160.450252,-106.387107,-3.5E-02));
#7071 = VECTOR('',#7072,1.);
#7072 = DIRECTION('',(-0.707106781187,0.707106781187,0.));
#7073 = ORIENTED_EDGE('',*,*,#7074,.F.);
#7074 = EDGE_CURVE('',#7075,#7067,#7077,.T.);
#7075 = VERTEX_POINT('',#7076);
#7076 = CARTESIAN_POINT('',(158.692893,-104.629748,0.));
#7077 = LINE('',#7078,#7079);
#7078 = CARTESIAN_POINT('',(158.692893,-104.629748,0.));
#7079 = VECTOR('',#7080,1.);
#7080 = DIRECTION('',(0.,0.,-1.));
#7081 = ORIENTED_EDGE('',*,*,#7082,.F.);
#7082 = EDGE_CURVE('',#7044,#7075,#7083,.T.);
#7083 = LINE('',#7084,#7085);
#7084 = CARTESIAN_POINT('',(160.450252,-106.387107,0.));
#7085 = VECTOR('',#7086,1.);
#7086 = DIRECTION('',(-0.707106781187,0.707106781187,0.));
#7087 = PLANE('',#7088);
#7088 = AXIS2_PLACEMENT_3D('',#7089,#7090,#7091);
#7089 = CARTESIAN_POINT('',(160.450252,-106.387107,0.));
#7090 = DIRECTION('',(0.707106781187,0.707106781187,0.));
#7091 = DIRECTION('',(-0.707106781187,0.707106781187,0.));
#7092 = ADVANCED_FACE('',(#7093),#7118,.F.);
#7093 = FACE_BOUND('',#7094,.F.);
#7094 = EDGE_LOOP('',(#7095,#7096,#7104,#7112));
#7095 = ORIENTED_EDGE('',*,*,#7074,.T.);
#7096 = ORIENTED_EDGE('',*,*,#7097,.T.);
#7097 = EDGE_CURVE('',#7067,#7098,#7100,.T.);
#7098 = VERTEX_POINT('',#7099);
#7099 = CARTESIAN_POINT('',(158.617905,-104.54344,-3.5E-02));
#7100 = LINE('',#7101,#7102);
#7101 = CARTESIAN_POINT('',(158.692893,-104.629748,-3.5E-02));
#7102 = VECTOR('',#7103,1.);
#7103 = DIRECTION('',(-0.655867708871,0.7548758497,0.));
#7104 = ORIENTED_EDGE('',*,*,#7105,.F.);
#7105 = EDGE_CURVE('',#7106,#7098,#7108,.T.);
#7106 = VERTEX_POINT('',#7107);
#7107 = CARTESIAN_POINT('',(158.617905,-104.54344,0.));
#7108 = LINE('',#7109,#7110);
#7109 = CARTESIAN_POINT('',(158.617905,-104.54344,0.));
#7110 = VECTOR('',#7111,1.);
#7111 = DIRECTION('',(0.,0.,-1.));
#7112 = ORIENTED_EDGE('',*,*,#7113,.F.);
#7113 = EDGE_CURVE('',#7075,#7106,#7114,.T.);
#7114 = LINE('',#7115,#7116);
#7115 = CARTESIAN_POINT('',(158.692893,-104.629748,0.));
#7116 = VECTOR('',#7117,1.);
#7117 = DIRECTION('',(-0.655867708871,0.7548758497,0.));
#7118 = PLANE('',#7119);
#7119 = AXIS2_PLACEMENT_3D('',#7120,#7121,#7122);
#7120 = CARTESIAN_POINT('',(158.692893,-104.629748,0.));
#7121 = DIRECTION('',(0.7548758497,0.655867708871,0.));
#7122 = DIRECTION('',(-0.655867708871,0.7548758497,0.));
#7123 = ADVANCED_FACE('',(#7124),#7149,.F.);
#7124 = FACE_BOUND('',#7125,.F.);
#7125 = EDGE_LOOP('',(#7126,#7127,#7135,#7143));
#7126 = ORIENTED_EDGE('',*,*,#7105,.T.);
#7127 = ORIENTED_EDGE('',*,*,#7128,.T.);
#7128 = EDGE_CURVE('',#7098,#7129,#7131,.T.);
#7129 = VERTEX_POINT('',#7130);
#7130 = CARTESIAN_POINT('',(154.134465,-100.06,-3.5E-02));
#7131 = LINE('',#7132,#7133);
#7132 = CARTESIAN_POINT('',(158.617905,-104.54344,-3.5E-02));
#7133 = VECTOR('',#7134,1.);
#7134 = DIRECTION('',(-0.707106781187,0.707106781187,0.));
#7135 = ORIENTED_EDGE('',*,*,#7136,.F.);
#7136 = EDGE_CURVE('',#7137,#7129,#7139,.T.);
#7137 = VERTEX_POINT('',#7138);
#7138 = CARTESIAN_POINT('',(154.134465,-100.06,0.));
#7139 = LINE('',#7140,#7141);
#7140 = CARTESIAN_POINT('',(154.134465,-100.06,0.));
#7141 = VECTOR('',#7142,1.);
#7142 = DIRECTION('',(0.,0.,-1.));
#7143 = ORIENTED_EDGE('',*,*,#7144,.F.);
#7144 = EDGE_CURVE('',#7106,#7137,#7145,.T.);
#7145 = LINE('',#7146,#7147);
#7146 = CARTESIAN_POINT('',(158.617905,-104.54344,0.));
#7147 = VECTOR('',#7148,1.);
#7148 = DIRECTION('',(-0.707106781187,0.707106781187,0.));
#7149 = PLANE('',#7150);
#7150 = AXIS2_PLACEMENT_3D('',#7151,#7152,#7153);
#7151 = CARTESIAN_POINT('',(158.617905,-104.54344,0.));
#7152 = DIRECTION('',(0.707106781187,0.707106781187,0.));
#7153 = DIRECTION('',(-0.707106781187,0.707106781187,0.));
#7154 = ADVANCED_FACE('',(#7155),#7180,.F.);
#7155 = FACE_BOUND('',#7156,.F.);
#7156 = EDGE_LOOP('',(#7157,#7158,#7166,#7174));
#7157 = ORIENTED_EDGE('',*,*,#7136,.T.);
#7158 = ORIENTED_EDGE('',*,*,#7159,.T.);
#7159 = EDGE_CURVE('',#7129,#7160,#7162,.T.);
#7160 = VERTEX_POINT('',#7161);
#7161 = CARTESIAN_POINT('',(149.44,-100.06,-3.5E-02));
#7162 = LINE('',#7163,#7164);
#7163 = CARTESIAN_POINT('',(154.134465,-100.06,-3.5E-02));
#7164 = VECTOR('',#7165,1.);
#7165 = DIRECTION('',(-1.,0.,0.));
#7166 = ORIENTED_EDGE('',*,*,#7167,.F.);
#7167 = EDGE_CURVE('',#7168,#7160,#7170,.T.);
#7168 = VERTEX_POINT('',#7169);
#7169 = CARTESIAN_POINT('',(149.44,-100.06,0.));
#7170 = LINE('',#7171,#7172);
#7171 = CARTESIAN_POINT('',(149.44,-100.06,0.));
#7172 = VECTOR('',#7173,1.);
#7173 = DIRECTION('',(0.,0.,-1.));
#7174 = ORIENTED_EDGE('',*,*,#7175,.F.);
#7175 = EDGE_CURVE('',#7137,#7168,#7176,.T.);
#7176 = LINE('',#7177,#7178);
#7177 = CARTESIAN_POINT('',(154.134465,-100.06,0.));
#7178 = VECTOR('',#7179,1.);
#7179 = DIRECTION('',(-1.,0.,0.));
#7180 = PLANE('',#7181);
#7181 = AXIS2_PLACEMENT_3D('',#7182,#7183,#7184);
#7182 = CARTESIAN_POINT('',(154.134465,-100.06,0.));
#7183 = DIRECTION('',(0.,1.,0.));
#7184 = DIRECTION('',(-1.,0.,0.));
#7185 = ADVANCED_FACE('',(#7186),#7211,.F.);
#7186 = FACE_BOUND('',#7187,.F.);
#7187 = EDGE_LOOP('',(#7188,#7189,#7197,#7205));
#7188 = ORIENTED_EDGE('',*,*,#7167,.T.);
#7189 = ORIENTED_EDGE('',*,*,#7190,.T.);
#7190 = EDGE_CURVE('',#7160,#7191,#7193,.T.);
#7191 = VERTEX_POINT('',#7192);
#7192 = CARTESIAN_POINT('',(149.44,-124.03163,-3.5E-02));
#7193 = LINE('',#7194,#7195);
#7194 = CARTESIAN_POINT('',(149.44,-100.06,-3.5E-02));
#7195 = VECTOR('',#7196,1.);
#7196 = DIRECTION('',(0.,-1.,0.));
#7197 = ORIENTED_EDGE('',*,*,#7198,.F.);
#7198 = EDGE_CURVE('',#7199,#7191,#7201,.T.);
#7199 = VERTEX_POINT('',#7200);
#7200 = CARTESIAN_POINT('',(149.44,-124.03163,0.));
#7201 = LINE('',#7202,#7203);
#7202 = CARTESIAN_POINT('',(149.44,-124.03163,0.));
#7203 = VECTOR('',#7204,1.);
#7204 = DIRECTION('',(0.,0.,-1.));
#7205 = ORIENTED_EDGE('',*,*,#7206,.F.);
#7206 = EDGE_CURVE('',#7168,#7199,#7207,.T.);
#7207 = LINE('',#7208,#7209);
#7208 = CARTESIAN_POINT('',(149.44,-100.06,0.));
#7209 = VECTOR('',#7210,1.);
#7210 = DIRECTION('',(0.,-1.,0.));
#7211 = PLANE('',#7212);
#7212 = AXIS2_PLACEMENT_3D('',#7213,#7214,#7215);
#7213 = CARTESIAN_POINT('',(149.44,-100.06,0.));
#7214 = DIRECTION('',(-1.,-0.,-0.));
#7215 = DIRECTION('',(0.,-1.,0.));
#7216 = ADVANCED_FACE('',(#7217),#7244,.T.);
#7217 = FACE_BOUND('',#7218,.F.);
#7218 = EDGE_LOOP('',(#7219,#7220,#7229,#7237));
#7219 = ORIENTED_EDGE('',*,*,#7198,.T.);
#7220 = ORIENTED_EDGE('',*,*,#7221,.T.);
#7221 = EDGE_CURVE('',#7191,#7222,#7224,.T.);
#7222 = VERTEX_POINT('',#7223);
#7223 = CARTESIAN_POINT('',(149.147107,-124.738737,-3.5E-02));
#7224 = CIRCLE('',#7225,0.999995957107);
#7225 = AXIS2_PLACEMENT_3D('',#7226,#7227,#7228);
#7226 = CARTESIAN_POINT('',(148.44000404289,-124.0316321122,-3.5E-02));
#7227 = DIRECTION('',(0.,0.,-1.));
#7228 = DIRECTION('',(0.999999999998,2.112255556917E-06,0.));
#7229 = ORIENTED_EDGE('',*,*,#7230,.F.);
#7230 = EDGE_CURVE('',#7231,#7222,#7233,.T.);
#7231 = VERTEX_POINT('',#7232);
#7232 = CARTESIAN_POINT('',(149.147107,-124.738737,0.));
#7233 = LINE('',#7234,#7235);
#7234 = CARTESIAN_POINT('',(149.147107,-124.738737,0.));
#7235 = VECTOR('',#7236,1.);
#7236 = DIRECTION('',(0.,0.,-1.));
#7237 = ORIENTED_EDGE('',*,*,#7238,.F.);
#7238 = EDGE_CURVE('',#7199,#7231,#7239,.T.);
#7239 = CIRCLE('',#7240,0.999995957107);
#7240 = AXIS2_PLACEMENT_3D('',#7241,#7242,#7243);
#7241 = CARTESIAN_POINT('',(148.44000404289,-124.0316321122,0.));
#7242 = DIRECTION('',(0.,0.,-1.));
#7243 = DIRECTION('',(0.999999999998,2.112255556917E-06,0.));
#7244 = CYLINDRICAL_SURFACE('',#7245,0.999995957107);
#7245 = AXIS2_PLACEMENT_3D('',#7246,#7247,#7248);
#7246 = CARTESIAN_POINT('',(148.44000404289,-124.0316321122,0.));
#7247 = DIRECTION('',(-0.,-0.,1.));
#7248 = DIRECTION('',(0.999999999998,2.112255556917E-06,0.));
#7249 = ADVANCED_FACE('',(#7250),#7275,.F.);
#7250 = FACE_BOUND('',#7251,.F.);
#7251 = EDGE_LOOP('',(#7252,#7253,#7261,#7269));
#7252 = ORIENTED_EDGE('',*,*,#7230,.T.);
#7253 = ORIENTED_EDGE('',*,*,#7254,.T.);
#7254 = EDGE_CURVE('',#7222,#7255,#7257,.T.);
#7255 = VERTEX_POINT('',#7256);
#7256 = CARTESIAN_POINT('',(146.564737,-127.321107,-3.5E-02));
#7257 = LINE('',#7258,#7259);
#7258 = CARTESIAN_POINT('',(149.147107,-124.738737,-3.5E-02));
#7259 = VECTOR('',#7260,1.);
#7260 = DIRECTION('',(-0.707106781187,-0.707106781187,0.));
#7261 = ORIENTED_EDGE('',*,*,#7262,.F.);
#7262 = EDGE_CURVE('',#7263,#7255,#7265,.T.);
#7263 = VERTEX_POINT('',#7264);
#7264 = CARTESIAN_POINT('',(146.564737,-127.321107,0.));
#7265 = LINE('',#7266,#7267);
#7266 = CARTESIAN_POINT('',(146.564737,-127.321107,0.));
#7267 = VECTOR('',#7268,1.);
#7268 = DIRECTION('',(0.,0.,-1.));
#7269 = ORIENTED_EDGE('',*,*,#7270,.F.);
#7270 = EDGE_CURVE('',#7231,#7263,#7271,.T.);
#7271 = LINE('',#7272,#7273);
#7272 = CARTESIAN_POINT('',(149.147107,-124.738737,0.));
#7273 = VECTOR('',#7274,1.);
#7274 = DIRECTION('',(-0.707106781187,-0.707106781187,0.));
#7275 = PLANE('',#7276);
#7276 = AXIS2_PLACEMENT_3D('',#7277,#7278,#7279);
#7277 = CARTESIAN_POINT('',(149.147107,-124.738737,0.));
#7278 = DIRECTION('',(-0.707106781187,0.707106781187,0.));
#7279 = DIRECTION('',(-0.707106781187,-0.707106781187,0.));
#7280 = ADVANCED_FACE('',(#7281),#7308,.T.);
#7281 = FACE_BOUND('',#7282,.F.);
#7282 = EDGE_LOOP('',(#7283,#7284,#7293,#7301));
#7283 = ORIENTED_EDGE('',*,*,#7262,.T.);
#7284 = ORIENTED_EDGE('',*,*,#7285,.T.);
#7285 = EDGE_CURVE('',#7255,#7286,#7288,.T.);
#7286 = VERTEX_POINT('',#7287);
#7287 = CARTESIAN_POINT('',(145.85763,-127.614,-3.5E-02));
#7288 = CIRCLE('',#7289,1.000004086185);
#7289 = AXIS2_PLACEMENT_3D('',#7290,#7291,#7292);
#7290 = CARTESIAN_POINT('',(145.85762874507,-126.6139959138,-3.5E-02));
#7291 = DIRECTION('',(0.,0.,-1.));
#7292 = DIRECTION('',(0.707105365561,-0.707108196809,0.));
#7293 = ORIENTED_EDGE('',*,*,#7294,.F.);
#7294 = EDGE_CURVE('',#7295,#7286,#7297,.T.);
#7295 = VERTEX_POINT('',#7296);
#7296 = CARTESIAN_POINT('',(145.85763,-127.614,0.));
#7297 = LINE('',#7298,#7299);
#7298 = CARTESIAN_POINT('',(145.85763,-127.614,0.));
#7299 = VECTOR('',#7300,1.);
#7300 = DIRECTION('',(0.,0.,-1.));
#7301 = ORIENTED_EDGE('',*,*,#7302,.F.);
#7302 = EDGE_CURVE('',#7263,#7295,#7303,.T.);
#7303 = CIRCLE('',#7304,1.000004086185);
#7304 = AXIS2_PLACEMENT_3D('',#7305,#7306,#7307);
#7305 = CARTESIAN_POINT('',(145.85762874507,-126.6139959138,0.));
#7306 = DIRECTION('',(0.,0.,-1.));
#7307 = DIRECTION('',(0.707105365561,-0.707108196809,0.));
#7308 = CYLINDRICAL_SURFACE('',#7309,1.000004086185);
#7309 = AXIS2_PLACEMENT_3D('',#7310,#7311,#7312);
#7310 = CARTESIAN_POINT('',(145.85762874507,-126.6139959138,0.));
#7311 = DIRECTION('',(-0.,-0.,1.));
#7312 = DIRECTION('',(0.707105365561,-0.707108196809,0.));
#7313 = ADVANCED_FACE('',(#7314),#7339,.F.);
#7314 = FACE_BOUND('',#7315,.F.);
#7315 = EDGE_LOOP('',(#7316,#7317,#7325,#7333));
#7316 = ORIENTED_EDGE('',*,*,#7294,.T.);
#7317 = ORIENTED_EDGE('',*,*,#7318,.T.);
#7318 = EDGE_CURVE('',#7286,#7319,#7321,.T.);
#7319 = VERTEX_POINT('',#7320);
#7320 = CARTESIAN_POINT('',(140.269,-127.614,-3.5E-02));
#7321 = LINE('',#7322,#7323);
#7322 = CARTESIAN_POINT('',(145.85763,-127.614,-3.5E-02));
#7323 = VECTOR('',#7324,1.);
#7324 = DIRECTION('',(-1.,0.,0.));
#7325 = ORIENTED_EDGE('',*,*,#7326,.F.);
#7326 = EDGE_CURVE('',#7327,#7319,#7329,.T.);
#7327 = VERTEX_POINT('',#7328);
#7328 = CARTESIAN_POINT('',(140.269,-127.614,0.));
#7329 = LINE('',#7330,#7331);
#7330 = CARTESIAN_POINT('',(140.269,-127.614,0.));
#7331 = VECTOR('',#7332,1.);
#7332 = DIRECTION('',(0.,0.,-1.));
#7333 = ORIENTED_EDGE('',*,*,#7334,.F.);
#7334 = EDGE_CURVE('',#7295,#7327,#7335,.T.);
#7335 = LINE('',#7336,#7337);
#7336 = CARTESIAN_POINT('',(145.85763,-127.614,0.));
#7337 = VECTOR('',#7338,1.);
#7338 = DIRECTION('',(-1.,0.,0.));
#7339 = PLANE('',#7340);
#7340 = AXIS2_PLACEMENT_3D('',#7341,#7342,#7343);
#7341 = CARTESIAN_POINT('',(145.85763,-127.614,0.));
#7342 = DIRECTION('',(0.,1.,0.));
#7343 = DIRECTION('',(-1.,0.,0.));
#7344 = ADVANCED_FACE('',(#7345),#7372,.T.);
#7345 = FACE_BOUND('',#7346,.F.);
#7346 = EDGE_LOOP('',(#7347,#7348,#7357,#7365));
#7347 = ORIENTED_EDGE('',*,*,#7326,.T.);
#7348 = ORIENTED_EDGE('',*,*,#7349,.T.);
#7349 = EDGE_CURVE('',#7319,#7350,#7352,.T.);
#7350 = VERTEX_POINT('',#7351);
#7351 = CARTESIAN_POINT('',(139.561893,-127.321107,-3.5E-02));
#7352 = CIRCLE('',#7353,1.000004594775);
#7353 = AXIS2_PLACEMENT_3D('',#7354,#7355,#7356);
#7354 = CARTESIAN_POINT('',(140.26900146558,-126.6139954052,-3.5E-02));
#7355 = DIRECTION('',(0.,0.,-1.));
#7356 = DIRECTION('',(-1.46558218909E-06,-0.999999999999,-0.));
#7357 = ORIENTED_EDGE('',*,*,#7358,.F.);
#7358 = EDGE_CURVE('',#7359,#7350,#7361,.T.);
#7359 = VERTEX_POINT('',#7360);
#7360 = CARTESIAN_POINT('',(139.561893,-127.321107,0.));
#7361 = LINE('',#7362,#7363);
#7362 = CARTESIAN_POINT('',(139.561893,-127.321107,0.));
#7363 = VECTOR('',#7364,1.);
#7364 = DIRECTION('',(0.,0.,-1.));
#7365 = ORIENTED_EDGE('',*,*,#7366,.F.);
#7366 = EDGE_CURVE('',#7327,#7359,#7367,.T.);
#7367 = CIRCLE('',#7368,1.000004594775);
#7368 = AXIS2_PLACEMENT_3D('',#7369,#7370,#7371);
#7369 = CARTESIAN_POINT('',(140.26900146558,-126.6139954052,0.));
#7370 = DIRECTION('',(0.,0.,-1.));
#7371 = DIRECTION('',(-1.46558218909E-06,-0.999999999999,-0.));
#7372 = CYLINDRICAL_SURFACE('',#7373,1.000004594775);
#7373 = AXIS2_PLACEMENT_3D('',#7374,#7375,#7376);
#7374 = CARTESIAN_POINT('',(140.26900146558,-126.6139954052,0.));
#7375 = DIRECTION('',(-0.,-0.,1.));
#7376 = DIRECTION('',(-1.46558218909E-06,-0.999999999999,-0.));
#7377 = ADVANCED_FACE('',(#7378),#7403,.F.);
#7378 = FACE_BOUND('',#7379,.F.);
#7379 = EDGE_LOOP('',(#7380,#7381,#7389,#7397));
#7380 = ORIENTED_EDGE('',*,*,#7358,.T.);
#7381 = ORIENTED_EDGE('',*,*,#7382,.T.);
#7382 = EDGE_CURVE('',#7350,#7383,#7385,.T.);
#7383 = VERTEX_POINT('',#7384);
#7384 = CARTESIAN_POINT('',(136.602893,-124.362107,-3.5E-02));
#7385 = LINE('',#7386,#7387);
#7386 = CARTESIAN_POINT('',(139.561893,-127.321107,-3.5E-02));
#7387 = VECTOR('',#7388,1.);
#7388 = DIRECTION('',(-0.707106781187,0.707106781187,0.));
#7389 = ORIENTED_EDGE('',*,*,#7390,.F.);
#7390 = EDGE_CURVE('',#7391,#7383,#7393,.T.);
#7391 = VERTEX_POINT('',#7392);
#7392 = CARTESIAN_POINT('',(136.602893,-124.362107,0.));
#7393 = LINE('',#7394,#7395);
#7394 = CARTESIAN_POINT('',(136.602893,-124.362107,0.));
#7395 = VECTOR('',#7396,1.);
#7396 = DIRECTION('',(0.,0.,-1.));
#7397 = ORIENTED_EDGE('',*,*,#7398,.F.);
#7398 = EDGE_CURVE('',#7359,#7391,#7399,.T.);
#7399 = LINE('',#7400,#7401);
#7400 = CARTESIAN_POINT('',(139.561893,-127.321107,0.));
#7401 = VECTOR('',#7402,1.);
#7402 = DIRECTION('',(-0.707106781187,0.707106781187,0.));
#7403 = PLANE('',#7404);
#7404 = AXIS2_PLACEMENT_3D('',#7405,#7406,#7407);
#7405 = CARTESIAN_POINT('',(139.561893,-127.321107,0.));
#7406 = DIRECTION('',(0.707106781187,0.707106781187,0.));
#7407 = DIRECTION('',(-0.707106781187,0.707106781187,0.));
#7408 = ADVANCED_FACE('',(#7409),#7436,.T.);
#7409 = FACE_BOUND('',#7410,.F.);
#7410 = EDGE_LOOP('',(#7411,#7412,#7421,#7429));
#7411 = ORIENTED_EDGE('',*,*,#7390,.T.);
#7412 = ORIENTED_EDGE('',*,*,#7413,.T.);
#7413 = EDGE_CURVE('',#7383,#7414,#7416,.T.);
#7414 = VERTEX_POINT('',#7415);
#7415 = CARTESIAN_POINT('',(136.31,-123.655,-3.5E-02));
#7416 = CIRCLE('',#7417,1.000004086185);
#7417 = AXIS2_PLACEMENT_3D('',#7418,#7419,#7420);
#7418 = CARTESIAN_POINT('',(137.31000408618,-123.654998745,-3.5E-02));
#7419 = DIRECTION('',(0.,0.,-1.));
#7420 = DIRECTION('',(-0.707108196809,-0.707105365561,-0.));
#7421 = ORIENTED_EDGE('',*,*,#7422,.F.);
#7422 = EDGE_CURVE('',#7423,#7414,#7425,.T.);
#7423 = VERTEX_POINT('',#7424);
#7424 = CARTESIAN_POINT('',(136.31,-123.655,0.));
#7425 = LINE('',#7426,#7427);
#7426 = CARTESIAN_POINT('',(136.31,-123.655,0.));
#7427 = VECTOR('',#7428,1.);
#7428 = DIRECTION('',(0.,0.,-1.));
#7429 = ORIENTED_EDGE('',*,*,#7430,.F.);
#7430 = EDGE_CURVE('',#7391,#7423,#7431,.T.);
#7431 = CIRCLE('',#7432,1.000004086185);
#7432 = AXIS2_PLACEMENT_3D('',#7433,#7434,#7435);
#7433 = CARTESIAN_POINT('',(137.31000408618,-123.654998745,0.));
#7434 = DIRECTION('',(0.,0.,-1.));
#7435 = DIRECTION('',(-0.707108196809,-0.707105365561,-0.));
#7436 = CYLINDRICAL_SURFACE('',#7437,1.000004086185);
#7437 = AXIS2_PLACEMENT_3D('',#7438,#7439,#7440);
#7438 = CARTESIAN_POINT('',(137.31000408618,-123.654998745,0.));
#7439 = DIRECTION('',(-0.,-0.,1.));
#7440 = DIRECTION('',(-0.707108196809,-0.707105365561,-0.));
#7441 = ADVANCED_FACE('',(#7442),#7467,.F.);
#7442 = FACE_BOUND('',#7443,.F.);
#7443 = EDGE_LOOP('',(#7444,#7445,#7453,#7461));
#7444 = ORIENTED_EDGE('',*,*,#7422,.T.);
#7445 = ORIENTED_EDGE('',*,*,#7446,.T.);
#7446 = EDGE_CURVE('',#7414,#7447,#7449,.T.);
#7447 = VERTEX_POINT('',#7448);
#7448 = CARTESIAN_POINT('',(136.31,-122.5,-3.5E-02));
#7449 = LINE('',#7450,#7451);
#7450 = CARTESIAN_POINT('',(136.31,-123.655,-3.5E-02));
#7451 = VECTOR('',#7452,1.);
#7452 = DIRECTION('',(0.,1.,0.));
#7453 = ORIENTED_EDGE('',*,*,#7454,.F.);
#7454 = EDGE_CURVE('',#7455,#7447,#7457,.T.);
#7455 = VERTEX_POINT('',#7456);
#7456 = CARTESIAN_POINT('',(136.31,-122.5,0.));
#7457 = LINE('',#7458,#7459);
#7458 = CARTESIAN_POINT('',(136.31,-122.5,0.));
#7459 = VECTOR('',#7460,1.);
#7460 = DIRECTION('',(0.,0.,-1.));
#7461 = ORIENTED_EDGE('',*,*,#7462,.F.);
#7462 = EDGE_CURVE('',#7423,#7455,#7463,.T.);
#7463 = LINE('',#7464,#7465);
#7464 = CARTESIAN_POINT('',(136.31,-123.655,0.));
#7465 = VECTOR('',#7466,1.);
#7466 = DIRECTION('',(0.,1.,0.));
#7467 = PLANE('',#7468);
#7468 = AXIS2_PLACEMENT_3D('',#7469,#7470,#7471);
#7469 = CARTESIAN_POINT('',(136.31,-123.655,0.));
#7470 = DIRECTION('',(1.,-0.,0.));
#7471 = DIRECTION('',(0.,1.,0.));
#7472 = ADVANCED_FACE('',(#7473),#7500,.T.);
#7473 = FACE_BOUND('',#7474,.F.);
#7474 = EDGE_LOOP('',(#7475,#7476,#7485,#7493));
#7475 = ORIENTED_EDGE('',*,*,#7454,.T.);
#7476 = ORIENTED_EDGE('',*,*,#7477,.T.);
#7477 = EDGE_CURVE('',#7447,#7478,#7480,.T.);
#7478 = VERTEX_POINT('',#7479);
#7479 = CARTESIAN_POINT('',(138.31,-122.5,-3.5E-02));
#7480 = CIRCLE('',#7481,1.);
#7481 = AXIS2_PLACEMENT_3D('',#7482,#7483,#7484);
#7482 = CARTESIAN_POINT('',(137.31,-122.4999997404,-3.5E-02));
#7483 = DIRECTION('',(0.,0.,-1.));
#7484 = DIRECTION('',(-1.,-2.595065211608E-07,-0.));
#7485 = ORIENTED_EDGE('',*,*,#7486,.F.);
#7486 = EDGE_CURVE('',#7487,#7478,#7489,.T.);
#7487 = VERTEX_POINT('',#7488);
#7488 = CARTESIAN_POINT('',(138.31,-122.5,0.));
#7489 = LINE('',#7490,#7491);
#7490 = CARTESIAN_POINT('',(138.31,-122.5,0.));
#7491 = VECTOR('',#7492,1.);
#7492 = DIRECTION('',(0.,0.,-1.));
#7493 = ORIENTED_EDGE('',*,*,#7494,.F.);
#7494 = EDGE_CURVE('',#7455,#7487,#7495,.T.);
#7495 = CIRCLE('',#7496,1.);
#7496 = AXIS2_PLACEMENT_3D('',#7497,#7498,#7499);
#7497 = CARTESIAN_POINT('',(137.31,-122.4999997404,0.));
#7498 = DIRECTION('',(0.,0.,-1.));
#7499 = DIRECTION('',(-1.,-2.595065211608E-07,-0.));
#7500 = CYLINDRICAL_SURFACE('',#7501,1.);
#7501 = AXIS2_PLACEMENT_3D('',#7502,#7503,#7504);
#7502 = CARTESIAN_POINT('',(137.31,-122.4999997404,0.));
#7503 = DIRECTION('',(-0.,-0.,1.));
#7504 = DIRECTION('',(-1.,-2.595065211608E-07,-0.));
#7505 = ADVANCED_FACE('',(#7506),#7531,.F.);
#7506 = FACE_BOUND('',#7507,.F.);
#7507 = EDGE_LOOP('',(#7508,#7509,#7517,#7525));
#7508 = ORIENTED_EDGE('',*,*,#7486,.T.);
#7509 = ORIENTED_EDGE('',*,*,#7510,.T.);
#7510 = EDGE_CURVE('',#7478,#7511,#7513,.T.);
#7511 = VERTEX_POINT('',#7512);
#7512 = CARTESIAN_POINT('',(138.31,-123.240786,-3.5E-02));
#7513 = LINE('',#7514,#7515);
#7514 = CARTESIAN_POINT('',(138.31,-122.5,-3.5E-02));
#7515 = VECTOR('',#7516,1.);
#7516 = DIRECTION('',(0.,-1.,0.));
#7517 = ORIENTED_EDGE('',*,*,#7518,.F.);
#7518 = EDGE_CURVE('',#7519,#7511,#7521,.T.);
#7519 = VERTEX_POINT('',#7520);
#7520 = CARTESIAN_POINT('',(138.31,-123.240786,0.));
#7521 = LINE('',#7522,#7523);
#7522 = CARTESIAN_POINT('',(138.31,-123.240786,0.));
#7523 = VECTOR('',#7524,1.);
#7524 = DIRECTION('',(0.,0.,-1.));
#7525 = ORIENTED_EDGE('',*,*,#7526,.F.);
#7526 = EDGE_CURVE('',#7487,#7519,#7527,.T.);
#7527 = LINE('',#7528,#7529);
#7528 = CARTESIAN_POINT('',(138.31,-122.5,0.));
#7529 = VECTOR('',#7530,1.);
#7530 = DIRECTION('',(0.,-1.,0.));
#7531 = PLANE('',#7532);
#7532 = AXIS2_PLACEMENT_3D('',#7533,#7534,#7535);
#7533 = CARTESIAN_POINT('',(138.31,-122.5,0.));
#7534 = DIRECTION('',(-1.,-0.,-0.));
#7535 = DIRECTION('',(0.,-1.,0.));
#7536 = ADVANCED_FACE('',(#7537),#7562,.F.);
#7537 = FACE_BOUND('',#7538,.F.);
#7538 = EDGE_LOOP('',(#7539,#7540,#7548,#7556));
#7539 = ORIENTED_EDGE('',*,*,#7518,.T.);
#7540 = ORIENTED_EDGE('',*,*,#7541,.T.);
#7541 = EDGE_CURVE('',#7511,#7542,#7544,.T.);
#7542 = VERTEX_POINT('',#7543);
#7543 = CARTESIAN_POINT('',(140.683214,-125.614,-3.5E-02));
#7544 = LINE('',#7545,#7546);
#7545 = CARTESIAN_POINT('',(138.31,-123.240786,-3.5E-02));
#7546 = VECTOR('',#7547,1.);
#7547 = DIRECTION('',(0.707106781187,-0.707106781187,0.));
#7548 = ORIENTED_EDGE('',*,*,#7549,.F.);
#7549 = EDGE_CURVE('',#7550,#7542,#7552,.T.);
#7550 = VERTEX_POINT('',#7551);
#7551 = CARTESIAN_POINT('',(140.683214,-125.614,0.));
#7552 = LINE('',#7553,#7554);
#7553 = CARTESIAN_POINT('',(140.683214,-125.614,0.));
#7554 = VECTOR('',#7555,1.);
#7555 = DIRECTION('',(0.,0.,-1.));
#7556 = ORIENTED_EDGE('',*,*,#7557,.F.);
#7557 = EDGE_CURVE('',#7519,#7550,#7558,.T.);
#7558 = LINE('',#7559,#7560);
#7559 = CARTESIAN_POINT('',(138.31,-123.240786,0.));
#7560 = VECTOR('',#7561,1.);
#7561 = DIRECTION('',(0.707106781187,-0.707106781187,0.));
#7562 = PLANE('',#7563);
#7563 = AXIS2_PLACEMENT_3D('',#7564,#7565,#7566);
#7564 = CARTESIAN_POINT('',(138.31,-123.240786,0.));
#7565 = DIRECTION('',(-0.707106781187,-0.707106781187,-0.));
#7566 = DIRECTION('',(0.707106781187,-0.707106781187,0.));
#7567 = ADVANCED_FACE('',(#7568),#7593,.F.);
#7568 = FACE_BOUND('',#7569,.F.);
#7569 = EDGE_LOOP('',(#7570,#7571,#7579,#7587));
#7570 = ORIENTED_EDGE('',*,*,#7549,.T.);
#7571 = ORIENTED_EDGE('',*,*,#7572,.T.);
#7572 = EDGE_CURVE('',#7542,#7573,#7575,.T.);
#7573 = VERTEX_POINT('',#7574);
#7574 = CARTESIAN_POINT('',(145.443416,-125.614,-3.5E-02));
#7575 = LINE('',#7576,#7577);
#7576 = CARTESIAN_POINT('',(140.683214,-125.614,-3.5E-02));
#7577 = VECTOR('',#7578,1.);
#7578 = DIRECTION('',(1.,0.,0.));
#7579 = ORIENTED_EDGE('',*,*,#7580,.F.);
#7580 = EDGE_CURVE('',#7581,#7573,#7583,.T.);
#7581 = VERTEX_POINT('',#7582);
#7582 = CARTESIAN_POINT('',(145.443416,-125.614,0.));
#7583 = LINE('',#7584,#7585);
#7584 = CARTESIAN_POINT('',(145.443416,-125.614,0.));
#7585 = VECTOR('',#7586,1.);
#7586 = DIRECTION('',(0.,0.,-1.));
#7587 = ORIENTED_EDGE('',*,*,#7588,.F.);
#7588 = EDGE_CURVE('',#7550,#7581,#7589,.T.);
#7589 = LINE('',#7590,#7591);
#7590 = CARTESIAN_POINT('',(140.683214,-125.614,0.));
#7591 = VECTOR('',#7592,1.);
#7592 = DIRECTION('',(1.,0.,0.));
#7593 = PLANE('',#7594);
#7594 = AXIS2_PLACEMENT_3D('',#7595,#7596,#7597);
#7595 = CARTESIAN_POINT('',(140.683214,-125.614,0.));
#7596 = DIRECTION('',(0.,-1.,0.));
#7597 = DIRECTION('',(1.,0.,0.));
#7598 = ADVANCED_FACE('',(#7599),#7624,.F.);
#7599 = FACE_BOUND('',#7600,.F.);
#7600 = EDGE_LOOP('',(#7601,#7602,#7610,#7618));
#7601 = ORIENTED_EDGE('',*,*,#7580,.T.);
#7602 = ORIENTED_EDGE('',*,*,#7603,.T.);
#7603 = EDGE_CURVE('',#7573,#7604,#7606,.T.);
#7604 = VERTEX_POINT('',#7605);
#7605 = CARTESIAN_POINT('',(147.44,-123.617416,-3.5E-02));
#7606 = LINE('',#7607,#7608);
#7607 = CARTESIAN_POINT('',(145.443416,-125.614,-3.5E-02));
#7608 = VECTOR('',#7609,1.);
#7609 = DIRECTION('',(0.707106781187,0.707106781187,0.));
#7610 = ORIENTED_EDGE('',*,*,#7611,.F.);
#7611 = EDGE_CURVE('',#7612,#7604,#7614,.T.);
#7612 = VERTEX_POINT('',#7613);
#7613 = CARTESIAN_POINT('',(147.44,-123.617416,0.));
#7614 = LINE('',#7615,#7616);
#7615 = CARTESIAN_POINT('',(147.44,-123.617416,0.));
#7616 = VECTOR('',#7617,1.);
#7617 = DIRECTION('',(0.,0.,-1.));
#7618 = ORIENTED_EDGE('',*,*,#7619,.F.);
#7619 = EDGE_CURVE('',#7581,#7612,#7620,.T.);
#7620 = LINE('',#7621,#7622);
#7621 = CARTESIAN_POINT('',(145.443416,-125.614,0.));
#7622 = VECTOR('',#7623,1.);
#7623 = DIRECTION('',(0.707106781187,0.707106781187,0.));
#7624 = PLANE('',#7625);
#7625 = AXIS2_PLACEMENT_3D('',#7626,#7627,#7628);
#7626 = CARTESIAN_POINT('',(145.443416,-125.614,0.));
#7627 = DIRECTION('',(0.707106781187,-0.707106781187,0.));
#7628 = DIRECTION('',(0.707106781187,0.707106781187,0.));
#7629 = ADVANCED_FACE('',(#7630),#7655,.F.);
#7630 = FACE_BOUND('',#7631,.F.);
#7631 = EDGE_LOOP('',(#7632,#7633,#7641,#7649));
#7632 = ORIENTED_EDGE('',*,*,#7611,.T.);
#7633 = ORIENTED_EDGE('',*,*,#7634,.T.);
#7634 = EDGE_CURVE('',#7604,#7635,#7637,.T.);
#7635 = VERTEX_POINT('',#7636);
#7636 = CARTESIAN_POINT('',(147.44,-100.06,-3.5E-02));
#7637 = LINE('',#7638,#7639);
#7638 = CARTESIAN_POINT('',(147.44,-123.617416,-3.5E-02));
#7639 = VECTOR('',#7640,1.);
#7640 = DIRECTION('',(0.,1.,0.));
#7641 = ORIENTED_EDGE('',*,*,#7642,.F.);
#7642 = EDGE_CURVE('',#7643,#7635,#7645,.T.);
#7643 = VERTEX_POINT('',#7644);
#7644 = CARTESIAN_POINT('',(147.44,-100.06,0.));
#7645 = LINE('',#7646,#7647);
#7646 = CARTESIAN_POINT('',(147.44,-100.06,0.));
#7647 = VECTOR('',#7648,1.);
#7648 = DIRECTION('',(0.,0.,-1.));
#7649 = ORIENTED_EDGE('',*,*,#7650,.F.);
#7650 = EDGE_CURVE('',#7612,#7643,#7651,.T.);
#7651 = LINE('',#7652,#7653);
#7652 = CARTESIAN_POINT('',(147.44,-123.617416,0.));
#7653 = VECTOR('',#7654,1.);
#7654 = DIRECTION('',(0.,1.,0.));
#7655 = PLANE('',#7656);
#7656 = AXIS2_PLACEMENT_3D('',#7657,#7658,#7659);
#7657 = CARTESIAN_POINT('',(147.44,-123.617416,0.));
#7658 = DIRECTION('',(1.,-0.,0.));
#7659 = DIRECTION('',(0.,1.,0.));
#7660 = ADVANCED_FACE('',(#7661),#7677,.F.);
#7661 = FACE_BOUND('',#7662,.F.);
#7662 = EDGE_LOOP('',(#7663,#7664,#7670,#7671));
#7663 = ORIENTED_EDGE('',*,*,#7642,.T.);
#7664 = ORIENTED_EDGE('',*,*,#7665,.T.);
#7665 = EDGE_CURVE('',#7635,#6396,#7666,.T.);
#7666 = LINE('',#7667,#7668);
#7667 = CARTESIAN_POINT('',(147.44,-100.06,-3.5E-02));
#7668 = VECTOR('',#7669,1.);
#7669 = DIRECTION('',(-1.,0.,0.));
#7670 = ORIENTED_EDGE('',*,*,#6393,.F.);
#7671 = ORIENTED_EDGE('',*,*,#7672,.F.);
#7672 = EDGE_CURVE('',#7643,#6394,#7673,.T.);
#7673 = LINE('',#7674,#7675);
#7674 = CARTESIAN_POINT('',(147.44,-100.06,0.));
#7675 = VECTOR('',#7676,1.);
#7676 = DIRECTION('',(-1.,0.,0.));
#7677 = PLANE('',#7678);
#7678 = AXIS2_PLACEMENT_3D('',#7679,#7680,#7681);
#7679 = CARTESIAN_POINT('',(147.44,-100.06,0.));
#7680 = DIRECTION('',(0.,1.,0.));
#7681 = DIRECTION('',(-1.,0.,0.));
#7682 = ADVANCED_FACE('',(#7683),#7710,.F.);
#7683 = FACE_BOUND('',#7684,.F.);
#7684 = EDGE_LOOP('',(#7685,#7695,#7702,#7703));
#7685 = ORIENTED_EDGE('',*,*,#7686,.T.);
#7686 = EDGE_CURVE('',#7687,#7689,#7691,.T.);
#7687 = VERTEX_POINT('',#7688);
#7688 = CARTESIAN_POINT('',(145.211891,-126.614,0.));
#7689 = VERTEX_POINT('',#7690);
#7690 = CARTESIAN_POINT('',(145.211891,-126.614,-3.5E-02));
#7691 = LINE('',#7692,#7693);
#7692 = CARTESIAN_POINT('',(145.211891,-126.614,0.));
#7693 = VECTOR('',#7694,1.);
#7694 = DIRECTION('',(0.,0.,-1.));
#7695 = ORIENTED_EDGE('',*,*,#7696,.T.);
#7696 = EDGE_CURVE('',#7689,#7689,#7697,.T.);
#7697 = CIRCLE('',#7698,0.431891);
#7698 = AXIS2_PLACEMENT_3D('',#7699,#7700,#7701);
#7699 = CARTESIAN_POINT('',(144.78,-126.614,-3.5E-02));
#7700 = DIRECTION('',(0.,0.,1.));
#7701 = DIRECTION('',(1.,0.,-0.));
#7702 = ORIENTED_EDGE('',*,*,#7686,.F.);
#7703 = ORIENTED_EDGE('',*,*,#7704,.F.);
#7704 = EDGE_CURVE('',#7687,#7687,#7705,.T.);
#7705 = CIRCLE('',#7706,0.431891);
#7706 = AXIS2_PLACEMENT_3D('',#7707,#7708,#7709);
#7707 = CARTESIAN_POINT('',(144.78,-126.614,0.));
#7708 = DIRECTION('',(0.,0.,1.));
#7709 = DIRECTION('',(1.,0.,-0.));
#7710 = CYLINDRICAL_SURFACE('',#7711,0.431891);
#7711 = AXIS2_PLACEMENT_3D('',#7712,#7713,#7714);
#7712 = CARTESIAN_POINT('',(144.78,-126.614,0.));
#7713 = DIRECTION('',(0.,0.,1.));
#7714 = DIRECTION('',(1.,0.,-0.));
#7715 = ADVANCED_FACE('',(#7716),#7743,.F.);
#7716 = FACE_BOUND('',#7717,.F.);
#7717 = EDGE_LOOP('',(#7718,#7728,#7735,#7736));
#7718 = ORIENTED_EDGE('',*,*,#7719,.T.);
#7719 = EDGE_CURVE('',#7720,#7722,#7724,.T.);
#7720 = VERTEX_POINT('',#7721);
#7721 = CARTESIAN_POINT('',(137.697392,-122.5,0.));
#7722 = VERTEX_POINT('',#7723);
#7723 = CARTESIAN_POINT('',(137.697392,-122.5,-3.5E-02));
#7724 = LINE('',#7725,#7726);
#7725 = CARTESIAN_POINT('',(137.697392,-122.5,0.));
#7726 = VECTOR('',#7727,1.);
#7727 = DIRECTION('',(0.,0.,-1.));
#7728 = ORIENTED_EDGE('',*,*,#7729,.T.);
#7729 = EDGE_CURVE('',#7722,#7722,#7730,.T.);
#7730 = CIRCLE('',#7731,0.387392);
#7731 = AXIS2_PLACEMENT_3D('',#7732,#7733,#7734);
#7732 = CARTESIAN_POINT('',(137.31,-122.5,-3.5E-02));
#7733 = DIRECTION('',(0.,0.,1.));
#7734 = DIRECTION('',(1.,0.,-0.));
#7735 = ORIENTED_EDGE('',*,*,#7719,.F.);
#7736 = ORIENTED_EDGE('',*,*,#7737,.F.);
#7737 = EDGE_CURVE('',#7720,#7720,#7738,.T.);
#7738 = CIRCLE('',#7739,0.387392);
#7739 = AXIS2_PLACEMENT_3D('',#7740,#7741,#7742);
#7740 = CARTESIAN_POINT('',(137.31,-122.5,0.));
#7741 = DIRECTION('',(0.,0.,1.));
#7742 = DIRECTION('',(1.,0.,-0.));
#7743 = CYLINDRICAL_SURFACE('',#7744,0.387392);
#7744 = AXIS2_PLACEMENT_3D('',#7745,#7746,#7747);
#7745 = CARTESIAN_POINT('',(137.31,-122.5,0.));
#7746 = DIRECTION('',(0.,0.,1.));
#7747 = DIRECTION('',(1.,0.,-0.));
#7748 = ADVANCED_FACE('',(#7749),#7776,.F.);
#7749 = FACE_BOUND('',#7750,.F.);
#7750 = EDGE_LOOP('',(#7751,#7761,#7768,#7769));
#7751 = ORIENTED_EDGE('',*,*,#7752,.T.);
#7752 = EDGE_CURVE('',#7753,#7755,#7757,.T.);
#7753 = VERTEX_POINT('',#7754);
#7754 = CARTESIAN_POINT('',(165.587392,-116.84,0.));
#7755 = VERTEX_POINT('',#7756);
#7756 = CARTESIAN_POINT('',(165.587392,-116.84,-3.5E-02));
#7757 = LINE('',#7758,#7759);
#7758 = CARTESIAN_POINT('',(165.587392,-116.84,0.));
#7759 = VECTOR('',#7760,1.);
#7760 = DIRECTION('',(0.,0.,-1.));
#7761 = ORIENTED_EDGE('',*,*,#7762,.T.);
#7762 = EDGE_CURVE('',#7755,#7755,#7763,.T.);
#7763 = CIRCLE('',#7764,0.487392);
#7764 = AXIS2_PLACEMENT_3D('',#7765,#7766,#7767);
#7765 = CARTESIAN_POINT('',(165.1,-116.84,-3.5E-02));
#7766 = DIRECTION('',(0.,0.,1.));
#7767 = DIRECTION('',(1.,0.,-0.));
#7768 = ORIENTED_EDGE('',*,*,#7752,.F.);
#7769 = ORIENTED_EDGE('',*,*,#7770,.F.);
#7770 = EDGE_CURVE('',#7753,#7753,#7771,.T.);
#7771 = CIRCLE('',#7772,0.487392);
#7772 = AXIS2_PLACEMENT_3D('',#7773,#7774,#7775);
#7773 = CARTESIAN_POINT('',(165.1,-116.84,0.));
#7774 = DIRECTION('',(0.,0.,1.));
#7775 = DIRECTION('',(1.,0.,-0.));
#7776 = CYLINDRICAL_SURFACE('',#7777,0.487392);
#7777 = AXIS2_PLACEMENT_3D('',#7778,#7779,#7780);
#7778 = CARTESIAN_POINT('',(165.1,-116.84,0.));
#7779 = DIRECTION('',(0.,0.,1.));
#7780 = DIRECTION('',(1.,0.,-0.));
#7781 = ADVANCED_FACE('',(#7782),#7809,.F.);
#7782 = FACE_BOUND('',#7783,.F.);
#7783 = EDGE_LOOP('',(#7784,#7794,#7801,#7802));
#7784 = ORIENTED_EDGE('',*,*,#7785,.T.);
#7785 = EDGE_CURVE('',#7786,#7788,#7790,.T.);
#7786 = VERTEX_POINT('',#7787);
#7787 = CARTESIAN_POINT('',(149.027392,-106.68,0.));
#7788 = VERTEX_POINT('',#7789);
#7789 = CARTESIAN_POINT('',(149.027392,-106.68,-3.5E-02));
#7790 = LINE('',#7791,#7792);
#7791 = CARTESIAN_POINT('',(149.027392,-106.68,0.));
#7792 = VECTOR('',#7793,1.);
#7793 = DIRECTION('',(0.,0.,-1.));
#7794 = ORIENTED_EDGE('',*,*,#7795,.T.);
#7795 = EDGE_CURVE('',#7788,#7788,#7796,.T.);
#7796 = CIRCLE('',#7797,0.587392);
#7797 = AXIS2_PLACEMENT_3D('',#7798,#7799,#7800);
#7798 = CARTESIAN_POINT('',(148.44,-106.68,-3.5E-02));
#7799 = DIRECTION('',(0.,0.,1.));
#7800 = DIRECTION('',(1.,0.,-0.));
#7801 = ORIENTED_EDGE('',*,*,#7785,.F.);
#7802 = ORIENTED_EDGE('',*,*,#7803,.F.);
#7803 = EDGE_CURVE('',#7786,#7786,#7804,.T.);
#7804 = CIRCLE('',#7805,0.587392);
#7805 = AXIS2_PLACEMENT_3D('',#7806,#7807,#7808);
#7806 = CARTESIAN_POINT('',(148.44,-106.68,0.));
#7807 = DIRECTION('',(0.,0.,1.));
#7808 = DIRECTION('',(1.,0.,-0.));
#7809 = CYLINDRICAL_SURFACE('',#7810,0.587392);
#7810 = AXIS2_PLACEMENT_3D('',#7811,#7812,#7813);
#7811 = CARTESIAN_POINT('',(148.44,-106.68,0.));
#7812 = DIRECTION('',(0.,0.,1.));
#7813 = DIRECTION('',(1.,0.,-0.));
#7814 = ADVANCED_FACE('',(#7815),#7842,.F.);
#7815 = FACE_BOUND('',#7816,.F.);
#7816 = EDGE_LOOP('',(#7817,#7827,#7834,#7835));
#7817 = ORIENTED_EDGE('',*,*,#7818,.T.);
#7818 = EDGE_CURVE('',#7819,#7821,#7823,.T.);
#7819 = VERTEX_POINT('',#7820);
#7820 = CARTESIAN_POINT('',(137.647392,-99.06,0.));
#7821 = VERTEX_POINT('',#7822);
#7822 = CARTESIAN_POINT('',(137.647392,-99.06,-3.5E-02));
#7823 = LINE('',#7824,#7825);
#7824 = CARTESIAN_POINT('',(137.647392,-99.06,0.));
#7825 = VECTOR('',#7826,1.);
#7826 = DIRECTION('',(0.,0.,-1.));
#7827 = ORIENTED_EDGE('',*,*,#7828,.T.);
#7828 = EDGE_CURVE('',#7821,#7821,#7829,.T.);
#7829 = CIRCLE('',#7830,0.487392);
#7830 = AXIS2_PLACEMENT_3D('',#7831,#7832,#7833);
#7831 = CARTESIAN_POINT('',(137.16,-99.06,-3.5E-02));
#7832 = DIRECTION('',(0.,0.,1.));
#7833 = DIRECTION('',(1.,0.,-0.));
#7834 = ORIENTED_EDGE('',*,*,#7818,.F.);
#7835 = ORIENTED_EDGE('',*,*,#7836,.F.);
#7836 = EDGE_CURVE('',#7819,#7819,#7837,.T.);
#7837 = CIRCLE('',#7838,0.487392);
#7838 = AXIS2_PLACEMENT_3D('',#7839,#7840,#7841);
#7839 = CARTESIAN_POINT('',(137.16,-99.06,0.));
#7840 = DIRECTION('',(0.,0.,1.));
#7841 = DIRECTION('',(1.,0.,-0.));
#7842 = CYLINDRICAL_SURFACE('',#7843,0.487392);
#7843 = AXIS2_PLACEMENT_3D('',#7844,#7845,#7846);
#7844 = CARTESIAN_POINT('',(137.16,-99.06,0.));
#7845 = DIRECTION('',(0.,0.,1.));
#7846 = DIRECTION('',(1.,0.,-0.));
#7847 = ADVANCED_FACE('',(#7848),#7875,.F.);
#7848 = FACE_BOUND('',#7849,.F.);
#7849 = EDGE_LOOP('',(#7850,#7860,#7867,#7868));
#7850 = ORIENTED_EDGE('',*,*,#7851,.T.);
#7851 = EDGE_CURVE('',#7852,#7854,#7856,.T.);
#7852 = VERTEX_POINT('',#7853);
#7853 = CARTESIAN_POINT('',(133.797392,-99.06,0.));
#7854 = VERTEX_POINT('',#7855);
#7855 = CARTESIAN_POINT('',(133.797392,-99.06,-3.5E-02));
#7856 = LINE('',#7857,#7858);
#7857 = CARTESIAN_POINT('',(133.797392,-99.06,0.));
#7858 = VECTOR('',#7859,1.);
#7859 = DIRECTION('',(0.,0.,-1.));
#7860 = ORIENTED_EDGE('',*,*,#7861,.T.);
#7861 = EDGE_CURVE('',#7854,#7854,#7862,.T.);
#7862 = CIRCLE('',#7863,0.387392);
#7863 = AXIS2_PLACEMENT_3D('',#7864,#7865,#7866);
#7864 = CARTESIAN_POINT('',(133.41,-99.06,-3.5E-02));
#7865 = DIRECTION('',(0.,0.,1.));
#7866 = DIRECTION('',(1.,0.,-0.));
#7867 = ORIENTED_EDGE('',*,*,#7851,.F.);
#7868 = ORIENTED_EDGE('',*,*,#7869,.F.);
#7869 = EDGE_CURVE('',#7852,#7852,#7870,.T.);
#7870 = CIRCLE('',#7871,0.387392);
#7871 = AXIS2_PLACEMENT_3D('',#7872,#7873,#7874);
#7872 = CARTESIAN_POINT('',(133.41,-99.06,0.));
#7873 = DIRECTION('',(0.,0.,1.));
#7874 = DIRECTION('',(1.,0.,-0.));
#7875 = CYLINDRICAL_SURFACE('',#7876,0.387392);
#7876 = AXIS2_PLACEMENT_3D('',#7877,#7878,#7879);
#7877 = CARTESIAN_POINT('',(133.41,-99.06,0.));
#7878 = DIRECTION('',(0.,0.,1.));
#7879 = DIRECTION('',(1.,0.,-0.));
#7880 = ADVANCED_FACE('',(#7881,#7924,#7927,#7930,#7933,#7936,#7939),
  #7942,.F.);
#7881 = FACE_BOUND('',#7882,.F.);
#7882 = EDGE_LOOP('',(#7883,#7884,#7885,#7886,#7887,#7888,#7889,#7890,
    #7891,#7892,#7893,#7894,#7895,#7896,#7897,#7898,#7899,#7900,#7901,
    #7902,#7903,#7904,#7905,#7906,#7907,#7908,#7909,#7910,#7911,#7912,
    #7913,#7914,#7915,#7916,#7917,#7918,#7919,#7920,#7921,#7922,#7923));
#7883 = ORIENTED_EDGE('',*,*,#6420,.T.);
#7884 = ORIENTED_EDGE('',*,*,#6452,.T.);
#7885 = ORIENTED_EDGE('',*,*,#6483,.T.);
#7886 = ORIENTED_EDGE('',*,*,#6515,.T.);
#7887 = ORIENTED_EDGE('',*,*,#6547,.T.);
#7888 = ORIENTED_EDGE('',*,*,#6578,.T.);
#7889 = ORIENTED_EDGE('',*,*,#6609,.T.);
#7890 = ORIENTED_EDGE('',*,*,#6640,.T.);
#7891 = ORIENTED_EDGE('',*,*,#6671,.T.);
#7892 = ORIENTED_EDGE('',*,*,#6703,.T.);
#7893 = ORIENTED_EDGE('',*,*,#6735,.T.);
#7894 = ORIENTED_EDGE('',*,*,#6766,.T.);
#7895 = ORIENTED_EDGE('',*,*,#6798,.T.);
#7896 = ORIENTED_EDGE('',*,*,#6830,.T.);
#7897 = ORIENTED_EDGE('',*,*,#6862,.T.);
#7898 = ORIENTED_EDGE('',*,*,#6894,.T.);
#7899 = ORIENTED_EDGE('',*,*,#6925,.T.);
#7900 = ORIENTED_EDGE('',*,*,#6957,.T.);
#7901 = ORIENTED_EDGE('',*,*,#6989,.T.);
#7902 = ORIENTED_EDGE('',*,*,#7020,.T.);
#7903 = ORIENTED_EDGE('',*,*,#7051,.T.);
#7904 = ORIENTED_EDGE('',*,*,#7082,.T.);
#7905 = ORIENTED_EDGE('',*,*,#7113,.T.);
#7906 = ORIENTED_EDGE('',*,*,#7144,.T.);
#7907 = ORIENTED_EDGE('',*,*,#7175,.T.);
#7908 = ORIENTED_EDGE('',*,*,#7206,.T.);
#7909 = ORIENTED_EDGE('',*,*,#7238,.T.);
#7910 = ORIENTED_EDGE('',*,*,#7270,.T.);
#7911 = ORIENTED_EDGE('',*,*,#7302,.T.);
#7912 = ORIENTED_EDGE('',*,*,#7334,.T.);
#7913 = ORIENTED_EDGE('',*,*,#7366,.T.);
#7914 = ORIENTED_EDGE('',*,*,#7398,.T.);
#7915 = ORIENTED_EDGE('',*,*,#7430,.T.);
#7916 = ORIENTED_EDGE('',*,*,#7462,.T.);
#7917 = ORIENTED_EDGE('',*,*,#7494,.T.);
#7918 = ORIENTED_EDGE('',*,*,#7526,.T.);
#7919 = ORIENTED_EDGE('',*,*,#7557,.T.);
#7920 = ORIENTED_EDGE('',*,*,#7588,.T.);
#7921 = ORIENTED_EDGE('',*,*,#7619,.T.);
#7922 = ORIENTED_EDGE('',*,*,#7650,.T.);
#7923 = ORIENTED_EDGE('',*,*,#7672,.T.);
#7924 = FACE_BOUND('',#7925,.F.);
#7925 = EDGE_LOOP('',(#7926));
#7926 = ORIENTED_EDGE('',*,*,#7704,.T.);
#7927 = FACE_BOUND('',#7928,.F.);
#7928 = EDGE_LOOP('',(#7929));
#7929 = ORIENTED_EDGE('',*,*,#7737,.T.);
#7930 = FACE_BOUND('',#7931,.F.);
#7931 = EDGE_LOOP('',(#7932));
#7932 = ORIENTED_EDGE('',*,*,#7770,.T.);
#7933 = FACE_BOUND('',#7934,.F.);
#7934 = EDGE_LOOP('',(#7935));
#7935 = ORIENTED_EDGE('',*,*,#7803,.T.);
#7936 = FACE_BOUND('',#7937,.F.);
#7937 = EDGE_LOOP('',(#7938));
#7938 = ORIENTED_EDGE('',*,*,#7836,.T.);
#7939 = FACE_BOUND('',#7940,.F.);
#7940 = EDGE_LOOP('',(#7941));
#7941 = ORIENTED_EDGE('',*,*,#7869,.T.);
#7942 = PLANE('',#7943);
#7943 = AXIS2_PLACEMENT_3D('',#7944,#7945,#7946);
#7944 = CARTESIAN_POINT('',(0.,0.,0.));
#7945 = DIRECTION('',(-0.,-0.,-1.));
#7946 = DIRECTION('',(-1.,0.,0.));
#7947 = ADVANCED_FACE('',(#7948,#7991,#7994,#7997,#8000,#8003,#8006),
  #8009,.T.);
#7948 = FACE_BOUND('',#7949,.T.);
#7949 = EDGE_LOOP('',(#7950,#7951,#7952,#7953,#7954,#7955,#7956,#7957,
    #7958,#7959,#7960,#7961,#7962,#7963,#7964,#7965,#7966,#7967,#7968,
    #7969,#7970,#7971,#7972,#7973,#7974,#7975,#7976,#7977,#7978,#7979,
    #7980,#7981,#7982,#7983,#7984,#7985,#7986,#7987,#7988,#7989,#7990));
#7950 = ORIENTED_EDGE('',*,*,#6403,.T.);
#7951 = ORIENTED_EDGE('',*,*,#6436,.T.);
#7952 = ORIENTED_EDGE('',*,*,#6467,.T.);
#7953 = ORIENTED_EDGE('',*,*,#6498,.T.);
#7954 = ORIENTED_EDGE('',*,*,#6531,.T.);
#7955 = ORIENTED_EDGE('',*,*,#6562,.T.);
#7956 = ORIENTED_EDGE('',*,*,#6593,.T.);
#7957 = ORIENTED_EDGE('',*,*,#6624,.T.);
#7958 = ORIENTED_EDGE('',*,*,#6655,.T.);
#7959 = ORIENTED_EDGE('',*,*,#6686,.T.);
#7960 = ORIENTED_EDGE('',*,*,#6719,.T.);
#7961 = ORIENTED_EDGE('',*,*,#6750,.T.);
#7962 = ORIENTED_EDGE('',*,*,#6781,.T.);
#7963 = ORIENTED_EDGE('',*,*,#6814,.T.);
#7964 = ORIENTED_EDGE('',*,*,#6845,.T.);
#7965 = ORIENTED_EDGE('',*,*,#6878,.T.);
#7966 = ORIENTED_EDGE('',*,*,#6909,.T.);
#7967 = ORIENTED_EDGE('',*,*,#6940,.T.);
#7968 = ORIENTED_EDGE('',*,*,#6973,.T.);
#7969 = ORIENTED_EDGE('',*,*,#7004,.T.);
#7970 = ORIENTED_EDGE('',*,*,#7035,.T.);
#7971 = ORIENTED_EDGE('',*,*,#7066,.T.);
#7972 = ORIENTED_EDGE('',*,*,#7097,.T.);
#7973 = ORIENTED_EDGE('',*,*,#7128,.T.);
#7974 = ORIENTED_EDGE('',*,*,#7159,.T.);
#7975 = ORIENTED_EDGE('',*,*,#7190,.T.);
#7976 = ORIENTED_EDGE('',*,*,#7221,.T.);
#7977 = ORIENTED_EDGE('',*,*,#7254,.T.);
#7978 = ORIENTED_EDGE('',*,*,#7285,.T.);
#7979 = ORIENTED_EDGE('',*,*,#7318,.T.);
#7980 = ORIENTED_EDGE('',*,*,#7349,.T.);
#7981 = ORIENTED_EDGE('',*,*,#7382,.T.);
#7982 = ORIENTED_EDGE('',*,*,#7413,.T.);
#7983 = ORIENTED_EDGE('',*,*,#7446,.T.);
#7984 = ORIENTED_EDGE('',*,*,#7477,.T.);
#7985 = ORIENTED_EDGE('',*,*,#7510,.T.);
#7986 = ORIENTED_EDGE('',*,*,#7541,.T.);
#7987 = ORIENTED_EDGE('',*,*,#7572,.T.);
#7988 = ORIENTED_EDGE('',*,*,#7603,.T.);
#7989 = ORIENTED_EDGE('',*,*,#7634,.T.);
#7990 = ORIENTED_EDGE('',*,*,#7665,.T.);
#7991 = FACE_BOUND('',#7992,.T.);
#7992 = EDGE_LOOP('',(#7993));
#7993 = ORIENTED_EDGE('',*,*,#7696,.T.);
#7994 = FACE_BOUND('',#7995,.T.);
#7995 = EDGE_LOOP('',(#7996));
#7996 = ORIENTED_EDGE('',*,*,#7729,.T.);
#7997 = FACE_BOUND('',#7998,.T.);
#7998 = EDGE_LOOP('',(#7999));
#7999 = ORIENTED_EDGE('',*,*,#7762,.T.);
#8000 = FACE_BOUND('',#8001,.T.);
#8001 = EDGE_LOOP('',(#8002));
#8002 = ORIENTED_EDGE('',*,*,#7795,.T.);
#8003 = FACE_BOUND('',#8004,.T.);
#8004 = EDGE_LOOP('',(#8005));
#8005 = ORIENTED_EDGE('',*,*,#7828,.T.);
#8006 = FACE_BOUND('',#8007,.T.);
#8007 = EDGE_LOOP('',(#8008));
#8008 = ORIENTED_EDGE('',*,*,#7861,.T.);
#8009 = PLANE('',#8010);
#8010 = AXIS2_PLACEMENT_3D('',#8011,#8012,#8013);
#8011 = CARTESIAN_POINT('',(0.,0.,-3.5E-02));
#8012 = DIRECTION('',(-0.,-0.,-1.));
#8013 = DIRECTION('',(-1.,0.,0.));
#8014 = MANIFOLD_SOLID_BREP('',#8015);
#8015 = CLOSED_SHELL('',(#8016,#8056,#8089,#8120,#8153,#8184,#8215,#8248
    ,#8279,#8312,#8334,#8367,#8400,#8424));
#8016 = ADVANCED_FACE('',(#8017),#8051,.F.);
#8017 = FACE_BOUND('',#8018,.F.);
#8018 = EDGE_LOOP('',(#8019,#8029,#8037,#8045));
#8019 = ORIENTED_EDGE('',*,*,#8020,.T.);
#8020 = EDGE_CURVE('',#8021,#8023,#8025,.T.);
#8021 = VERTEX_POINT('',#8022);
#8022 = CARTESIAN_POINT('',(126.88,-117.144416,0.));
#8023 = VERTEX_POINT('',#8024);
#8024 = CARTESIAN_POINT('',(126.88,-117.144416,-3.5E-02));
#8025 = LINE('',#8026,#8027);
#8026 = CARTESIAN_POINT('',(126.88,-117.144416,0.));
#8027 = VECTOR('',#8028,1.);
#8028 = DIRECTION('',(0.,0.,-1.));
#8029 = ORIENTED_EDGE('',*,*,#8030,.T.);
#8030 = EDGE_CURVE('',#8023,#8031,#8033,.T.);
#8031 = VERTEX_POINT('',#8032);
#8032 = CARTESIAN_POINT('',(130.397107,-120.661523,-3.5E-02));
#8033 = LINE('',#8034,#8035);
#8034 = CARTESIAN_POINT('',(126.88,-117.144416,-3.5E-02));
#8035 = VECTOR('',#8036,1.);
#8036 = DIRECTION('',(0.707106781187,-0.707106781187,0.));
#8037 = ORIENTED_EDGE('',*,*,#8038,.F.);
#8038 = EDGE_CURVE('',#8039,#8031,#8041,.T.);
#8039 = VERTEX_POINT('',#8040);
#8040 = CARTESIAN_POINT('',(130.397107,-120.661523,0.));
#8041 = LINE('',#8042,#8043);
#8042 = CARTESIAN_POINT('',(130.397107,-120.661523,0.));
#8043 = VECTOR('',#8044,1.);
#8044 = DIRECTION('',(0.,0.,-1.));
#8045 = ORIENTED_EDGE('',*,*,#8046,.F.);
#8046 = EDGE_CURVE('',#8021,#8039,#8047,.T.);
#8047 = LINE('',#8048,#8049);
#8048 = CARTESIAN_POINT('',(126.88,-117.144416,0.));
#8049 = VECTOR('',#8050,1.);
#8050 = DIRECTION('',(0.707106781187,-0.707106781187,0.));
#8051 = PLANE('',#8052);
#8052 = AXIS2_PLACEMENT_3D('',#8053,#8054,#8055);
#8053 = CARTESIAN_POINT('',(126.88,-117.144416,0.));
#8054 = DIRECTION('',(-0.707106781187,-0.707106781187,-0.));
#8055 = DIRECTION('',(0.707106781187,-0.707106781187,0.));
#8056 = ADVANCED_FACE('',(#8057),#8084,.T.);
#8057 = FACE_BOUND('',#8058,.F.);
#8058 = EDGE_LOOP('',(#8059,#8060,#8069,#8077));
#8059 = ORIENTED_EDGE('',*,*,#8038,.T.);
#8060 = ORIENTED_EDGE('',*,*,#8061,.T.);
#8061 = EDGE_CURVE('',#8031,#8062,#8064,.T.);
#8062 = VERTEX_POINT('',#8063);
#8063 = CARTESIAN_POINT('',(130.69,-121.36863,-3.5E-02));
#8064 = CIRCLE('',#8065,1.000010194009);
#8065 = AXIS2_PLACEMENT_3D('',#8066,#8067,#8068);
#8066 = CARTESIAN_POINT('',(129.68998980599,-121.3686337848,-3.5E-02));
#8067 = DIRECTION('',(0.,0.,-1.));
#8068 = DIRECTION('',(0.707109985716,0.707103576642,0.));
#8069 = ORIENTED_EDGE('',*,*,#8070,.F.);
#8070 = EDGE_CURVE('',#8071,#8062,#8073,.T.);
#8071 = VERTEX_POINT('',#8072);
#8072 = CARTESIAN_POINT('',(130.69,-121.36863,0.));
#8073 = LINE('',#8074,#8075);
#8074 = CARTESIAN_POINT('',(130.69,-121.36863,0.));
#8075 = VECTOR('',#8076,1.);
#8076 = DIRECTION('',(0.,0.,-1.));
#8077 = ORIENTED_EDGE('',*,*,#8078,.F.);
#8078 = EDGE_CURVE('',#8039,#8071,#8079,.T.);
#8079 = CIRCLE('',#8080,1.000010194009);
#8080 = AXIS2_PLACEMENT_3D('',#8081,#8082,#8083);
#8081 = CARTESIAN_POINT('',(129.68998980599,-121.3686337848,0.));
#8082 = DIRECTION('',(0.,0.,-1.));
#8083 = DIRECTION('',(0.707109985716,0.707103576642,0.));
#8084 = CYLINDRICAL_SURFACE('',#8085,1.000010194009);
#8085 = AXIS2_PLACEMENT_3D('',#8086,#8087,#8088);
#8086 = CARTESIAN_POINT('',(129.68998980599,-121.3686337848,0.));
#8087 = DIRECTION('',(-0.,-0.,1.));
#8088 = DIRECTION('',(0.707109985716,0.707103576642,0.));
#8089 = ADVANCED_FACE('',(#8090),#8115,.F.);
#8090 = FACE_BOUND('',#8091,.F.);
#8091 = EDGE_LOOP('',(#8092,#8093,#8101,#8109));
#8092 = ORIENTED_EDGE('',*,*,#8070,.T.);
#8093 = ORIENTED_EDGE('',*,*,#8094,.T.);
#8094 = EDGE_CURVE('',#8062,#8095,#8097,.T.);
#8095 = VERTEX_POINT('',#8096);
#8096 = CARTESIAN_POINT('',(130.69,-122.5,-3.5E-02));
#8097 = LINE('',#8098,#8099);
#8098 = CARTESIAN_POINT('',(130.69,-121.36863,-3.5E-02));
#8099 = VECTOR('',#8100,1.);
#8100 = DIRECTION('',(0.,-1.,0.));
#8101 = ORIENTED_EDGE('',*,*,#8102,.F.);
#8102 = EDGE_CURVE('',#8103,#8095,#8105,.T.);
#8103 = VERTEX_POINT('',#8104);
#8104 = CARTESIAN_POINT('',(130.69,-122.5,0.));
#8105 = LINE('',#8106,#8107);
#8106 = CARTESIAN_POINT('',(130.69,-122.5,0.));
#8107 = VECTOR('',#8108,1.);
#8108 = DIRECTION('',(0.,0.,-1.));
#8109 = ORIENTED_EDGE('',*,*,#8110,.F.);
#8110 = EDGE_CURVE('',#8071,#8103,#8111,.T.);
#8111 = LINE('',#8112,#8113);
#8112 = CARTESIAN_POINT('',(130.69,-121.36863,0.));
#8113 = VECTOR('',#8114,1.);
#8114 = DIRECTION('',(0.,-1.,0.));
#8115 = PLANE('',#8116);
#8116 = AXIS2_PLACEMENT_3D('',#8117,#8118,#8119);
#8117 = CARTESIAN_POINT('',(130.69,-121.36863,0.));
#8118 = DIRECTION('',(-1.,-0.,-0.));
#8119 = DIRECTION('',(0.,-1.,0.));
#8120 = ADVANCED_FACE('',(#8121),#8148,.T.);
#8121 = FACE_BOUND('',#8122,.F.);
#8122 = EDGE_LOOP('',(#8123,#8124,#8133,#8141));
#8123 = ORIENTED_EDGE('',*,*,#8102,.T.);
#8124 = ORIENTED_EDGE('',*,*,#8125,.T.);
#8125 = EDGE_CURVE('',#8095,#8126,#8128,.T.);
#8126 = VERTEX_POINT('',#8127);
#8127 = CARTESIAN_POINT('',(128.69,-122.5,-3.5E-02));
#8128 = CIRCLE('',#8129,1.);
#8129 = AXIS2_PLACEMENT_3D('',#8130,#8131,#8132);
#8130 = CARTESIAN_POINT('',(129.69,-122.5000002595,-3.5E-02));
#8131 = DIRECTION('',(0.,0.,-1.));
#8132 = DIRECTION('',(1.,2.595065211608E-07,0.));
#8133 = ORIENTED_EDGE('',*,*,#8134,.F.);
#8134 = EDGE_CURVE('',#8135,#8126,#8137,.T.);
#8135 = VERTEX_POINT('',#8136);
#8136 = CARTESIAN_POINT('',(128.69,-122.5,0.));
#8137 = LINE('',#8138,#8139);
#8138 = CARTESIAN_POINT('',(128.69,-122.5,0.));
#8139 = VECTOR('',#8140,1.);
#8140 = DIRECTION('',(0.,0.,-1.));
#8141 = ORIENTED_EDGE('',*,*,#8142,.F.);
#8142 = EDGE_CURVE('',#8103,#8135,#8143,.T.);
#8143 = CIRCLE('',#8144,1.);
#8144 = AXIS2_PLACEMENT_3D('',#8145,#8146,#8147);
#8145 = CARTESIAN_POINT('',(129.69,-122.5000002595,0.));
#8146 = DIRECTION('',(0.,0.,-1.));
#8147 = DIRECTION('',(1.,2.595065211608E-07,0.));
#8148 = CYLINDRICAL_SURFACE('',#8149,1.);
#8149 = AXIS2_PLACEMENT_3D('',#8150,#8151,#8152);
#8150 = CARTESIAN_POINT('',(129.69,-122.5000002595,0.));
#8151 = DIRECTION('',(-0.,-0.,1.));
#8152 = DIRECTION('',(1.,2.595065211608E-07,0.));
#8153 = ADVANCED_FACE('',(#8154),#8179,.F.);
#8154 = FACE_BOUND('',#8155,.F.);
#8155 = EDGE_LOOP('',(#8156,#8157,#8165,#8173));
#8156 = ORIENTED_EDGE('',*,*,#8134,.T.);
#8157 = ORIENTED_EDGE('',*,*,#8158,.T.);
#8158 = EDGE_CURVE('',#8126,#8159,#8161,.T.);
#8159 = VERTEX_POINT('',#8160);
#8160 = CARTESIAN_POINT('',(128.69,-121.782844,-3.5E-02));
#8161 = LINE('',#8162,#8163);
#8162 = CARTESIAN_POINT('',(128.69,-122.5,-3.5E-02));
#8163 = VECTOR('',#8164,1.);
#8164 = DIRECTION('',(0.,1.,0.));
#8165 = ORIENTED_EDGE('',*,*,#8166,.F.);
#8166 = EDGE_CURVE('',#8167,#8159,#8169,.T.);
#8167 = VERTEX_POINT('',#8168);
#8168 = CARTESIAN_POINT('',(128.69,-121.782844,0.));
#8169 = LINE('',#8170,#8171);
#8170 = CARTESIAN_POINT('',(128.69,-121.782844,0.));
#8171 = VECTOR('',#8172,1.);
#8172 = DIRECTION('',(0.,0.,-1.));
#8173 = ORIENTED_EDGE('',*,*,#8174,.F.);
#8174 = EDGE_CURVE('',#8135,#8167,#8175,.T.);
#8175 = LINE('',#8176,#8177);
#8176 = CARTESIAN_POINT('',(128.69,-122.5,0.));
#8177 = VECTOR('',#8178,1.);
#8178 = DIRECTION('',(0.,1.,0.));
#8179 = PLANE('',#8180);
#8180 = AXIS2_PLACEMENT_3D('',#8181,#8182,#8183);
#8181 = CARTESIAN_POINT('',(128.69,-122.5,0.));
#8182 = DIRECTION('',(1.,-0.,0.));
#8183 = DIRECTION('',(0.,1.,0.));
#8184 = ADVANCED_FACE('',(#8185),#8210,.F.);
#8185 = FACE_BOUND('',#8186,.F.);
#8186 = EDGE_LOOP('',(#8187,#8188,#8196,#8204));
#8187 = ORIENTED_EDGE('',*,*,#8166,.T.);
#8188 = ORIENTED_EDGE('',*,*,#8189,.T.);
#8189 = EDGE_CURVE('',#8159,#8190,#8192,.T.);
#8190 = VERTEX_POINT('',#8191);
#8191 = CARTESIAN_POINT('',(125.172893,-118.265737,-3.5E-02));
#8192 = LINE('',#8193,#8194);
#8193 = CARTESIAN_POINT('',(128.69,-121.782844,-3.5E-02));
#8194 = VECTOR('',#8195,1.);
#8195 = DIRECTION('',(-0.707106781187,0.707106781187,0.));
#8196 = ORIENTED_EDGE('',*,*,#8197,.F.);
#8197 = EDGE_CURVE('',#8198,#8190,#8200,.T.);
#8198 = VERTEX_POINT('',#8199);
#8199 = CARTESIAN_POINT('',(125.172893,-118.265737,0.));
#8200 = LINE('',#8201,#8202);
#8201 = CARTESIAN_POINT('',(125.172893,-118.265737,0.));
#8202 = VECTOR('',#8203,1.);
#8203 = DIRECTION('',(0.,0.,-1.));
#8204 = ORIENTED_EDGE('',*,*,#8205,.F.);
#8205 = EDGE_CURVE('',#8167,#8198,#8206,.T.);
#8206 = LINE('',#8207,#8208);
#8207 = CARTESIAN_POINT('',(128.69,-121.782844,0.));
#8208 = VECTOR('',#8209,1.);
#8209 = DIRECTION('',(-0.707106781187,0.707106781187,0.));
#8210 = PLANE('',#8211);
#8211 = AXIS2_PLACEMENT_3D('',#8212,#8213,#8214);
#8212 = CARTESIAN_POINT('',(128.69,-121.782844,0.));
#8213 = DIRECTION('',(0.707106781187,0.707106781187,0.));
#8214 = DIRECTION('',(-0.707106781187,0.707106781187,0.));
#8215 = ADVANCED_FACE('',(#8216),#8243,.T.);
#8216 = FACE_BOUND('',#8217,.F.);
#8217 = EDGE_LOOP('',(#8218,#8219,#8228,#8236));
#8218 = ORIENTED_EDGE('',*,*,#8197,.T.);
#8219 = ORIENTED_EDGE('',*,*,#8220,.T.);
#8220 = EDGE_CURVE('',#8190,#8221,#8223,.T.);
#8221 = VERTEX_POINT('',#8222);
#8222 = CARTESIAN_POINT('',(124.88,-117.55863,-3.5E-02));
#8223 = CIRCLE('',#8224,1.000004086185);
#8224 = AXIS2_PLACEMENT_3D('',#8225,#8226,#8227);
#8225 = CARTESIAN_POINT('',(125.88000408618,-117.558628745,-3.5E-02));
#8226 = DIRECTION('',(0.,0.,-1.));
#8227 = DIRECTION('',(-0.707108196809,-0.707105365561,-0.));
#8228 = ORIENTED_EDGE('',*,*,#8229,.F.);
#8229 = EDGE_CURVE('',#8230,#8221,#8232,.T.);
#8230 = VERTEX_POINT('',#8231);
#8231 = CARTESIAN_POINT('',(124.88,-117.55863,0.));
#8232 = LINE('',#8233,#8234);
#8233 = CARTESIAN_POINT('',(124.88,-117.55863,0.));
#8234 = VECTOR('',#8235,1.);
#8235 = DIRECTION('',(0.,0.,-1.));
#8236 = ORIENTED_EDGE('',*,*,#8237,.F.);
#8237 = EDGE_CURVE('',#8198,#8230,#8238,.T.);
#8238 = CIRCLE('',#8239,1.000004086185);
#8239 = AXIS2_PLACEMENT_3D('',#8240,#8241,#8242);
#8240 = CARTESIAN_POINT('',(125.88000408618,-117.558628745,0.));
#8241 = DIRECTION('',(0.,0.,-1.));
#8242 = DIRECTION('',(-0.707108196809,-0.707105365561,-0.));
#8243 = CYLINDRICAL_SURFACE('',#8244,1.000004086185);
#8244 = AXIS2_PLACEMENT_3D('',#8245,#8246,#8247);
#8245 = CARTESIAN_POINT('',(125.88000408618,-117.558628745,0.));
#8246 = DIRECTION('',(-0.,-0.,1.));
#8247 = DIRECTION('',(-0.707108196809,-0.707105365561,-0.));
#8248 = ADVANCED_FACE('',(#8249),#8274,.F.);
#8249 = FACE_BOUND('',#8250,.F.);
#8250 = EDGE_LOOP('',(#8251,#8252,#8260,#8268));
#8251 = ORIENTED_EDGE('',*,*,#8229,.T.);
#8252 = ORIENTED_EDGE('',*,*,#8253,.T.);
#8253 = EDGE_CURVE('',#8221,#8254,#8256,.T.);
#8254 = VERTEX_POINT('',#8255);
#8255 = CARTESIAN_POINT('',(124.88,-110.,-3.5E-02));
#8256 = LINE('',#8257,#8258);
#8257 = CARTESIAN_POINT('',(124.88,-117.55863,-3.5E-02));
#8258 = VECTOR('',#8259,1.);
#8259 = DIRECTION('',(0.,1.,0.));
#8260 = ORIENTED_EDGE('',*,*,#8261,.F.);
#8261 = EDGE_CURVE('',#8262,#8254,#8264,.T.);
#8262 = VERTEX_POINT('',#8263);
#8263 = CARTESIAN_POINT('',(124.88,-110.,0.));
#8264 = LINE('',#8265,#8266);
#8265 = CARTESIAN_POINT('',(124.88,-110.,0.));
#8266 = VECTOR('',#8267,1.);
#8267 = DIRECTION('',(0.,0.,-1.));
#8268 = ORIENTED_EDGE('',*,*,#8269,.F.);
#8269 = EDGE_CURVE('',#8230,#8262,#8270,.T.);
#8270 = LINE('',#8271,#8272);
#8271 = CARTESIAN_POINT('',(124.88,-117.55863,0.));
#8272 = VECTOR('',#8273,1.);
#8273 = DIRECTION('',(0.,1.,0.));
#8274 = PLANE('',#8275);
#8275 = AXIS2_PLACEMENT_3D('',#8276,#8277,#8278);
#8276 = CARTESIAN_POINT('',(124.88,-117.55863,0.));
#8277 = DIRECTION('',(1.,-0.,0.));
#8278 = DIRECTION('',(0.,1.,0.));
#8279 = ADVANCED_FACE('',(#8280),#8307,.T.);
#8280 = FACE_BOUND('',#8281,.F.);
#8281 = EDGE_LOOP('',(#8282,#8283,#8292,#8300));
#8282 = ORIENTED_EDGE('',*,*,#8261,.T.);
#8283 = ORIENTED_EDGE('',*,*,#8284,.T.);
#8284 = EDGE_CURVE('',#8254,#8285,#8287,.T.);
#8285 = VERTEX_POINT('',#8286);
#8286 = CARTESIAN_POINT('',(126.88,-110.,-3.5E-02));
#8287 = CIRCLE('',#8288,1.);
#8288 = AXIS2_PLACEMENT_3D('',#8289,#8290,#8291);
#8289 = CARTESIAN_POINT('',(125.88,-110.0000002313,-3.5E-02));
#8290 = DIRECTION('',(0.,0.,-1.));
#8291 = DIRECTION('',(-1.,2.313867213388E-07,0.));
#8292 = ORIENTED_EDGE('',*,*,#8293,.F.);
#8293 = EDGE_CURVE('',#8294,#8285,#8296,.T.);
#8294 = VERTEX_POINT('',#8295);
#8295 = CARTESIAN_POINT('',(126.88,-110.,0.));
#8296 = LINE('',#8297,#8298);
#8297 = CARTESIAN_POINT('',(126.88,-110.,0.));
#8298 = VECTOR('',#8299,1.);
#8299 = DIRECTION('',(0.,0.,-1.));
#8300 = ORIENTED_EDGE('',*,*,#8301,.F.);
#8301 = EDGE_CURVE('',#8262,#8294,#8302,.T.);
#8302 = CIRCLE('',#8303,1.);
#8303 = AXIS2_PLACEMENT_3D('',#8304,#8305,#8306);
#8304 = CARTESIAN_POINT('',(125.88,-110.0000002313,0.));
#8305 = DIRECTION('',(0.,0.,-1.));
#8306 = DIRECTION('',(-1.,2.313867213388E-07,0.));
#8307 = CYLINDRICAL_SURFACE('',#8308,1.);
#8308 = AXIS2_PLACEMENT_3D('',#8309,#8310,#8311);
#8309 = CARTESIAN_POINT('',(125.88,-110.0000002313,0.));
#8310 = DIRECTION('',(-0.,-0.,1.));
#8311 = DIRECTION('',(-1.,2.313867213388E-07,0.));
#8312 = ADVANCED_FACE('',(#8313),#8329,.F.);
#8313 = FACE_BOUND('',#8314,.F.);
#8314 = EDGE_LOOP('',(#8315,#8316,#8322,#8323));
#8315 = ORIENTED_EDGE('',*,*,#8293,.T.);
#8316 = ORIENTED_EDGE('',*,*,#8317,.T.);
#8317 = EDGE_CURVE('',#8285,#8023,#8318,.T.);
#8318 = LINE('',#8319,#8320);
#8319 = CARTESIAN_POINT('',(126.88,-110.,-3.5E-02));
#8320 = VECTOR('',#8321,1.);
#8321 = DIRECTION('',(0.,-1.,0.));
#8322 = ORIENTED_EDGE('',*,*,#8020,.F.);
#8323 = ORIENTED_EDGE('',*,*,#8324,.F.);
#8324 = EDGE_CURVE('',#8294,#8021,#8325,.T.);
#8325 = LINE('',#8326,#8327);
#8326 = CARTESIAN_POINT('',(126.88,-110.,0.));
#8327 = VECTOR('',#8328,1.);
#8328 = DIRECTION('',(0.,-1.,0.));
#8329 = PLANE('',#8330);
#8330 = AXIS2_PLACEMENT_3D('',#8331,#8332,#8333);
#8331 = CARTESIAN_POINT('',(126.88,-110.,0.));
#8332 = DIRECTION('',(-1.,-0.,-0.));
#8333 = DIRECTION('',(0.,-1.,0.));
#8334 = ADVANCED_FACE('',(#8335),#8362,.F.);
#8335 = FACE_BOUND('',#8336,.F.);
#8336 = EDGE_LOOP('',(#8337,#8347,#8354,#8355));
#8337 = ORIENTED_EDGE('',*,*,#8338,.T.);
#8338 = EDGE_CURVE('',#8339,#8341,#8343,.T.);
#8339 = VERTEX_POINT('',#8340);
#8340 = CARTESIAN_POINT('',(130.077392,-122.5,0.));
#8341 = VERTEX_POINT('',#8342);
#8342 = CARTESIAN_POINT('',(130.077392,-122.5,-3.5E-02));
#8343 = LINE('',#8344,#8345);
#8344 = CARTESIAN_POINT('',(130.077392,-122.5,0.));
#8345 = VECTOR('',#8346,1.);
#8346 = DIRECTION('',(0.,0.,-1.));
#8347 = ORIENTED_EDGE('',*,*,#8348,.T.);
#8348 = EDGE_CURVE('',#8341,#8341,#8349,.T.);
#8349 = CIRCLE('',#8350,0.387392);
#8350 = AXIS2_PLACEMENT_3D('',#8351,#8352,#8353);
#8351 = CARTESIAN_POINT('',(129.69,-122.5,-3.5E-02));
#8352 = DIRECTION('',(0.,0.,1.));
#8353 = DIRECTION('',(1.,0.,-0.));
#8354 = ORIENTED_EDGE('',*,*,#8338,.F.);
#8355 = ORIENTED_EDGE('',*,*,#8356,.F.);
#8356 = EDGE_CURVE('',#8339,#8339,#8357,.T.);
#8357 = CIRCLE('',#8358,0.387392);
#8358 = AXIS2_PLACEMENT_3D('',#8359,#8360,#8361);
#8359 = CARTESIAN_POINT('',(129.69,-122.5,0.));
#8360 = DIRECTION('',(0.,0.,1.));
#8361 = DIRECTION('',(1.,0.,-0.));
#8362 = CYLINDRICAL_SURFACE('',#8363,0.387392);
#8363 = AXIS2_PLACEMENT_3D('',#8364,#8365,#8366);
#8364 = CARTESIAN_POINT('',(129.69,-122.5,0.));
#8365 = DIRECTION('',(0.,0.,1.));
#8366 = DIRECTION('',(1.,0.,-0.));
#8367 = ADVANCED_FACE('',(#8368),#8395,.F.);
#8368 = FACE_BOUND('',#8369,.F.);
#8369 = EDGE_LOOP('',(#8370,#8380,#8387,#8388));
#8370 = ORIENTED_EDGE('',*,*,#8371,.T.);
#8371 = EDGE_CURVE('',#8372,#8374,#8376,.T.);
#8372 = VERTEX_POINT('',#8373);
#8373 = CARTESIAN_POINT('',(126.267392,-110.,0.));
#8374 = VERTEX_POINT('',#8375);
#8375 = CARTESIAN_POINT('',(126.267392,-110.,-3.5E-02));
#8376 = LINE('',#8377,#8378);
#8377 = CARTESIAN_POINT('',(126.267392,-110.,0.));
#8378 = VECTOR('',#8379,1.);
#8379 = DIRECTION('',(0.,0.,-1.));
#8380 = ORIENTED_EDGE('',*,*,#8381,.T.);
#8381 = EDGE_CURVE('',#8374,#8374,#8382,.T.);
#8382 = CIRCLE('',#8383,0.387392);
#8383 = AXIS2_PLACEMENT_3D('',#8384,#8385,#8386);
#8384 = CARTESIAN_POINT('',(125.88,-110.,-3.5E-02));
#8385 = DIRECTION('',(0.,0.,1.));
#8386 = DIRECTION('',(1.,0.,-0.));
#8387 = ORIENTED_EDGE('',*,*,#8371,.F.);
#8388 = ORIENTED_EDGE('',*,*,#8389,.F.);
#8389 = EDGE_CURVE('',#8372,#8372,#8390,.T.);
#8390 = CIRCLE('',#8391,0.387392);
#8391 = AXIS2_PLACEMENT_3D('',#8392,#8393,#8394);
#8392 = CARTESIAN_POINT('',(125.88,-110.,0.));
#8393 = DIRECTION('',(0.,0.,1.));
#8394 = DIRECTION('',(1.,0.,-0.));
#8395 = CYLINDRICAL_SURFACE('',#8396,0.387392);
#8396 = AXIS2_PLACEMENT_3D('',#8397,#8398,#8399);
#8397 = CARTESIAN_POINT('',(125.88,-110.,0.));
#8398 = DIRECTION('',(0.,0.,1.));
#8399 = DIRECTION('',(1.,0.,-0.));
#8400 = ADVANCED_FACE('',(#8401,#8413,#8416),#8419,.F.);
#8401 = FACE_BOUND('',#8402,.F.);
#8402 = EDGE_LOOP('',(#8403,#8404,#8405,#8406,#8407,#8408,#8409,#8410,
    #8411,#8412));
#8403 = ORIENTED_EDGE('',*,*,#8046,.T.);
#8404 = ORIENTED_EDGE('',*,*,#8078,.T.);
#8405 = ORIENTED_EDGE('',*,*,#8110,.T.);
#8406 = ORIENTED_EDGE('',*,*,#8142,.T.);
#8407 = ORIENTED_EDGE('',*,*,#8174,.T.);
#8408 = ORIENTED_EDGE('',*,*,#8205,.T.);
#8409 = ORIENTED_EDGE('',*,*,#8237,.T.);
#8410 = ORIENTED_EDGE('',*,*,#8269,.T.);
#8411 = ORIENTED_EDGE('',*,*,#8301,.T.);
#8412 = ORIENTED_EDGE('',*,*,#8324,.T.);
#8413 = FACE_BOUND('',#8414,.F.);
#8414 = EDGE_LOOP('',(#8415));
#8415 = ORIENTED_EDGE('',*,*,#8356,.T.);
#8416 = FACE_BOUND('',#8417,.F.);
#8417 = EDGE_LOOP('',(#8418));
#8418 = ORIENTED_EDGE('',*,*,#8389,.T.);
#8419 = PLANE('',#8420);
#8420 = AXIS2_PLACEMENT_3D('',#8421,#8422,#8423);
#8421 = CARTESIAN_POINT('',(0.,0.,0.));
#8422 = DIRECTION('',(-0.,-0.,-1.));
#8423 = DIRECTION('',(-1.,0.,0.));
#8424 = ADVANCED_FACE('',(#8425,#8437,#8440),#8443,.T.);
#8425 = FACE_BOUND('',#8426,.T.);
#8426 = EDGE_LOOP('',(#8427,#8428,#8429,#8430,#8431,#8432,#8433,#8434,
    #8435,#8436));
#8427 = ORIENTED_EDGE('',*,*,#8030,.T.);
#8428 = ORIENTED_EDGE('',*,*,#8061,.T.);
#8429 = ORIENTED_EDGE('',*,*,#8094,.T.);
#8430 = ORIENTED_EDGE('',*,*,#8125,.T.);
#8431 = ORIENTED_EDGE('',*,*,#8158,.T.);
#8432 = ORIENTED_EDGE('',*,*,#8189,.T.);
#8433 = ORIENTED_EDGE('',*,*,#8220,.T.);
#8434 = ORIENTED_EDGE('',*,*,#8253,.T.);
#8435 = ORIENTED_EDGE('',*,*,#8284,.T.);
#8436 = ORIENTED_EDGE('',*,*,#8317,.T.);
#8437 = FACE_BOUND('',#8438,.T.);
#8438 = EDGE_LOOP('',(#8439));
#8439 = ORIENTED_EDGE('',*,*,#8348,.T.);
#8440 = FACE_BOUND('',#8441,.T.);
#8441 = EDGE_LOOP('',(#8442));
#8442 = ORIENTED_EDGE('',*,*,#8381,.T.);
#8443 = PLANE('',#8444);
#8444 = AXIS2_PLACEMENT_3D('',#8445,#8446,#8447);
#8445 = CARTESIAN_POINT('',(0.,0.,-3.5E-02));
#8446 = DIRECTION('',(-0.,-0.,-1.));
#8447 = DIRECTION('',(-1.,0.,0.));
#8448 = ( GEOMETRIC_REPRESENTATION_CONTEXT(3) 
GLOBAL_UNCERTAINTY_ASSIGNED_CONTEXT((#8452)) 
GLOBAL_UNIT_ASSIGNED_CONTEXT((#8449,#8450,#8451)) REPRESENTATION_CONTEXT
('Context #1','3D Context with UNIT and UNCERTAINTY') );
#8449 = ( LENGTH_UNIT() NAMED_UNIT(*) SI_UNIT(.MILLI.,.METRE.) );
#8450 = ( NAMED_UNIT(*) PLANE_ANGLE_UNIT() SI_UNIT($,.RADIAN.) );
#8451 = ( NAMED_UNIT(*) SI_UNIT($,.STERADIAN.) SOLID_ANGLE_UNIT() );
#8452 = UNCERTAINTY_MEASURE_WITH_UNIT(LENGTH_MEASURE(1.E-07),#8449,
  'distance_accuracy_value','confusion accuracy');
#8453 = CONTEXT_DEPENDENT_SHAPE_REPRESENTATION(#8454,#8456);
#8454 = ( REPRESENTATION_RELATIONSHIP('','',#36,#10) 
REPRESENTATION_RELATIONSHIP_WITH_TRANSFORMATION(#8455) 
SHAPE_REPRESENTATION_RELATIONSHIP() );
#8455 = ITEM_DEFINED_TRANSFORMATION('','',#11,#15);
#8456 = PRODUCT_DEFINITION_SHAPE('Placement','Placement of an item',
  #8457);
#8457 = NEXT_ASSEMBLY_USAGE_OCCURRENCE('1','=>[0:1:1:2]','',#5,#31,$);
#8458 = PRODUCT_RELATED_PRODUCT_CATEGORY('part',$,(#33));
#8459 = SHAPE_DEFINITION_REPRESENTATION(#8460,#8466);
#8460 = PRODUCT_DEFINITION_SHAPE('','',#8461);
#8461 = PRODUCT_DEFINITION('design','',#8462,#8465);
#8462 = PRODUCT_DEFINITION_FORMATION('','',#8463);
#8463 = PRODUCT('light_trainer_PCB','light_trainer_PCB','',(#8464));
#8464 = PRODUCT_CONTEXT('',#2,'mechanical');
#8465 = PRODUCT_DEFINITION_CONTEXT('part definition',#2,'design');
#8466 = ADVANCED_BREP_SHAPE_REPRESENTATION('',(#11,#8467),#10411);
#8467 = MANIFOLD_SOLID_BREP('',#8468);
#8468 = CLOSED_SHELL('',(#8469,#8502,#9040,#9578,#9595,#9612,#9629,#9646
    ,#9663,#9680,#9697,#9714,#9731,#9748,#9765,#9782,#9799,#9816,#9838,
    #9855,#9872,#9884,#9901,#9918,#9935,#9952,#9969,#9986,#10003,#10020,
    #10037,#10054,#10071,#10088,#10105,#10122,#10139,#10156,#10173,
    #10190,#10207,#10224,#10241,#10258,#10275,#10292,#10309,#10326,
    #10343,#10360,#10377,#10394));
#8469 = ADVANCED_FACE('',(#8470),#8497,.T.);
#8470 = FACE_BOUND('',#8471,.F.);
#8471 = EDGE_LOOP('',(#8472,#8482,#8489,#8490));
#8472 = ORIENTED_EDGE('',*,*,#8473,.T.);
#8473 = EDGE_CURVE('',#8474,#8476,#8478,.T.);
#8474 = VERTEX_POINT('',#8475);
#8475 = CARTESIAN_POINT('',(185.03924,-101.6,0.));
#8476 = VERTEX_POINT('',#8477);
#8477 = CARTESIAN_POINT('',(185.03924,-101.6,1.51));
#8478 = LINE('',#8479,#8480);
#8479 = CARTESIAN_POINT('',(185.03924,-101.6,0.));
#8480 = VECTOR('',#8481,1.);
#8481 = DIRECTION('',(0.,0.,1.));
#8482 = ORIENTED_EDGE('',*,*,#8483,.T.);
#8483 = EDGE_CURVE('',#8476,#8476,#8484,.T.);
#8484 = CIRCLE('',#8485,32.63924);
#8485 = AXIS2_PLACEMENT_3D('',#8486,#8487,#8488);
#8486 = CARTESIAN_POINT('',(152.4,-101.6,1.51));
#8487 = DIRECTION('',(0.,0.,1.));
#8488 = DIRECTION('',(1.,0.,-0.));
#8489 = ORIENTED_EDGE('',*,*,#8473,.F.);
#8490 = ORIENTED_EDGE('',*,*,#8491,.F.);
#8491 = EDGE_CURVE('',#8474,#8474,#8492,.T.);
#8492 = CIRCLE('',#8493,32.63924);
#8493 = AXIS2_PLACEMENT_3D('',#8494,#8495,#8496);
#8494 = CARTESIAN_POINT('',(152.4,-101.6,0.));
#8495 = DIRECTION('',(0.,0.,1.));
#8496 = DIRECTION('',(1.,0.,-0.));
#8497 = CYLINDRICAL_SURFACE('',#8498,32.63924);
#8498 = AXIS2_PLACEMENT_3D('',#8499,#8500,#8501);
#8499 = CARTESIAN_POINT('',(152.4,-101.6,0.));
#8500 = DIRECTION('',(-0.,-0.,-1.));
#8501 = DIRECTION('',(1.,0.,-0.));
#8502 = ADVANCED_FACE('',(#8503,#8506,#8517,#8528,#8539,#8550,#8561,
    #8572,#8583,#8594,#8605,#8616,#8627,#8638,#8649,#8660,#8694,#8705,
    #8716,#8727,#8738,#8749,#8760,#8771,#8782,#8793,#8804,#8815,#8826,
    #8837,#8848,#8859,#8870,#8881,#8892,#8903,#8914,#8925,#8936,#8947,
    #8958,#8969,#8980,#8991,#9002,#9013,#9024),#9035,.F.);
#8503 = FACE_BOUND('',#8504,.F.);
#8504 = EDGE_LOOP('',(#8505));
#8505 = ORIENTED_EDGE('',*,*,#8491,.T.);
#8506 = FACE_BOUND('',#8507,.F.);
#8507 = EDGE_LOOP('',(#8508));
#8508 = ORIENTED_EDGE('',*,*,#8509,.T.);
#8509 = EDGE_CURVE('',#8510,#8510,#8512,.T.);
#8510 = VERTEX_POINT('',#8511);
#8511 = CARTESIAN_POINT('',(129.69,-122.9,0.));
#8512 = CIRCLE('',#8513,0.4);
#8513 = AXIS2_PLACEMENT_3D('',#8514,#8515,#8516);
#8514 = CARTESIAN_POINT('',(129.69,-122.5,0.));
#8515 = DIRECTION('',(-0.,0.,-1.));
#8516 = DIRECTION('',(-0.,-1.,0.));
#8517 = FACE_BOUND('',#8518,.F.);
#8518 = EDGE_LOOP('',(#8519));
#8519 = ORIENTED_EDGE('',*,*,#8520,.T.);
#8520 = EDGE_CURVE('',#8521,#8521,#8523,.T.);
#8521 = VERTEX_POINT('',#8522);
#8522 = CARTESIAN_POINT('',(144.78,-129.5985,0.));
#8523 = CIRCLE('',#8524,0.4445);
#8524 = AXIS2_PLACEMENT_3D('',#8525,#8526,#8527);
#8525 = CARTESIAN_POINT('',(144.78,-129.154,0.));
#8526 = DIRECTION('',(-0.,0.,-1.));
#8527 = DIRECTION('',(-0.,-1.,0.));
#8528 = FACE_BOUND('',#8529,.F.);
#8529 = EDGE_LOOP('',(#8530));
#8530 = ORIENTED_EDGE('',*,*,#8531,.T.);
#8531 = EDGE_CURVE('',#8532,#8532,#8534,.T.);
#8532 = VERTEX_POINT('',#8533);
#8533 = CARTESIAN_POINT('',(144.78,-127.0585,0.));
#8534 = CIRCLE('',#8535,0.4445);
#8535 = AXIS2_PLACEMENT_3D('',#8536,#8537,#8538);
#8536 = CARTESIAN_POINT('',(144.78,-126.614,0.));
#8537 = DIRECTION('',(-0.,0.,-1.));
#8538 = DIRECTION('',(-0.,-1.,0.));
#8539 = FACE_BOUND('',#8540,.F.);
#8540 = EDGE_LOOP('',(#8541));
#8541 = ORIENTED_EDGE('',*,*,#8542,.T.);
#8542 = EDGE_CURVE('',#8543,#8543,#8545,.T.);
#8543 = VERTEX_POINT('',#8544);
#8544 = CARTESIAN_POINT('',(137.31,-122.9,0.));
#8545 = CIRCLE('',#8546,0.4);
#8546 = AXIS2_PLACEMENT_3D('',#8547,#8548,#8549);
#8547 = CARTESIAN_POINT('',(137.31,-122.5,0.));
#8548 = DIRECTION('',(-0.,0.,-1.));
#8549 = DIRECTION('',(-0.,-1.,0.));
#8550 = FACE_BOUND('',#8551,.F.);
#8551 = EDGE_LOOP('',(#8552));
#8552 = ORIENTED_EDGE('',*,*,#8553,.T.);
#8553 = EDGE_CURVE('',#8554,#8554,#8556,.T.);
#8554 = VERTEX_POINT('',#8555);
#8555 = CARTESIAN_POINT('',(144.78,-124.5185,0.));
#8556 = CIRCLE('',#8557,0.4445);
#8557 = AXIS2_PLACEMENT_3D('',#8558,#8559,#8560);
#8558 = CARTESIAN_POINT('',(144.78,-124.074,0.));
#8559 = DIRECTION('',(-0.,0.,-1.));
#8560 = DIRECTION('',(-0.,-1.,0.));
#8561 = FACE_BOUND('',#8562,.F.);
#8562 = EDGE_LOOP('',(#8563));
#8563 = ORIENTED_EDGE('',*,*,#8564,.T.);
#8564 = EDGE_CURVE('',#8565,#8565,#8567,.T.);
#8565 = VERTEX_POINT('',#8566);
#8566 = CARTESIAN_POINT('',(130.5,-114.7,0.));
#8567 = CIRCLE('',#8568,0.4);
#8568 = AXIS2_PLACEMENT_3D('',#8569,#8570,#8571);
#8569 = CARTESIAN_POINT('',(130.5,-114.3,0.));
#8570 = DIRECTION('',(-0.,0.,-1.));
#8571 = DIRECTION('',(-0.,-1.,0.));
#8572 = FACE_BOUND('',#8573,.F.);
#8573 = EDGE_LOOP('',(#8574));
#8574 = ORIENTED_EDGE('',*,*,#8575,.T.);
#8575 = EDGE_CURVE('',#8576,#8576,#8578,.T.);
#8576 = VERTEX_POINT('',#8577);
#8577 = CARTESIAN_POINT('',(144.78,-121.9785,0.));
#8578 = CIRCLE('',#8579,0.4445);
#8579 = AXIS2_PLACEMENT_3D('',#8580,#8581,#8582);
#8580 = CARTESIAN_POINT('',(144.78,-121.534,0.));
#8581 = DIRECTION('',(-0.,0.,-1.));
#8582 = DIRECTION('',(-0.,-1.,0.));
#8583 = FACE_BOUND('',#8584,.F.);
#8584 = EDGE_LOOP('',(#8585));
#8585 = ORIENTED_EDGE('',*,*,#8586,.T.);
#8586 = EDGE_CURVE('',#8587,#8587,#8589,.T.);
#8587 = VERTEX_POINT('',#8588);
#8588 = CARTESIAN_POINT('',(144.78,-119.4385,0.));
#8589 = CIRCLE('',#8590,0.4445);
#8590 = AXIS2_PLACEMENT_3D('',#8591,#8592,#8593);
#8591 = CARTESIAN_POINT('',(144.78,-118.994,0.));
#8592 = DIRECTION('',(-0.,0.,-1.));
#8593 = DIRECTION('',(-0.,-1.,0.));
#8594 = FACE_BOUND('',#8595,.F.);
#8595 = EDGE_LOOP('',(#8596));
#8596 = ORIENTED_EDGE('',*,*,#8597,.T.);
#8597 = EDGE_CURVE('',#8598,#8598,#8600,.T.);
#8598 = VERTEX_POINT('',#8599);
#8599 = CARTESIAN_POINT('',(138.12,-114.7,0.));
#8600 = CIRCLE('',#8601,0.4);
#8601 = AXIS2_PLACEMENT_3D('',#8602,#8603,#8604);
#8602 = CARTESIAN_POINT('',(138.12,-114.3,0.));
#8603 = DIRECTION('',(-0.,0.,-1.));
#8604 = DIRECTION('',(-0.,-1.,0.));
#8605 = FACE_BOUND('',#8606,.F.);
#8606 = EDGE_LOOP('',(#8607));
#8607 = ORIENTED_EDGE('',*,*,#8608,.T.);
#8608 = EDGE_CURVE('',#8609,#8609,#8611,.T.);
#8609 = VERTEX_POINT('',#8610);
#8610 = CARTESIAN_POINT('',(144.78,-116.8985,0.));
#8611 = CIRCLE('',#8612,0.4445);
#8612 = AXIS2_PLACEMENT_3D('',#8613,#8614,#8615);
#8613 = CARTESIAN_POINT('',(144.78,-116.454,0.));
#8614 = DIRECTION('',(-0.,0.,-1.));
#8615 = DIRECTION('',(-0.,-1.,0.));
#8616 = FACE_BOUND('',#8617,.F.);
#8617 = EDGE_LOOP('',(#8618));
#8618 = ORIENTED_EDGE('',*,*,#8619,.T.);
#8619 = EDGE_CURVE('',#8620,#8620,#8622,.T.);
#8620 = VERTEX_POINT('',#8621);
#8621 = CARTESIAN_POINT('',(144.78,-114.3585,0.));
#8622 = CIRCLE('',#8623,0.4445);
#8623 = AXIS2_PLACEMENT_3D('',#8624,#8625,#8626);
#8624 = CARTESIAN_POINT('',(144.78,-113.914,0.));
#8625 = DIRECTION('',(-0.,0.,-1.));
#8626 = DIRECTION('',(-0.,-1.,0.));
#8627 = FACE_BOUND('',#8628,.F.);
#8628 = EDGE_LOOP('',(#8629));
#8629 = ORIENTED_EDGE('',*,*,#8630,.T.);
#8630 = EDGE_CURVE('',#8631,#8631,#8633,.T.);
#8631 = VERTEX_POINT('',#8632);
#8632 = CARTESIAN_POINT('',(160.02,-129.5985,0.));
#8633 = CIRCLE('',#8634,0.4445);
#8634 = AXIS2_PLACEMENT_3D('',#8635,#8636,#8637);
#8635 = CARTESIAN_POINT('',(160.02,-129.154,0.));
#8636 = DIRECTION('',(-0.,0.,-1.));
#8637 = DIRECTION('',(6.39408536117E-14,-1.,-0.));
#8638 = FACE_BOUND('',#8639,.F.);
#8639 = EDGE_LOOP('',(#8640));
#8640 = ORIENTED_EDGE('',*,*,#8641,.T.);
#8641 = EDGE_CURVE('',#8642,#8642,#8644,.T.);
#8642 = VERTEX_POINT('',#8643);
#8643 = CARTESIAN_POINT('',(160.02,-127.0585,0.));
#8644 = CIRCLE('',#8645,0.4445);
#8645 = AXIS2_PLACEMENT_3D('',#8646,#8647,#8648);
#8646 = CARTESIAN_POINT('',(160.02,-126.614,0.));
#8647 = DIRECTION('',(-0.,0.,-1.));
#8648 = DIRECTION('',(6.39408536117E-14,-1.,-0.));
#8649 = FACE_BOUND('',#8650,.F.);
#8650 = EDGE_LOOP('',(#8651));
#8651 = ORIENTED_EDGE('',*,*,#8652,.T.);
#8652 = EDGE_CURVE('',#8653,#8653,#8655,.T.);
#8653 = VERTEX_POINT('',#8654);
#8654 = CARTESIAN_POINT('',(160.02,-124.5185,0.));
#8655 = CIRCLE('',#8656,0.4445);
#8656 = AXIS2_PLACEMENT_3D('',#8657,#8658,#8659);
#8657 = CARTESIAN_POINT('',(160.02,-124.074,0.));
#8658 = DIRECTION('',(-0.,0.,-1.));
#8659 = DIRECTION('',(6.39408536117E-14,-1.,-0.));
#8660 = FACE_BOUND('',#8661,.F.);
#8661 = EDGE_LOOP('',(#8662,#8672,#8680,#8688));
#8662 = ORIENTED_EDGE('',*,*,#8663,.F.);
#8663 = EDGE_CURVE('',#8664,#8666,#8668,.T.);
#8664 = VERTEX_POINT('',#8665);
#8665 = CARTESIAN_POINT('',(154.,-125.5,0.));
#8666 = VERTEX_POINT('',#8667);
#8667 = CARTESIAN_POINT('',(158.5,-125.5,0.));
#8668 = LINE('',#8669,#8670);
#8669 = CARTESIAN_POINT('',(154.,-125.5,0.));
#8670 = VECTOR('',#8671,1.);
#8671 = DIRECTION('',(1.,0.,0.));
#8672 = ORIENTED_EDGE('',*,*,#8673,.F.);
#8673 = EDGE_CURVE('',#8674,#8664,#8676,.T.);
#8674 = VERTEX_POINT('',#8675);
#8675 = CARTESIAN_POINT('',(154.,-120.5,0.));
#8676 = LINE('',#8677,#8678);
#8677 = CARTESIAN_POINT('',(154.,-120.5,0.));
#8678 = VECTOR('',#8679,1.);
#8679 = DIRECTION('',(0.,-1.,0.));
#8680 = ORIENTED_EDGE('',*,*,#8681,.F.);
#8681 = EDGE_CURVE('',#8682,#8674,#8684,.T.);
#8682 = VERTEX_POINT('',#8683);
#8683 = CARTESIAN_POINT('',(158.5,-120.5,0.));
#8684 = LINE('',#8685,#8686);
#8685 = CARTESIAN_POINT('',(158.5,-120.5,0.));
#8686 = VECTOR('',#8687,1.);
#8687 = DIRECTION('',(-1.,0.,0.));
#8688 = ORIENTED_EDGE('',*,*,#8689,.F.);
#8689 = EDGE_CURVE('',#8666,#8682,#8690,.T.);
#8690 = LINE('',#8691,#8692);
#8691 = CARTESIAN_POINT('',(158.5,-125.5,0.));
#8692 = VECTOR('',#8693,1.);
#8693 = DIRECTION('',(0.,1.,0.));
#8694 = FACE_BOUND('',#8695,.F.);
#8695 = EDGE_LOOP('',(#8696));
#8696 = ORIENTED_EDGE('',*,*,#8697,.T.);
#8697 = EDGE_CURVE('',#8698,#8698,#8700,.T.);
#8698 = VERTEX_POINT('',#8699);
#8699 = CARTESIAN_POINT('',(160.02,-121.9785,0.));
#8700 = CIRCLE('',#8701,0.4445);
#8701 = AXIS2_PLACEMENT_3D('',#8702,#8703,#8704);
#8702 = CARTESIAN_POINT('',(160.02,-121.534,0.));
#8703 = DIRECTION('',(-0.,0.,-1.));
#8704 = DIRECTION('',(6.39408536117E-14,-1.,-0.));
#8705 = FACE_BOUND('',#8706,.F.);
#8706 = EDGE_LOOP('',(#8707));
#8707 = ORIENTED_EDGE('',*,*,#8708,.T.);
#8708 = EDGE_CURVE('',#8709,#8709,#8711,.T.);
#8709 = VERTEX_POINT('',#8710);
#8710 = CARTESIAN_POINT('',(160.02,-119.4385,0.));
#8711 = CIRCLE('',#8712,0.4445);
#8712 = AXIS2_PLACEMENT_3D('',#8713,#8714,#8715);
#8713 = CARTESIAN_POINT('',(160.02,-118.994,0.));
#8714 = DIRECTION('',(-0.,0.,-1.));
#8715 = DIRECTION('',(6.39408536117E-14,-1.,-0.));
#8716 = FACE_BOUND('',#8717,.F.);
#8717 = EDGE_LOOP('',(#8718));
#8718 = ORIENTED_EDGE('',*,*,#8719,.T.);
#8719 = EDGE_CURVE('',#8720,#8720,#8722,.T.);
#8720 = VERTEX_POINT('',#8721);
#8721 = CARTESIAN_POINT('',(160.02,-116.8985,0.));
#8722 = CIRCLE('',#8723,0.4445);
#8723 = AXIS2_PLACEMENT_3D('',#8724,#8725,#8726);
#8724 = CARTESIAN_POINT('',(160.02,-116.454,0.));
#8725 = DIRECTION('',(-0.,0.,-1.));
#8726 = DIRECTION('',(6.39408536117E-14,-1.,-0.));
#8727 = FACE_BOUND('',#8728,.F.);
#8728 = EDGE_LOOP('',(#8729));
#8729 = ORIENTED_EDGE('',*,*,#8730,.T.);
#8730 = EDGE_CURVE('',#8731,#8731,#8733,.T.);
#8731 = VERTEX_POINT('',#8732);
#8732 = CARTESIAN_POINT('',(160.02,-114.3585,0.));
#8733 = CIRCLE('',#8734,0.4445);
#8734 = AXIS2_PLACEMENT_3D('',#8735,#8736,#8737);
#8735 = CARTESIAN_POINT('',(160.02,-113.914,0.));
#8736 = DIRECTION('',(-0.,0.,-1.));
#8737 = DIRECTION('',(6.39408536117E-14,-1.,-0.));
#8738 = FACE_BOUND('',#8739,.F.);
#8739 = EDGE_LOOP('',(#8740));
#8740 = ORIENTED_EDGE('',*,*,#8741,.T.);
#8741 = EDGE_CURVE('',#8742,#8742,#8744,.T.);
#8742 = VERTEX_POINT('',#8743);
#8743 = CARTESIAN_POINT('',(165.1,-119.88,0.));
#8744 = CIRCLE('',#8745,0.5);
#8745 = AXIS2_PLACEMENT_3D('',#8746,#8747,#8748);
#8746 = CARTESIAN_POINT('',(165.1,-119.38,0.));
#8747 = DIRECTION('',(-0.,0.,-1.));
#8748 = DIRECTION('',(-0.,-1.,0.));
#8749 = FACE_BOUND('',#8750,.F.);
#8750 = EDGE_LOOP('',(#8751));
#8751 = ORIENTED_EDGE('',*,*,#8752,.T.);
#8752 = EDGE_CURVE('',#8753,#8753,#8755,.T.);
#8753 = VERTEX_POINT('',#8754);
#8754 = CARTESIAN_POINT('',(165.1,-117.34,0.));
#8755 = CIRCLE('',#8756,0.5);
#8756 = AXIS2_PLACEMENT_3D('',#8757,#8758,#8759);
#8757 = CARTESIAN_POINT('',(165.1,-116.84,0.));
#8758 = DIRECTION('',(-0.,0.,-1.));
#8759 = DIRECTION('',(-0.,-1.,0.));
#8760 = FACE_BOUND('',#8761,.F.);
#8761 = EDGE_LOOP('',(#8762));
#8762 = ORIENTED_EDGE('',*,*,#8763,.T.);
#8763 = EDGE_CURVE('',#8764,#8764,#8766,.T.);
#8764 = VERTEX_POINT('',#8765);
#8765 = CARTESIAN_POINT('',(125.88,-110.4,0.));
#8766 = CIRCLE('',#8767,0.4);
#8767 = AXIS2_PLACEMENT_3D('',#8768,#8769,#8770);
#8768 = CARTESIAN_POINT('',(125.88,-110.,0.));
#8769 = DIRECTION('',(-0.,0.,-1.));
#8770 = DIRECTION('',(-0.,-1.,0.));
#8771 = FACE_BOUND('',#8772,.F.);
#8772 = EDGE_LOOP('',(#8773));
#8773 = ORIENTED_EDGE('',*,*,#8774,.T.);
#8774 = EDGE_CURVE('',#8775,#8775,#8777,.T.);
#8775 = VERTEX_POINT('',#8776);
#8776 = CARTESIAN_POINT('',(133.5,-110.4,0.));
#8777 = CIRCLE('',#8778,0.4);
#8778 = AXIS2_PLACEMENT_3D('',#8779,#8780,#8781);
#8779 = CARTESIAN_POINT('',(133.5,-110.,0.));
#8780 = DIRECTION('',(-0.,0.,-1.));
#8781 = DIRECTION('',(-0.,-1.,0.));
#8782 = FACE_BOUND('',#8783,.F.);
#8783 = EDGE_LOOP('',(#8784));
#8784 = ORIENTED_EDGE('',*,*,#8785,.T.);
#8785 = EDGE_CURVE('',#8786,#8786,#8788,.T.);
#8786 = VERTEX_POINT('',#8787);
#8787 = CARTESIAN_POINT('',(137.16,-107.18,0.));
#8788 = CIRCLE('',#8789,0.5);
#8789 = AXIS2_PLACEMENT_3D('',#8790,#8791,#8792);
#8790 = CARTESIAN_POINT('',(137.16,-106.68,0.));
#8791 = DIRECTION('',(-0.,0.,-1.));
#8792 = DIRECTION('',(-0.,-1.,0.));
#8793 = FACE_BOUND('',#8794,.F.);
#8794 = EDGE_LOOP('',(#8795));
#8795 = ORIENTED_EDGE('',*,*,#8796,.T.);
#8796 = EDGE_CURVE('',#8797,#8797,#8799,.T.);
#8797 = VERTEX_POINT('',#8798);
#8798 = CARTESIAN_POINT('',(145.9,-107.28,0.));
#8799 = CIRCLE('',#8800,0.6);
#8800 = AXIS2_PLACEMENT_3D('',#8801,#8802,#8803);
#8801 = CARTESIAN_POINT('',(145.9,-106.68,0.));
#8802 = DIRECTION('',(-0.,0.,-1.));
#8803 = DIRECTION('',(-0.,-1.,0.));
#8804 = FACE_BOUND('',#8805,.F.);
#8805 = EDGE_LOOP('',(#8806));
#8806 = ORIENTED_EDGE('',*,*,#8807,.T.);
#8807 = EDGE_CURVE('',#8808,#8808,#8810,.T.);
#8808 = VERTEX_POINT('',#8809);
#8809 = CARTESIAN_POINT('',(121.92,-104.64,0.));
#8810 = CIRCLE('',#8811,0.5);
#8811 = AXIS2_PLACEMENT_3D('',#8812,#8813,#8814);
#8812 = CARTESIAN_POINT('',(121.92,-104.14,0.));
#8813 = DIRECTION('',(-0.,0.,-1.));
#8814 = DIRECTION('',(-0.,-1.,0.));
#8815 = FACE_BOUND('',#8816,.F.);
#8816 = EDGE_LOOP('',(#8817));
#8817 = ORIENTED_EDGE('',*,*,#8818,.T.);
#8818 = EDGE_CURVE('',#8819,#8819,#8821,.T.);
#8819 = VERTEX_POINT('',#8820);
#8820 = CARTESIAN_POINT('',(121.92,-102.1,0.));
#8821 = CIRCLE('',#8822,0.5);
#8822 = AXIS2_PLACEMENT_3D('',#8823,#8824,#8825);
#8823 = CARTESIAN_POINT('',(121.92,-101.6,0.));
#8824 = DIRECTION('',(-0.,0.,-1.));
#8825 = DIRECTION('',(-0.,-1.,0.));
#8826 = FACE_BOUND('',#8827,.F.);
#8827 = EDGE_LOOP('',(#8828));
#8828 = ORIENTED_EDGE('',*,*,#8829,.T.);
#8829 = EDGE_CURVE('',#8830,#8830,#8832,.T.);
#8830 = VERTEX_POINT('',#8831);
#8831 = CARTESIAN_POINT('',(121.92,-99.56,0.));
#8832 = CIRCLE('',#8833,0.5);
#8833 = AXIS2_PLACEMENT_3D('',#8834,#8835,#8836);
#8834 = CARTESIAN_POINT('',(121.92,-99.06,0.));
#8835 = DIRECTION('',(-0.,0.,-1.));
#8836 = DIRECTION('',(-0.,-1.,0.));
#8837 = FACE_BOUND('',#8838,.F.);
#8838 = EDGE_LOOP('',(#8839));
#8839 = ORIENTED_EDGE('',*,*,#8840,.T.);
#8840 = EDGE_CURVE('',#8841,#8841,#8843,.T.);
#8841 = VERTEX_POINT('',#8842);
#8842 = CARTESIAN_POINT('',(125.79,-99.46,0.));
#8843 = CIRCLE('',#8844,0.4);
#8844 = AXIS2_PLACEMENT_3D('',#8845,#8846,#8847);
#8845 = CARTESIAN_POINT('',(125.79,-99.06,0.));
#8846 = DIRECTION('',(-0.,0.,-1.));
#8847 = DIRECTION('',(3.5527136788E-14,-1.,-0.));
#8848 = FACE_BOUND('',#8849,.F.);
#8849 = EDGE_LOOP('',(#8850));
#8850 = ORIENTED_EDGE('',*,*,#8851,.T.);
#8851 = EDGE_CURVE('',#8852,#8852,#8854,.T.);
#8852 = VERTEX_POINT('',#8853);
#8853 = CARTESIAN_POINT('',(133.41,-99.46,0.));
#8854 = CIRCLE('',#8855,0.4);
#8855 = AXIS2_PLACEMENT_3D('',#8856,#8857,#8858);
#8856 = CARTESIAN_POINT('',(133.41,-99.06,0.));
#8857 = DIRECTION('',(-0.,0.,-1.));
#8858 = DIRECTION('',(-0.,-1.,0.));
#8859 = FACE_BOUND('',#8860,.F.);
#8860 = EDGE_LOOP('',(#8861));
#8861 = ORIENTED_EDGE('',*,*,#8862,.T.);
#8862 = EDGE_CURVE('',#8863,#8863,#8865,.T.);
#8863 = VERTEX_POINT('',#8864);
#8864 = CARTESIAN_POINT('',(137.16,-104.64,0.));
#8865 = CIRCLE('',#8866,0.5);
#8866 = AXIS2_PLACEMENT_3D('',#8867,#8868,#8869);
#8867 = CARTESIAN_POINT('',(137.16,-104.14,0.));
#8868 = DIRECTION('',(-0.,0.,-1.));
#8869 = DIRECTION('',(-0.,-1.,0.));
#8870 = FACE_BOUND('',#8871,.F.);
#8871 = EDGE_LOOP('',(#8872));
#8872 = ORIENTED_EDGE('',*,*,#8873,.F.);
#8873 = EDGE_CURVE('',#8874,#8874,#8876,.T.);
#8874 = VERTEX_POINT('',#8875);
#8875 = CARTESIAN_POINT('',(143.9,-102.68,0.));
#8876 = CIRCLE('',#8877,1.5);
#8877 = AXIS2_PLACEMENT_3D('',#8878,#8879,#8880);
#8878 = CARTESIAN_POINT('',(142.4,-102.68,0.));
#8879 = DIRECTION('',(0.,0.,1.));
#8880 = DIRECTION('',(1.,0.,-0.));
#8881 = FACE_BOUND('',#8882,.F.);
#8882 = EDGE_LOOP('',(#8883));
#8883 = ORIENTED_EDGE('',*,*,#8884,.T.);
#8884 = EDGE_CURVE('',#8885,#8885,#8887,.T.);
#8885 = VERTEX_POINT('',#8886);
#8886 = CARTESIAN_POINT('',(137.16,-102.1,0.));
#8887 = CIRCLE('',#8888,0.5);
#8888 = AXIS2_PLACEMENT_3D('',#8889,#8890,#8891);
#8889 = CARTESIAN_POINT('',(137.16,-101.6,0.));
#8890 = DIRECTION('',(-0.,0.,-1.));
#8891 = DIRECTION('',(-0.,-1.,0.));
#8892 = FACE_BOUND('',#8893,.F.);
#8893 = EDGE_LOOP('',(#8894));
#8894 = ORIENTED_EDGE('',*,*,#8895,.T.);
#8895 = EDGE_CURVE('',#8896,#8896,#8898,.T.);
#8896 = VERTEX_POINT('',#8897);
#8897 = CARTESIAN_POINT('',(137.16,-99.56,0.));
#8898 = CIRCLE('',#8899,0.5);
#8899 = AXIS2_PLACEMENT_3D('',#8900,#8901,#8902);
#8900 = CARTESIAN_POINT('',(137.16,-99.06,0.));
#8901 = DIRECTION('',(-0.,0.,-1.));
#8902 = DIRECTION('',(-0.,-1.,0.));
#8903 = FACE_BOUND('',#8904,.F.);
#8904 = EDGE_LOOP('',(#8905));
#8905 = ORIENTED_EDGE('',*,*,#8906,.T.);
#8906 = EDGE_CURVE('',#8907,#8907,#8909,.T.);
#8907 = VERTEX_POINT('',#8908);
#8908 = CARTESIAN_POINT('',(148.44,-107.28,0.));
#8909 = CIRCLE('',#8910,0.6);
#8910 = AXIS2_PLACEMENT_3D('',#8911,#8912,#8913);
#8911 = CARTESIAN_POINT('',(148.44,-106.68,0.));
#8912 = DIRECTION('',(-0.,0.,-1.));
#8913 = DIRECTION('',(-0.,-1.,0.));
#8914 = FACE_BOUND('',#8915,.F.);
#8915 = EDGE_LOOP('',(#8916));
#8916 = ORIENTED_EDGE('',*,*,#8917,.T.);
#8917 = EDGE_CURVE('',#8918,#8918,#8920,.T.);
#8918 = VERTEX_POINT('',#8919);
#8919 = CARTESIAN_POINT('',(150.98,-107.28,0.));
#8920 = CIRCLE('',#8921,0.6);
#8921 = AXIS2_PLACEMENT_3D('',#8922,#8923,#8924);
#8922 = CARTESIAN_POINT('',(150.98,-106.68,0.));
#8923 = DIRECTION('',(-0.,0.,-1.));
#8924 = DIRECTION('',(-4.736951571734E-14,-1.,0.));
#8925 = FACE_BOUND('',#8926,.F.);
#8926 = EDGE_LOOP('',(#8927));
#8927 = ORIENTED_EDGE('',*,*,#8928,.T.);
#8928 = EDGE_CURVE('',#8929,#8929,#8931,.T.);
#8929 = VERTEX_POINT('',#8930);
#8930 = CARTESIAN_POINT('',(153.52,-107.28,0.));
#8931 = CIRCLE('',#8932,0.6);
#8932 = AXIS2_PLACEMENT_3D('',#8933,#8934,#8935);
#8933 = CARTESIAN_POINT('',(153.52,-106.68,0.));
#8934 = DIRECTION('',(-0.,0.,-1.));
#8935 = DIRECTION('',(4.736951571734E-14,-1.,-0.));
#8936 = FACE_BOUND('',#8937,.F.);
#8937 = EDGE_LOOP('',(#8938));
#8938 = ORIENTED_EDGE('',*,*,#8939,.T.);
#8939 = EDGE_CURVE('',#8940,#8940,#8942,.T.);
#8940 = VERTEX_POINT('',#8941);
#8941 = CARTESIAN_POINT('',(156.06,-107.28,0.));
#8942 = CIRCLE('',#8943,0.6);
#8943 = AXIS2_PLACEMENT_3D('',#8944,#8945,#8946);
#8944 = CARTESIAN_POINT('',(156.06,-106.68,0.));
#8945 = DIRECTION('',(-0.,0.,-1.));
#8946 = DIRECTION('',(-0.,-1.,0.));
#8947 = FACE_BOUND('',#8948,.F.);
#8948 = EDGE_LOOP('',(#8949));
#8949 = ORIENTED_EDGE('',*,*,#8950,.T.);
#8950 = EDGE_CURVE('',#8951,#8951,#8953,.T.);
#8951 = VERTEX_POINT('',#8952);
#8952 = CARTESIAN_POINT('',(158.6,-107.28,0.));
#8953 = CIRCLE('',#8954,0.6);
#8954 = AXIS2_PLACEMENT_3D('',#8955,#8956,#8957);
#8955 = CARTESIAN_POINT('',(158.6,-106.68,0.));
#8956 = DIRECTION('',(-0.,0.,-1.));
#8957 = DIRECTION('',(-0.,-1.,0.));
#8958 = FACE_BOUND('',#8959,.F.);
#8959 = EDGE_LOOP('',(#8960));
#8960 = ORIENTED_EDGE('',*,*,#8961,.T.);
#8961 = EDGE_CURVE('',#8962,#8962,#8964,.T.);
#8962 = VERTEX_POINT('',#8963);
#8963 = CARTESIAN_POINT('',(168.92,-111.39,0.));
#8964 = CIRCLE('',#8965,0.5);
#8965 = AXIS2_PLACEMENT_3D('',#8966,#8967,#8968);
#8966 = CARTESIAN_POINT('',(168.92,-110.89,0.));
#8967 = DIRECTION('',(-0.,0.,-1.));
#8968 = DIRECTION('',(-0.,-1.,0.));
#8969 = FACE_BOUND('',#8970,.F.);
#8970 = EDGE_LOOP('',(#8971));
#8971 = ORIENTED_EDGE('',*,*,#8972,.T.);
#8972 = EDGE_CURVE('',#8973,#8973,#8975,.T.);
#8973 = VERTEX_POINT('',#8974);
#8974 = CARTESIAN_POINT('',(171.46,-111.39,0.));
#8975 = CIRCLE('',#8976,0.5);
#8976 = AXIS2_PLACEMENT_3D('',#8977,#8978,#8979);
#8977 = CARTESIAN_POINT('',(171.46,-110.89,0.));
#8978 = DIRECTION('',(-0.,0.,-1.));
#8979 = DIRECTION('',(-0.,-1.,0.));
#8980 = FACE_BOUND('',#8981,.F.);
#8981 = EDGE_LOOP('',(#8982));
#8982 = ORIENTED_EDGE('',*,*,#8983,.T.);
#8983 = EDGE_CURVE('',#8984,#8984,#8986,.T.);
#8984 = VERTEX_POINT('',#8985);
#8985 = CARTESIAN_POINT('',(168.92,-106.21,0.));
#8986 = CIRCLE('',#8987,0.4);
#8987 = AXIS2_PLACEMENT_3D('',#8988,#8989,#8990);
#8988 = CARTESIAN_POINT('',(168.92,-105.81,0.));
#8989 = DIRECTION('',(-0.,0.,-1.));
#8990 = DIRECTION('',(-7.105427357601E-14,-1.,0.));
#8991 = FACE_BOUND('',#8992,.F.);
#8992 = EDGE_LOOP('',(#8993));
#8993 = ORIENTED_EDGE('',*,*,#8994,.T.);
#8994 = EDGE_CURVE('',#8995,#8995,#8997,.T.);
#8995 = VERTEX_POINT('',#8996);
#8996 = CARTESIAN_POINT('',(174.,-106.21,0.));
#8997 = CIRCLE('',#8998,0.4);
#8998 = AXIS2_PLACEMENT_3D('',#8999,#9000,#9001);
#8999 = CARTESIAN_POINT('',(174.,-105.81,0.));
#9000 = DIRECTION('',(-0.,0.,-1.));
#9001 = DIRECTION('',(-0.,-1.,0.));
#9002 = FACE_BOUND('',#9003,.F.);
#9003 = EDGE_LOOP('',(#9004));
#9004 = ORIENTED_EDGE('',*,*,#9005,.F.);
#9005 = EDGE_CURVE('',#9006,#9006,#9008,.T.);
#9006 = VERTEX_POINT('',#9007);
#9007 = CARTESIAN_POINT('',(163.9,-102.68,0.));
#9008 = CIRCLE('',#9009,1.5);
#9009 = AXIS2_PLACEMENT_3D('',#9010,#9011,#9012);
#9010 = CARTESIAN_POINT('',(162.4,-102.68,0.));
#9011 = DIRECTION('',(0.,0.,1.));
#9012 = DIRECTION('',(1.,0.,-0.));
#9013 = FACE_BOUND('',#9014,.F.);
#9014 = EDGE_LOOP('',(#9015));
#9015 = ORIENTED_EDGE('',*,*,#9016,.T.);
#9016 = EDGE_CURVE('',#9017,#9017,#9019,.T.);
#9017 = VERTEX_POINT('',#9018);
#9018 = CARTESIAN_POINT('',(168.92,-98.59,0.));
#9019 = CIRCLE('',#9020,0.4);
#9020 = AXIS2_PLACEMENT_3D('',#9021,#9022,#9023);
#9021 = CARTESIAN_POINT('',(168.92,-98.19,0.));
#9022 = DIRECTION('',(-0.,0.,-1.));
#9023 = DIRECTION('',(-7.105427357601E-14,-1.,0.));
#9024 = FACE_BOUND('',#9025,.F.);
#9025 = EDGE_LOOP('',(#9026));
#9026 = ORIENTED_EDGE('',*,*,#9027,.T.);
#9027 = EDGE_CURVE('',#9028,#9028,#9030,.T.);
#9028 = VERTEX_POINT('',#9029);
#9029 = CARTESIAN_POINT('',(174.,-98.59,0.));
#9030 = CIRCLE('',#9031,0.4);
#9031 = AXIS2_PLACEMENT_3D('',#9032,#9033,#9034);
#9032 = CARTESIAN_POINT('',(174.,-98.19,0.));
#9033 = DIRECTION('',(-0.,0.,-1.));
#9034 = DIRECTION('',(-0.,-1.,0.));
#9035 = PLANE('',#9036);
#9036 = AXIS2_PLACEMENT_3D('',#9037,#9038,#9039);
#9037 = CARTESIAN_POINT('',(0.,0.,0.));
#9038 = DIRECTION('',(0.,0.,1.));
#9039 = DIRECTION('',(1.,0.,-0.));
#9040 = ADVANCED_FACE('',(#9041,#9044,#9055,#9066,#9077,#9088,#9099,
    #9110,#9121,#9132,#9143,#9154,#9165,#9176,#9187,#9198,#9232,#9243,
    #9254,#9265,#9276,#9287,#9298,#9309,#9320,#9331,#9342,#9353,#9364,
    #9375,#9386,#9397,#9408,#9419,#9430,#9441,#9452,#9463,#9474,#9485,
    #9496,#9507,#9518,#9529,#9540,#9551,#9562),#9573,.T.);
#9041 = FACE_BOUND('',#9042,.T.);
#9042 = EDGE_LOOP('',(#9043));
#9043 = ORIENTED_EDGE('',*,*,#8483,.T.);
#9044 = FACE_BOUND('',#9045,.T.);
#9045 = EDGE_LOOP('',(#9046));
#9046 = ORIENTED_EDGE('',*,*,#9047,.T.);
#9047 = EDGE_CURVE('',#9048,#9048,#9050,.T.);
#9048 = VERTEX_POINT('',#9049);
#9049 = CARTESIAN_POINT('',(129.69,-122.9,1.51));
#9050 = CIRCLE('',#9051,0.4);
#9051 = AXIS2_PLACEMENT_3D('',#9052,#9053,#9054);
#9052 = CARTESIAN_POINT('',(129.69,-122.5,1.51));
#9053 = DIRECTION('',(-0.,0.,-1.));
#9054 = DIRECTION('',(-0.,-1.,0.));
#9055 = FACE_BOUND('',#9056,.T.);
#9056 = EDGE_LOOP('',(#9057));
#9057 = ORIENTED_EDGE('',*,*,#9058,.T.);
#9058 = EDGE_CURVE('',#9059,#9059,#9061,.T.);
#9059 = VERTEX_POINT('',#9060);
#9060 = CARTESIAN_POINT('',(144.78,-129.5985,1.51));
#9061 = CIRCLE('',#9062,0.4445);
#9062 = AXIS2_PLACEMENT_3D('',#9063,#9064,#9065);
#9063 = CARTESIAN_POINT('',(144.78,-129.154,1.51));
#9064 = DIRECTION('',(-0.,0.,-1.));
#9065 = DIRECTION('',(-0.,-1.,0.));
#9066 = FACE_BOUND('',#9067,.T.);
#9067 = EDGE_LOOP('',(#9068));
#9068 = ORIENTED_EDGE('',*,*,#9069,.T.);
#9069 = EDGE_CURVE('',#9070,#9070,#9072,.T.);
#9070 = VERTEX_POINT('',#9071);
#9071 = CARTESIAN_POINT('',(144.78,-127.0585,1.51));
#9072 = CIRCLE('',#9073,0.4445);
#9073 = AXIS2_PLACEMENT_3D('',#9074,#9075,#9076);
#9074 = CARTESIAN_POINT('',(144.78,-126.614,1.51));
#9075 = DIRECTION('',(-0.,0.,-1.));
#9076 = DIRECTION('',(-0.,-1.,0.));
#9077 = FACE_BOUND('',#9078,.T.);
#9078 = EDGE_LOOP('',(#9079));
#9079 = ORIENTED_EDGE('',*,*,#9080,.T.);
#9080 = EDGE_CURVE('',#9081,#9081,#9083,.T.);
#9081 = VERTEX_POINT('',#9082);
#9082 = CARTESIAN_POINT('',(137.31,-122.9,1.51));
#9083 = CIRCLE('',#9084,0.4);
#9084 = AXIS2_PLACEMENT_3D('',#9085,#9086,#9087);
#9085 = CARTESIAN_POINT('',(137.31,-122.5,1.51));
#9086 = DIRECTION('',(-0.,0.,-1.));
#9087 = DIRECTION('',(-0.,-1.,0.));
#9088 = FACE_BOUND('',#9089,.T.);
#9089 = EDGE_LOOP('',(#9090));
#9090 = ORIENTED_EDGE('',*,*,#9091,.T.);
#9091 = EDGE_CURVE('',#9092,#9092,#9094,.T.);
#9092 = VERTEX_POINT('',#9093);
#9093 = CARTESIAN_POINT('',(144.78,-124.5185,1.51));
#9094 = CIRCLE('',#9095,0.4445);
#9095 = AXIS2_PLACEMENT_3D('',#9096,#9097,#9098);
#9096 = CARTESIAN_POINT('',(144.78,-124.074,1.51));
#9097 = DIRECTION('',(-0.,0.,-1.));
#9098 = DIRECTION('',(-0.,-1.,0.));
#9099 = FACE_BOUND('',#9100,.T.);
#9100 = EDGE_LOOP('',(#9101));
#9101 = ORIENTED_EDGE('',*,*,#9102,.T.);
#9102 = EDGE_CURVE('',#9103,#9103,#9105,.T.);
#9103 = VERTEX_POINT('',#9104);
#9104 = CARTESIAN_POINT('',(130.5,-114.7,1.51));
#9105 = CIRCLE('',#9106,0.4);
#9106 = AXIS2_PLACEMENT_3D('',#9107,#9108,#9109);
#9107 = CARTESIAN_POINT('',(130.5,-114.3,1.51));
#9108 = DIRECTION('',(-0.,0.,-1.));
#9109 = DIRECTION('',(-0.,-1.,0.));
#9110 = FACE_BOUND('',#9111,.T.);
#9111 = EDGE_LOOP('',(#9112));
#9112 = ORIENTED_EDGE('',*,*,#9113,.T.);
#9113 = EDGE_CURVE('',#9114,#9114,#9116,.T.);
#9114 = VERTEX_POINT('',#9115);
#9115 = CARTESIAN_POINT('',(144.78,-121.9785,1.51));
#9116 = CIRCLE('',#9117,0.4445);
#9117 = AXIS2_PLACEMENT_3D('',#9118,#9119,#9120);
#9118 = CARTESIAN_POINT('',(144.78,-121.534,1.51));
#9119 = DIRECTION('',(-0.,0.,-1.));
#9120 = DIRECTION('',(-0.,-1.,0.));
#9121 = FACE_BOUND('',#9122,.T.);
#9122 = EDGE_LOOP('',(#9123));
#9123 = ORIENTED_EDGE('',*,*,#9124,.T.);
#9124 = EDGE_CURVE('',#9125,#9125,#9127,.T.);
#9125 = VERTEX_POINT('',#9126);
#9126 = CARTESIAN_POINT('',(144.78,-119.4385,1.51));
#9127 = CIRCLE('',#9128,0.4445);
#9128 = AXIS2_PLACEMENT_3D('',#9129,#9130,#9131);
#9129 = CARTESIAN_POINT('',(144.78,-118.994,1.51));
#9130 = DIRECTION('',(-0.,0.,-1.));
#9131 = DIRECTION('',(-0.,-1.,0.));
#9132 = FACE_BOUND('',#9133,.T.);
#9133 = EDGE_LOOP('',(#9134));
#9134 = ORIENTED_EDGE('',*,*,#9135,.T.);
#9135 = EDGE_CURVE('',#9136,#9136,#9138,.T.);
#9136 = VERTEX_POINT('',#9137);
#9137 = CARTESIAN_POINT('',(138.12,-114.7,1.51));
#9138 = CIRCLE('',#9139,0.4);
#9139 = AXIS2_PLACEMENT_3D('',#9140,#9141,#9142);
#9140 = CARTESIAN_POINT('',(138.12,-114.3,1.51));
#9141 = DIRECTION('',(-0.,0.,-1.));
#9142 = DIRECTION('',(-0.,-1.,0.));
#9143 = FACE_BOUND('',#9144,.T.);
#9144 = EDGE_LOOP('',(#9145));
#9145 = ORIENTED_EDGE('',*,*,#9146,.T.);
#9146 = EDGE_CURVE('',#9147,#9147,#9149,.T.);
#9147 = VERTEX_POINT('',#9148);
#9148 = CARTESIAN_POINT('',(144.78,-116.8985,1.51));
#9149 = CIRCLE('',#9150,0.4445);
#9150 = AXIS2_PLACEMENT_3D('',#9151,#9152,#9153);
#9151 = CARTESIAN_POINT('',(144.78,-116.454,1.51));
#9152 = DIRECTION('',(-0.,0.,-1.));
#9153 = DIRECTION('',(-0.,-1.,0.));
#9154 = FACE_BOUND('',#9155,.T.);
#9155 = EDGE_LOOP('',(#9156));
#9156 = ORIENTED_EDGE('',*,*,#9157,.T.);
#9157 = EDGE_CURVE('',#9158,#9158,#9160,.T.);
#9158 = VERTEX_POINT('',#9159);
#9159 = CARTESIAN_POINT('',(144.78,-114.3585,1.51));
#9160 = CIRCLE('',#9161,0.4445);
#9161 = AXIS2_PLACEMENT_3D('',#9162,#9163,#9164);
#9162 = CARTESIAN_POINT('',(144.78,-113.914,1.51));
#9163 = DIRECTION('',(-0.,0.,-1.));
#9164 = DIRECTION('',(-0.,-1.,0.));
#9165 = FACE_BOUND('',#9166,.T.);
#9166 = EDGE_LOOP('',(#9167));
#9167 = ORIENTED_EDGE('',*,*,#9168,.T.);
#9168 = EDGE_CURVE('',#9169,#9169,#9171,.T.);
#9169 = VERTEX_POINT('',#9170);
#9170 = CARTESIAN_POINT('',(160.02,-129.5985,1.51));
#9171 = CIRCLE('',#9172,0.4445);
#9172 = AXIS2_PLACEMENT_3D('',#9173,#9174,#9175);
#9173 = CARTESIAN_POINT('',(160.02,-129.154,1.51));
#9174 = DIRECTION('',(-0.,0.,-1.));
#9175 = DIRECTION('',(6.39408536117E-14,-1.,-0.));
#9176 = FACE_BOUND('',#9177,.T.);
#9177 = EDGE_LOOP('',(#9178));
#9178 = ORIENTED_EDGE('',*,*,#9179,.T.);
#9179 = EDGE_CURVE('',#9180,#9180,#9182,.T.);
#9180 = VERTEX_POINT('',#9181);
#9181 = CARTESIAN_POINT('',(160.02,-127.0585,1.51));
#9182 = CIRCLE('',#9183,0.4445);
#9183 = AXIS2_PLACEMENT_3D('',#9184,#9185,#9186);
#9184 = CARTESIAN_POINT('',(160.02,-126.614,1.51));
#9185 = DIRECTION('',(-0.,0.,-1.));
#9186 = DIRECTION('',(6.39408536117E-14,-1.,-0.));
#9187 = FACE_BOUND('',#9188,.T.);
#9188 = EDGE_LOOP('',(#9189));
#9189 = ORIENTED_EDGE('',*,*,#9190,.T.);
#9190 = EDGE_CURVE('',#9191,#9191,#9193,.T.);
#9191 = VERTEX_POINT('',#9192);
#9192 = CARTESIAN_POINT('',(160.02,-124.5185,1.51));
#9193 = CIRCLE('',#9194,0.4445);
#9194 = AXIS2_PLACEMENT_3D('',#9195,#9196,#9197);
#9195 = CARTESIAN_POINT('',(160.02,-124.074,1.51));
#9196 = DIRECTION('',(-0.,0.,-1.));
#9197 = DIRECTION('',(6.39408536117E-14,-1.,-0.));
#9198 = FACE_BOUND('',#9199,.T.);
#9199 = EDGE_LOOP('',(#9200,#9210,#9218,#9226));
#9200 = ORIENTED_EDGE('',*,*,#9201,.F.);
#9201 = EDGE_CURVE('',#9202,#9204,#9206,.T.);
#9202 = VERTEX_POINT('',#9203);
#9203 = CARTESIAN_POINT('',(154.,-125.5,1.51));
#9204 = VERTEX_POINT('',#9205);
#9205 = CARTESIAN_POINT('',(158.5,-125.5,1.51));
#9206 = LINE('',#9207,#9208);
#9207 = CARTESIAN_POINT('',(154.,-125.5,1.51));
#9208 = VECTOR('',#9209,1.);
#9209 = DIRECTION('',(1.,0.,0.));
#9210 = ORIENTED_EDGE('',*,*,#9211,.F.);
#9211 = EDGE_CURVE('',#9212,#9202,#9214,.T.);
#9212 = VERTEX_POINT('',#9213);
#9213 = CARTESIAN_POINT('',(154.,-120.5,1.51));
#9214 = LINE('',#9215,#9216);
#9215 = CARTESIAN_POINT('',(154.,-120.5,1.51));
#9216 = VECTOR('',#9217,1.);
#9217 = DIRECTION('',(0.,-1.,0.));
#9218 = ORIENTED_EDGE('',*,*,#9219,.F.);
#9219 = EDGE_CURVE('',#9220,#9212,#9222,.T.);
#9220 = VERTEX_POINT('',#9221);
#9221 = CARTESIAN_POINT('',(158.5,-120.5,1.51));
#9222 = LINE('',#9223,#9224);
#9223 = CARTESIAN_POINT('',(158.5,-120.5,1.51));
#9224 = VECTOR('',#9225,1.);
#9225 = DIRECTION('',(-1.,0.,0.));
#9226 = ORIENTED_EDGE('',*,*,#9227,.F.);
#9227 = EDGE_CURVE('',#9204,#9220,#9228,.T.);
#9228 = LINE('',#9229,#9230);
#9229 = CARTESIAN_POINT('',(158.5,-125.5,1.51));
#9230 = VECTOR('',#9231,1.);
#9231 = DIRECTION('',(0.,1.,0.));
#9232 = FACE_BOUND('',#9233,.T.);
#9233 = EDGE_LOOP('',(#9234));
#9234 = ORIENTED_EDGE('',*,*,#9235,.T.);
#9235 = EDGE_CURVE('',#9236,#9236,#9238,.T.);
#9236 = VERTEX_POINT('',#9237);
#9237 = CARTESIAN_POINT('',(160.02,-121.9785,1.51));
#9238 = CIRCLE('',#9239,0.4445);
#9239 = AXIS2_PLACEMENT_3D('',#9240,#9241,#9242);
#9240 = CARTESIAN_POINT('',(160.02,-121.534,1.51));
#9241 = DIRECTION('',(-0.,0.,-1.));
#9242 = DIRECTION('',(6.39408536117E-14,-1.,-0.));
#9243 = FACE_BOUND('',#9244,.T.);
#9244 = EDGE_LOOP('',(#9245));
#9245 = ORIENTED_EDGE('',*,*,#9246,.T.);
#9246 = EDGE_CURVE('',#9247,#9247,#9249,.T.);
#9247 = VERTEX_POINT('',#9248);
#9248 = CARTESIAN_POINT('',(160.02,-119.4385,1.51));
#9249 = CIRCLE('',#9250,0.4445);
#9250 = AXIS2_PLACEMENT_3D('',#9251,#9252,#9253);
#9251 = CARTESIAN_POINT('',(160.02,-118.994,1.51));
#9252 = DIRECTION('',(-0.,0.,-1.));
#9253 = DIRECTION('',(6.39408536117E-14,-1.,-0.));
#9254 = FACE_BOUND('',#9255,.T.);
#9255 = EDGE_LOOP('',(#9256));
#9256 = ORIENTED_EDGE('',*,*,#9257,.T.);
#9257 = EDGE_CURVE('',#9258,#9258,#9260,.T.);
#9258 = VERTEX_POINT('',#9259);
#9259 = CARTESIAN_POINT('',(160.02,-116.8985,1.51));
#9260 = CIRCLE('',#9261,0.4445);
#9261 = AXIS2_PLACEMENT_3D('',#9262,#9263,#9264);
#9262 = CARTESIAN_POINT('',(160.02,-116.454,1.51));
#9263 = DIRECTION('',(-0.,0.,-1.));
#9264 = DIRECTION('',(6.39408536117E-14,-1.,-0.));
#9265 = FACE_BOUND('',#9266,.T.);
#9266 = EDGE_LOOP('',(#9267));
#9267 = ORIENTED_EDGE('',*,*,#9268,.T.);
#9268 = EDGE_CURVE('',#9269,#9269,#9271,.T.);
#9269 = VERTEX_POINT('',#9270);
#9270 = CARTESIAN_POINT('',(160.02,-114.3585,1.51));
#9271 = CIRCLE('',#9272,0.4445);
#9272 = AXIS2_PLACEMENT_3D('',#9273,#9274,#9275);
#9273 = CARTESIAN_POINT('',(160.02,-113.914,1.51));
#9274 = DIRECTION('',(-0.,0.,-1.));
#9275 = DIRECTION('',(6.39408536117E-14,-1.,-0.));
#9276 = FACE_BOUND('',#9277,.T.);
#9277 = EDGE_LOOP('',(#9278));
#9278 = ORIENTED_EDGE('',*,*,#9279,.T.);
#9279 = EDGE_CURVE('',#9280,#9280,#9282,.T.);
#9280 = VERTEX_POINT('',#9281);
#9281 = CARTESIAN_POINT('',(165.1,-119.88,1.51));
#9282 = CIRCLE('',#9283,0.5);
#9283 = AXIS2_PLACEMENT_3D('',#9284,#9285,#9286);
#9284 = CARTESIAN_POINT('',(165.1,-119.38,1.51));
#9285 = DIRECTION('',(-0.,0.,-1.));
#9286 = DIRECTION('',(-0.,-1.,0.));
#9287 = FACE_BOUND('',#9288,.T.);
#9288 = EDGE_LOOP('',(#9289));
#9289 = ORIENTED_EDGE('',*,*,#9290,.T.);
#9290 = EDGE_CURVE('',#9291,#9291,#9293,.T.);
#9291 = VERTEX_POINT('',#9292);
#9292 = CARTESIAN_POINT('',(165.1,-117.34,1.51));
#9293 = CIRCLE('',#9294,0.5);
#9294 = AXIS2_PLACEMENT_3D('',#9295,#9296,#9297);
#9295 = CARTESIAN_POINT('',(165.1,-116.84,1.51));
#9296 = DIRECTION('',(-0.,0.,-1.));
#9297 = DIRECTION('',(-0.,-1.,0.));
#9298 = FACE_BOUND('',#9299,.T.);
#9299 = EDGE_LOOP('',(#9300));
#9300 = ORIENTED_EDGE('',*,*,#9301,.T.);
#9301 = EDGE_CURVE('',#9302,#9302,#9304,.T.);
#9302 = VERTEX_POINT('',#9303);
#9303 = CARTESIAN_POINT('',(125.88,-110.4,1.51));
#9304 = CIRCLE('',#9305,0.4);
#9305 = AXIS2_PLACEMENT_3D('',#9306,#9307,#9308);
#9306 = CARTESIAN_POINT('',(125.88,-110.,1.51));
#9307 = DIRECTION('',(-0.,0.,-1.));
#9308 = DIRECTION('',(-0.,-1.,0.));
#9309 = FACE_BOUND('',#9310,.T.);
#9310 = EDGE_LOOP('',(#9311));
#9311 = ORIENTED_EDGE('',*,*,#9312,.T.);
#9312 = EDGE_CURVE('',#9313,#9313,#9315,.T.);
#9313 = VERTEX_POINT('',#9314);
#9314 = CARTESIAN_POINT('',(133.5,-110.4,1.51));
#9315 = CIRCLE('',#9316,0.4);
#9316 = AXIS2_PLACEMENT_3D('',#9317,#9318,#9319);
#9317 = CARTESIAN_POINT('',(133.5,-110.,1.51));
#9318 = DIRECTION('',(-0.,0.,-1.));
#9319 = DIRECTION('',(-0.,-1.,0.));
#9320 = FACE_BOUND('',#9321,.T.);
#9321 = EDGE_LOOP('',(#9322));
#9322 = ORIENTED_EDGE('',*,*,#9323,.T.);
#9323 = EDGE_CURVE('',#9324,#9324,#9326,.T.);
#9324 = VERTEX_POINT('',#9325);
#9325 = CARTESIAN_POINT('',(137.16,-107.18,1.51));
#9326 = CIRCLE('',#9327,0.5);
#9327 = AXIS2_PLACEMENT_3D('',#9328,#9329,#9330);
#9328 = CARTESIAN_POINT('',(137.16,-106.68,1.51));
#9329 = DIRECTION('',(-0.,0.,-1.));
#9330 = DIRECTION('',(-0.,-1.,0.));
#9331 = FACE_BOUND('',#9332,.T.);
#9332 = EDGE_LOOP('',(#9333));
#9333 = ORIENTED_EDGE('',*,*,#9334,.T.);
#9334 = EDGE_CURVE('',#9335,#9335,#9337,.T.);
#9335 = VERTEX_POINT('',#9336);
#9336 = CARTESIAN_POINT('',(145.9,-107.28,1.51));
#9337 = CIRCLE('',#9338,0.6);
#9338 = AXIS2_PLACEMENT_3D('',#9339,#9340,#9341);
#9339 = CARTESIAN_POINT('',(145.9,-106.68,1.51));
#9340 = DIRECTION('',(-0.,0.,-1.));
#9341 = DIRECTION('',(-0.,-1.,0.));
#9342 = FACE_BOUND('',#9343,.T.);
#9343 = EDGE_LOOP('',(#9344));
#9344 = ORIENTED_EDGE('',*,*,#9345,.T.);
#9345 = EDGE_CURVE('',#9346,#9346,#9348,.T.);
#9346 = VERTEX_POINT('',#9347);
#9347 = CARTESIAN_POINT('',(121.92,-104.64,1.51));
#9348 = CIRCLE('',#9349,0.5);
#9349 = AXIS2_PLACEMENT_3D('',#9350,#9351,#9352);
#9350 = CARTESIAN_POINT('',(121.92,-104.14,1.51));
#9351 = DIRECTION('',(-0.,0.,-1.));
#9352 = DIRECTION('',(-0.,-1.,0.));
#9353 = FACE_BOUND('',#9354,.T.);
#9354 = EDGE_LOOP('',(#9355));
#9355 = ORIENTED_EDGE('',*,*,#9356,.T.);
#9356 = EDGE_CURVE('',#9357,#9357,#9359,.T.);
#9357 = VERTEX_POINT('',#9358);
#9358 = CARTESIAN_POINT('',(121.92,-102.1,1.51));
#9359 = CIRCLE('',#9360,0.5);
#9360 = AXIS2_PLACEMENT_3D('',#9361,#9362,#9363);
#9361 = CARTESIAN_POINT('',(121.92,-101.6,1.51));
#9362 = DIRECTION('',(-0.,0.,-1.));
#9363 = DIRECTION('',(-0.,-1.,0.));
#9364 = FACE_BOUND('',#9365,.T.);
#9365 = EDGE_LOOP('',(#9366));
#9366 = ORIENTED_EDGE('',*,*,#9367,.T.);
#9367 = EDGE_CURVE('',#9368,#9368,#9370,.T.);
#9368 = VERTEX_POINT('',#9369);
#9369 = CARTESIAN_POINT('',(121.92,-99.56,1.51));
#9370 = CIRCLE('',#9371,0.5);
#9371 = AXIS2_PLACEMENT_3D('',#9372,#9373,#9374);
#9372 = CARTESIAN_POINT('',(121.92,-99.06,1.51));
#9373 = DIRECTION('',(-0.,0.,-1.));
#9374 = DIRECTION('',(-0.,-1.,0.));
#9375 = FACE_BOUND('',#9376,.T.);
#9376 = EDGE_LOOP('',(#9377));
#9377 = ORIENTED_EDGE('',*,*,#9378,.T.);
#9378 = EDGE_CURVE('',#9379,#9379,#9381,.T.);
#9379 = VERTEX_POINT('',#9380);
#9380 = CARTESIAN_POINT('',(125.79,-99.46,1.51));
#9381 = CIRCLE('',#9382,0.4);
#9382 = AXIS2_PLACEMENT_3D('',#9383,#9384,#9385);
#9383 = CARTESIAN_POINT('',(125.79,-99.06,1.51));
#9384 = DIRECTION('',(-0.,0.,-1.));
#9385 = DIRECTION('',(3.5527136788E-14,-1.,-0.));
#9386 = FACE_BOUND('',#9387,.T.);
#9387 = EDGE_LOOP('',(#9388));
#9388 = ORIENTED_EDGE('',*,*,#9389,.T.);
#9389 = EDGE_CURVE('',#9390,#9390,#9392,.T.);
#9390 = VERTEX_POINT('',#9391);
#9391 = CARTESIAN_POINT('',(133.41,-99.46,1.51));
#9392 = CIRCLE('',#9393,0.4);
#9393 = AXIS2_PLACEMENT_3D('',#9394,#9395,#9396);
#9394 = CARTESIAN_POINT('',(133.41,-99.06,1.51));
#9395 = DIRECTION('',(-0.,0.,-1.));
#9396 = DIRECTION('',(-0.,-1.,0.));
#9397 = FACE_BOUND('',#9398,.T.);
#9398 = EDGE_LOOP('',(#9399));
#9399 = ORIENTED_EDGE('',*,*,#9400,.T.);
#9400 = EDGE_CURVE('',#9401,#9401,#9403,.T.);
#9401 = VERTEX_POINT('',#9402);
#9402 = CARTESIAN_POINT('',(137.16,-104.64,1.51));
#9403 = CIRCLE('',#9404,0.5);
#9404 = AXIS2_PLACEMENT_3D('',#9405,#9406,#9407);
#9405 = CARTESIAN_POINT('',(137.16,-104.14,1.51));
#9406 = DIRECTION('',(-0.,0.,-1.));
#9407 = DIRECTION('',(-0.,-1.,0.));
#9408 = FACE_BOUND('',#9409,.T.);
#9409 = EDGE_LOOP('',(#9410));
#9410 = ORIENTED_EDGE('',*,*,#9411,.F.);
#9411 = EDGE_CURVE('',#9412,#9412,#9414,.T.);
#9412 = VERTEX_POINT('',#9413);
#9413 = CARTESIAN_POINT('',(143.9,-102.68,1.51));
#9414 = CIRCLE('',#9415,1.5);
#9415 = AXIS2_PLACEMENT_3D('',#9416,#9417,#9418);
#9416 = CARTESIAN_POINT('',(142.4,-102.68,1.51));
#9417 = DIRECTION('',(0.,0.,1.));
#9418 = DIRECTION('',(1.,0.,-0.));
#9419 = FACE_BOUND('',#9420,.T.);
#9420 = EDGE_LOOP('',(#9421));
#9421 = ORIENTED_EDGE('',*,*,#9422,.T.);
#9422 = EDGE_CURVE('',#9423,#9423,#9425,.T.);
#9423 = VERTEX_POINT('',#9424);
#9424 = CARTESIAN_POINT('',(137.16,-102.1,1.51));
#9425 = CIRCLE('',#9426,0.5);
#9426 = AXIS2_PLACEMENT_3D('',#9427,#9428,#9429);
#9427 = CARTESIAN_POINT('',(137.16,-101.6,1.51));
#9428 = DIRECTION('',(-0.,0.,-1.));
#9429 = DIRECTION('',(-0.,-1.,0.));
#9430 = FACE_BOUND('',#9431,.T.);
#9431 = EDGE_LOOP('',(#9432));
#9432 = ORIENTED_EDGE('',*,*,#9433,.T.);
#9433 = EDGE_CURVE('',#9434,#9434,#9436,.T.);
#9434 = VERTEX_POINT('',#9435);
#9435 = CARTESIAN_POINT('',(137.16,-99.56,1.51));
#9436 = CIRCLE('',#9437,0.5);
#9437 = AXIS2_PLACEMENT_3D('',#9438,#9439,#9440);
#9438 = CARTESIAN_POINT('',(137.16,-99.06,1.51));
#9439 = DIRECTION('',(-0.,0.,-1.));
#9440 = DIRECTION('',(-0.,-1.,0.));
#9441 = FACE_BOUND('',#9442,.T.);
#9442 = EDGE_LOOP('',(#9443));
#9443 = ORIENTED_EDGE('',*,*,#9444,.T.);
#9444 = EDGE_CURVE('',#9445,#9445,#9447,.T.);
#9445 = VERTEX_POINT('',#9446);
#9446 = CARTESIAN_POINT('',(148.44,-107.28,1.51));
#9447 = CIRCLE('',#9448,0.6);
#9448 = AXIS2_PLACEMENT_3D('',#9449,#9450,#9451);
#9449 = CARTESIAN_POINT('',(148.44,-106.68,1.51));
#9450 = DIRECTION('',(-0.,0.,-1.));
#9451 = DIRECTION('',(-0.,-1.,0.));
#9452 = FACE_BOUND('',#9453,.T.);
#9453 = EDGE_LOOP('',(#9454));
#9454 = ORIENTED_EDGE('',*,*,#9455,.T.);
#9455 = EDGE_CURVE('',#9456,#9456,#9458,.T.);
#9456 = VERTEX_POINT('',#9457);
#9457 = CARTESIAN_POINT('',(150.98,-107.28,1.51));
#9458 = CIRCLE('',#9459,0.6);
#9459 = AXIS2_PLACEMENT_3D('',#9460,#9461,#9462);
#9460 = CARTESIAN_POINT('',(150.98,-106.68,1.51));
#9461 = DIRECTION('',(-0.,0.,-1.));
#9462 = DIRECTION('',(-4.736951571734E-14,-1.,0.));
#9463 = FACE_BOUND('',#9464,.T.);
#9464 = EDGE_LOOP('',(#9465));
#9465 = ORIENTED_EDGE('',*,*,#9466,.T.);
#9466 = EDGE_CURVE('',#9467,#9467,#9469,.T.);
#9467 = VERTEX_POINT('',#9468);
#9468 = CARTESIAN_POINT('',(153.52,-107.28,1.51));
#9469 = CIRCLE('',#9470,0.6);
#9470 = AXIS2_PLACEMENT_3D('',#9471,#9472,#9473);
#9471 = CARTESIAN_POINT('',(153.52,-106.68,1.51));
#9472 = DIRECTION('',(-0.,0.,-1.));
#9473 = DIRECTION('',(4.736951571734E-14,-1.,-0.));
#9474 = FACE_BOUND('',#9475,.T.);
#9475 = EDGE_LOOP('',(#9476));
#9476 = ORIENTED_EDGE('',*,*,#9477,.T.);
#9477 = EDGE_CURVE('',#9478,#9478,#9480,.T.);
#9478 = VERTEX_POINT('',#9479);
#9479 = CARTESIAN_POINT('',(156.06,-107.28,1.51));
#9480 = CIRCLE('',#9481,0.6);
#9481 = AXIS2_PLACEMENT_3D('',#9482,#9483,#9484);
#9482 = CARTESIAN_POINT('',(156.06,-106.68,1.51));
#9483 = DIRECTION('',(-0.,0.,-1.));
#9484 = DIRECTION('',(-0.,-1.,0.));
#9485 = FACE_BOUND('',#9486,.T.);
#9486 = EDGE_LOOP('',(#9487));
#9487 = ORIENTED_EDGE('',*,*,#9488,.T.);
#9488 = EDGE_CURVE('',#9489,#9489,#9491,.T.);
#9489 = VERTEX_POINT('',#9490);
#9490 = CARTESIAN_POINT('',(158.6,-107.28,1.51));
#9491 = CIRCLE('',#9492,0.6);
#9492 = AXIS2_PLACEMENT_3D('',#9493,#9494,#9495);
#9493 = CARTESIAN_POINT('',(158.6,-106.68,1.51));
#9494 = DIRECTION('',(-0.,0.,-1.));
#9495 = DIRECTION('',(-0.,-1.,0.));
#9496 = FACE_BOUND('',#9497,.T.);
#9497 = EDGE_LOOP('',(#9498));
#9498 = ORIENTED_EDGE('',*,*,#9499,.T.);
#9499 = EDGE_CURVE('',#9500,#9500,#9502,.T.);
#9500 = VERTEX_POINT('',#9501);
#9501 = CARTESIAN_POINT('',(168.92,-111.39,1.51));
#9502 = CIRCLE('',#9503,0.5);
#9503 = AXIS2_PLACEMENT_3D('',#9504,#9505,#9506);
#9504 = CARTESIAN_POINT('',(168.92,-110.89,1.51));
#9505 = DIRECTION('',(-0.,0.,-1.));
#9506 = DIRECTION('',(-0.,-1.,0.));
#9507 = FACE_BOUND('',#9508,.T.);
#9508 = EDGE_LOOP('',(#9509));
#9509 = ORIENTED_EDGE('',*,*,#9510,.T.);
#9510 = EDGE_CURVE('',#9511,#9511,#9513,.T.);
#9511 = VERTEX_POINT('',#9512);
#9512 = CARTESIAN_POINT('',(171.46,-111.39,1.51));
#9513 = CIRCLE('',#9514,0.5);
#9514 = AXIS2_PLACEMENT_3D('',#9515,#9516,#9517);
#9515 = CARTESIAN_POINT('',(171.46,-110.89,1.51));
#9516 = DIRECTION('',(-0.,0.,-1.));
#9517 = DIRECTION('',(-0.,-1.,0.));
#9518 = FACE_BOUND('',#9519,.T.);
#9519 = EDGE_LOOP('',(#9520));
#9520 = ORIENTED_EDGE('',*,*,#9521,.T.);
#9521 = EDGE_CURVE('',#9522,#9522,#9524,.T.);
#9522 = VERTEX_POINT('',#9523);
#9523 = CARTESIAN_POINT('',(168.92,-106.21,1.51));
#9524 = CIRCLE('',#9525,0.4);
#9525 = AXIS2_PLACEMENT_3D('',#9526,#9527,#9528);
#9526 = CARTESIAN_POINT('',(168.92,-105.81,1.51));
#9527 = DIRECTION('',(-0.,0.,-1.));
#9528 = DIRECTION('',(-7.105427357601E-14,-1.,0.));
#9529 = FACE_BOUND('',#9530,.T.);
#9530 = EDGE_LOOP('',(#9531));
#9531 = ORIENTED_EDGE('',*,*,#9532,.T.);
#9532 = EDGE_CURVE('',#9533,#9533,#9535,.T.);
#9533 = VERTEX_POINT('',#9534);
#9534 = CARTESIAN_POINT('',(174.,-106.21,1.51));
#9535 = CIRCLE('',#9536,0.4);
#9536 = AXIS2_PLACEMENT_3D('',#9537,#9538,#9539);
#9537 = CARTESIAN_POINT('',(174.,-105.81,1.51));
#9538 = DIRECTION('',(-0.,0.,-1.));
#9539 = DIRECTION('',(-0.,-1.,0.));
#9540 = FACE_BOUND('',#9541,.T.);
#9541 = EDGE_LOOP('',(#9542));
#9542 = ORIENTED_EDGE('',*,*,#9543,.F.);
#9543 = EDGE_CURVE('',#9544,#9544,#9546,.T.);
#9544 = VERTEX_POINT('',#9545);
#9545 = CARTESIAN_POINT('',(163.9,-102.68,1.51));
#9546 = CIRCLE('',#9547,1.5);
#9547 = AXIS2_PLACEMENT_3D('',#9548,#9549,#9550);
#9548 = CARTESIAN_POINT('',(162.4,-102.68,1.51));
#9549 = DIRECTION('',(0.,0.,1.));
#9550 = DIRECTION('',(1.,0.,-0.));
#9551 = FACE_BOUND('',#9552,.T.);
#9552 = EDGE_LOOP('',(#9553));
#9553 = ORIENTED_EDGE('',*,*,#9554,.T.);
#9554 = EDGE_CURVE('',#9555,#9555,#9557,.T.);
#9555 = VERTEX_POINT('',#9556);
#9556 = CARTESIAN_POINT('',(168.92,-98.59,1.51));
#9557 = CIRCLE('',#9558,0.4);
#9558 = AXIS2_PLACEMENT_3D('',#9559,#9560,#9561);
#9559 = CARTESIAN_POINT('',(168.92,-98.19,1.51));
#9560 = DIRECTION('',(-0.,0.,-1.));
#9561 = DIRECTION('',(-7.105427357601E-14,-1.,0.));
#9562 = FACE_BOUND('',#9563,.T.);
#9563 = EDGE_LOOP('',(#9564));
#9564 = ORIENTED_EDGE('',*,*,#9565,.T.);
#9565 = EDGE_CURVE('',#9566,#9566,#9568,.T.);
#9566 = VERTEX_POINT('',#9567);
#9567 = CARTESIAN_POINT('',(174.,-98.59,1.51));
#9568 = CIRCLE('',#9569,0.4);
#9569 = AXIS2_PLACEMENT_3D('',#9570,#9571,#9572);
#9570 = CARTESIAN_POINT('',(174.,-98.19,1.51));
#9571 = DIRECTION('',(-0.,0.,-1.));
#9572 = DIRECTION('',(-0.,-1.,0.));
#9573 = PLANE('',#9574);
#9574 = AXIS2_PLACEMENT_3D('',#9575,#9576,#9577);
#9575 = CARTESIAN_POINT('',(0.,0.,1.51));
#9576 = DIRECTION('',(0.,0.,1.));
#9577 = DIRECTION('',(1.,0.,-0.));
#9578 = ADVANCED_FACE('',(#9579),#9590,.F.);
#9579 = FACE_BOUND('',#9580,.T.);
#9580 = EDGE_LOOP('',(#9581,#9582,#9588,#9589));
#9581 = ORIENTED_EDGE('',*,*,#8509,.T.);
#9582 = ORIENTED_EDGE('',*,*,#9583,.T.);
#9583 = EDGE_CURVE('',#8510,#9048,#9584,.T.);
#9584 = LINE('',#9585,#9586);
#9585 = CARTESIAN_POINT('',(129.69,-122.9,-4.6E-02));
#9586 = VECTOR('',#9587,1.);
#9587 = DIRECTION('',(0.,0.,1.));
#9588 = ORIENTED_EDGE('',*,*,#9047,.F.);
#9589 = ORIENTED_EDGE('',*,*,#9583,.F.);
#9590 = CYLINDRICAL_SURFACE('',#9591,0.4);
#9591 = AXIS2_PLACEMENT_3D('',#9592,#9593,#9594);
#9592 = CARTESIAN_POINT('',(129.69,-122.5,-4.6E-02));
#9593 = DIRECTION('',(-0.,-0.,-1.));
#9594 = DIRECTION('',(-0.,-1.,0.));
#9595 = ADVANCED_FACE('',(#9596),#9607,.F.);
#9596 = FACE_BOUND('',#9597,.T.);
#9597 = EDGE_LOOP('',(#9598,#9599,#9605,#9606));
#9598 = ORIENTED_EDGE('',*,*,#8520,.T.);
#9599 = ORIENTED_EDGE('',*,*,#9600,.T.);
#9600 = EDGE_CURVE('',#8521,#9059,#9601,.T.);
#9601 = LINE('',#9602,#9603);
#9602 = CARTESIAN_POINT('',(144.78,-129.5985,-4.6E-02));
#9603 = VECTOR('',#9604,1.);
#9604 = DIRECTION('',(0.,0.,1.));
#9605 = ORIENTED_EDGE('',*,*,#9058,.F.);
#9606 = ORIENTED_EDGE('',*,*,#9600,.F.);
#9607 = CYLINDRICAL_SURFACE('',#9608,0.4445);
#9608 = AXIS2_PLACEMENT_3D('',#9609,#9610,#9611);
#9609 = CARTESIAN_POINT('',(144.78,-129.154,-4.6E-02));
#9610 = DIRECTION('',(-0.,-0.,-1.));
#9611 = DIRECTION('',(-0.,-1.,0.));
#9612 = ADVANCED_FACE('',(#9613),#9624,.F.);
#9613 = FACE_BOUND('',#9614,.T.);
#9614 = EDGE_LOOP('',(#9615,#9616,#9622,#9623));
#9615 = ORIENTED_EDGE('',*,*,#8531,.T.);
#9616 = ORIENTED_EDGE('',*,*,#9617,.T.);
#9617 = EDGE_CURVE('',#8532,#9070,#9618,.T.);
#9618 = LINE('',#9619,#9620);
#9619 = CARTESIAN_POINT('',(144.78,-127.0585,-4.6E-02));
#9620 = VECTOR('',#9621,1.);
#9621 = DIRECTION('',(0.,0.,1.));
#9622 = ORIENTED_EDGE('',*,*,#9069,.F.);
#9623 = ORIENTED_EDGE('',*,*,#9617,.F.);
#9624 = CYLINDRICAL_SURFACE('',#9625,0.4445);
#9625 = AXIS2_PLACEMENT_3D('',#9626,#9627,#9628);
#9626 = CARTESIAN_POINT('',(144.78,-126.614,-4.6E-02));
#9627 = DIRECTION('',(-0.,-0.,-1.));
#9628 = DIRECTION('',(-0.,-1.,0.));
#9629 = ADVANCED_FACE('',(#9630),#9641,.F.);
#9630 = FACE_BOUND('',#9631,.T.);
#9631 = EDGE_LOOP('',(#9632,#9633,#9639,#9640));
#9632 = ORIENTED_EDGE('',*,*,#8542,.T.);
#9633 = ORIENTED_EDGE('',*,*,#9634,.T.);
#9634 = EDGE_CURVE('',#8543,#9081,#9635,.T.);
#9635 = LINE('',#9636,#9637);
#9636 = CARTESIAN_POINT('',(137.31,-122.9,-4.6E-02));
#9637 = VECTOR('',#9638,1.);
#9638 = DIRECTION('',(0.,0.,1.));
#9639 = ORIENTED_EDGE('',*,*,#9080,.F.);
#9640 = ORIENTED_EDGE('',*,*,#9634,.F.);
#9641 = CYLINDRICAL_SURFACE('',#9642,0.4);
#9642 = AXIS2_PLACEMENT_3D('',#9643,#9644,#9645);
#9643 = CARTESIAN_POINT('',(137.31,-122.5,-4.6E-02));
#9644 = DIRECTION('',(-0.,-0.,-1.));
#9645 = DIRECTION('',(-0.,-1.,0.));
#9646 = ADVANCED_FACE('',(#9647),#9658,.F.);
#9647 = FACE_BOUND('',#9648,.T.);
#9648 = EDGE_LOOP('',(#9649,#9650,#9656,#9657));
#9649 = ORIENTED_EDGE('',*,*,#8553,.T.);
#9650 = ORIENTED_EDGE('',*,*,#9651,.T.);
#9651 = EDGE_CURVE('',#8554,#9092,#9652,.T.);
#9652 = LINE('',#9653,#9654);
#9653 = CARTESIAN_POINT('',(144.78,-124.5185,-4.6E-02));
#9654 = VECTOR('',#9655,1.);
#9655 = DIRECTION('',(0.,0.,1.));
#9656 = ORIENTED_EDGE('',*,*,#9091,.F.);
#9657 = ORIENTED_EDGE('',*,*,#9651,.F.);
#9658 = CYLINDRICAL_SURFACE('',#9659,0.4445);
#9659 = AXIS2_PLACEMENT_3D('',#9660,#9661,#9662);
#9660 = CARTESIAN_POINT('',(144.78,-124.074,-4.6E-02));
#9661 = DIRECTION('',(-0.,-0.,-1.));
#9662 = DIRECTION('',(-0.,-1.,0.));
#9663 = ADVANCED_FACE('',(#9664),#9675,.F.);
#9664 = FACE_BOUND('',#9665,.T.);
#9665 = EDGE_LOOP('',(#9666,#9667,#9673,#9674));
#9666 = ORIENTED_EDGE('',*,*,#8564,.T.);
#9667 = ORIENTED_EDGE('',*,*,#9668,.T.);
#9668 = EDGE_CURVE('',#8565,#9103,#9669,.T.);
#9669 = LINE('',#9670,#9671);
#9670 = CARTESIAN_POINT('',(130.5,-114.7,-4.6E-02));
#9671 = VECTOR('',#9672,1.);
#9672 = DIRECTION('',(0.,0.,1.));
#9673 = ORIENTED_EDGE('',*,*,#9102,.F.);
#9674 = ORIENTED_EDGE('',*,*,#9668,.F.);
#9675 = CYLINDRICAL_SURFACE('',#9676,0.4);
#9676 = AXIS2_PLACEMENT_3D('',#9677,#9678,#9679);
#9677 = CARTESIAN_POINT('',(130.5,-114.3,-4.6E-02));
#9678 = DIRECTION('',(-0.,-0.,-1.));
#9679 = DIRECTION('',(-0.,-1.,0.));
#9680 = ADVANCED_FACE('',(#9681),#9692,.F.);
#9681 = FACE_BOUND('',#9682,.T.);
#9682 = EDGE_LOOP('',(#9683,#9684,#9690,#9691));
#9683 = ORIENTED_EDGE('',*,*,#8575,.T.);
#9684 = ORIENTED_EDGE('',*,*,#9685,.T.);
#9685 = EDGE_CURVE('',#8576,#9114,#9686,.T.);
#9686 = LINE('',#9687,#9688);
#9687 = CARTESIAN_POINT('',(144.78,-121.9785,-4.6E-02));
#9688 = VECTOR('',#9689,1.);
#9689 = DIRECTION('',(0.,0.,1.));
#9690 = ORIENTED_EDGE('',*,*,#9113,.F.);
#9691 = ORIENTED_EDGE('',*,*,#9685,.F.);
#9692 = CYLINDRICAL_SURFACE('',#9693,0.4445);
#9693 = AXIS2_PLACEMENT_3D('',#9694,#9695,#9696);
#9694 = CARTESIAN_POINT('',(144.78,-121.534,-4.6E-02));
#9695 = DIRECTION('',(-0.,-0.,-1.));
#9696 = DIRECTION('',(-0.,-1.,0.));
#9697 = ADVANCED_FACE('',(#9698),#9709,.F.);
#9698 = FACE_BOUND('',#9699,.T.);
#9699 = EDGE_LOOP('',(#9700,#9701,#9707,#9708));
#9700 = ORIENTED_EDGE('',*,*,#8586,.T.);
#9701 = ORIENTED_EDGE('',*,*,#9702,.T.);
#9702 = EDGE_CURVE('',#8587,#9125,#9703,.T.);
#9703 = LINE('',#9704,#9705);
#9704 = CARTESIAN_POINT('',(144.78,-119.4385,-4.6E-02));
#9705 = VECTOR('',#9706,1.);
#9706 = DIRECTION('',(0.,0.,1.));
#9707 = ORIENTED_EDGE('',*,*,#9124,.F.);
#9708 = ORIENTED_EDGE('',*,*,#9702,.F.);
#9709 = CYLINDRICAL_SURFACE('',#9710,0.4445);
#9710 = AXIS2_PLACEMENT_3D('',#9711,#9712,#9713);
#9711 = CARTESIAN_POINT('',(144.78,-118.994,-4.6E-02));
#9712 = DIRECTION('',(-0.,-0.,-1.));
#9713 = DIRECTION('',(-0.,-1.,0.));
#9714 = ADVANCED_FACE('',(#9715),#9726,.F.);
#9715 = FACE_BOUND('',#9716,.T.);
#9716 = EDGE_LOOP('',(#9717,#9718,#9724,#9725));
#9717 = ORIENTED_EDGE('',*,*,#8597,.T.);
#9718 = ORIENTED_EDGE('',*,*,#9719,.T.);
#9719 = EDGE_CURVE('',#8598,#9136,#9720,.T.);
#9720 = LINE('',#9721,#9722);
#9721 = CARTESIAN_POINT('',(138.12,-114.7,-4.6E-02));
#9722 = VECTOR('',#9723,1.);
#9723 = DIRECTION('',(0.,0.,1.));
#9724 = ORIENTED_EDGE('',*,*,#9135,.F.);
#9725 = ORIENTED_EDGE('',*,*,#9719,.F.);
#9726 = CYLINDRICAL_SURFACE('',#9727,0.4);
#9727 = AXIS2_PLACEMENT_3D('',#9728,#9729,#9730);
#9728 = CARTESIAN_POINT('',(138.12,-114.3,-4.6E-02));
#9729 = DIRECTION('',(-0.,-0.,-1.));
#9730 = DIRECTION('',(-0.,-1.,0.));
#9731 = ADVANCED_FACE('',(#9732),#9743,.F.);
#9732 = FACE_BOUND('',#9733,.T.);
#9733 = EDGE_LOOP('',(#9734,#9735,#9741,#9742));
#9734 = ORIENTED_EDGE('',*,*,#8608,.T.);
#9735 = ORIENTED_EDGE('',*,*,#9736,.T.);
#9736 = EDGE_CURVE('',#8609,#9147,#9737,.T.);
#9737 = LINE('',#9738,#9739);
#9738 = CARTESIAN_POINT('',(144.78,-116.8985,-4.6E-02));
#9739 = VECTOR('',#9740,1.);
#9740 = DIRECTION('',(0.,0.,1.));
#9741 = ORIENTED_EDGE('',*,*,#9146,.F.);
#9742 = ORIENTED_EDGE('',*,*,#9736,.F.);
#9743 = CYLINDRICAL_SURFACE('',#9744,0.4445);
#9744 = AXIS2_PLACEMENT_3D('',#9745,#9746,#9747);
#9745 = CARTESIAN_POINT('',(144.78,-116.454,-4.6E-02));
#9746 = DIRECTION('',(-0.,-0.,-1.));
#9747 = DIRECTION('',(-0.,-1.,0.));
#9748 = ADVANCED_FACE('',(#9749),#9760,.F.);
#9749 = FACE_BOUND('',#9750,.T.);
#9750 = EDGE_LOOP('',(#9751,#9752,#9758,#9759));
#9751 = ORIENTED_EDGE('',*,*,#8619,.T.);
#9752 = ORIENTED_EDGE('',*,*,#9753,.T.);
#9753 = EDGE_CURVE('',#8620,#9158,#9754,.T.);
#9754 = LINE('',#9755,#9756);
#9755 = CARTESIAN_POINT('',(144.78,-114.3585,-4.6E-02));
#9756 = VECTOR('',#9757,1.);
#9757 = DIRECTION('',(0.,0.,1.));
#9758 = ORIENTED_EDGE('',*,*,#9157,.F.);
#9759 = ORIENTED_EDGE('',*,*,#9753,.F.);
#9760 = CYLINDRICAL_SURFACE('',#9761,0.4445);
#9761 = AXIS2_PLACEMENT_3D('',#9762,#9763,#9764);
#9762 = CARTESIAN_POINT('',(144.78,-113.914,-4.6E-02));
#9763 = DIRECTION('',(-0.,-0.,-1.));
#9764 = DIRECTION('',(-0.,-1.,0.));
#9765 = ADVANCED_FACE('',(#9766),#9777,.F.);
#9766 = FACE_BOUND('',#9767,.T.);
#9767 = EDGE_LOOP('',(#9768,#9769,#9775,#9776));
#9768 = ORIENTED_EDGE('',*,*,#8630,.T.);
#9769 = ORIENTED_EDGE('',*,*,#9770,.T.);
#9770 = EDGE_CURVE('',#8631,#9169,#9771,.T.);
#9771 = LINE('',#9772,#9773);
#9772 = CARTESIAN_POINT('',(160.02,-129.5985,-4.6E-02));
#9773 = VECTOR('',#9774,1.);
#9774 = DIRECTION('',(0.,0.,1.));
#9775 = ORIENTED_EDGE('',*,*,#9168,.F.);
#9776 = ORIENTED_EDGE('',*,*,#9770,.F.);
#9777 = CYLINDRICAL_SURFACE('',#9778,0.4445);
#9778 = AXIS2_PLACEMENT_3D('',#9779,#9780,#9781);
#9779 = CARTESIAN_POINT('',(160.02,-129.154,-4.6E-02));
#9780 = DIRECTION('',(-0.,0.,-1.));
#9781 = DIRECTION('',(6.39408536117E-14,-1.,-0.));
#9782 = ADVANCED_FACE('',(#9783),#9794,.F.);
#9783 = FACE_BOUND('',#9784,.T.);
#9784 = EDGE_LOOP('',(#9785,#9786,#9792,#9793));
#9785 = ORIENTED_EDGE('',*,*,#8641,.T.);
#9786 = ORIENTED_EDGE('',*,*,#9787,.T.);
#9787 = EDGE_CURVE('',#8642,#9180,#9788,.T.);
#9788 = LINE('',#9789,#9790);
#9789 = CARTESIAN_POINT('',(160.02,-127.0585,-4.6E-02));
#9790 = VECTOR('',#9791,1.);
#9791 = DIRECTION('',(0.,0.,1.));
#9792 = ORIENTED_EDGE('',*,*,#9179,.F.);
#9793 = ORIENTED_EDGE('',*,*,#9787,.F.);
#9794 = CYLINDRICAL_SURFACE('',#9795,0.4445);
#9795 = AXIS2_PLACEMENT_3D('',#9796,#9797,#9798);
#9796 = CARTESIAN_POINT('',(160.02,-126.614,-4.6E-02));
#9797 = DIRECTION('',(-0.,0.,-1.));
#9798 = DIRECTION('',(6.39408536117E-14,-1.,-0.));
#9799 = ADVANCED_FACE('',(#9800),#9811,.F.);
#9800 = FACE_BOUND('',#9801,.T.);
#9801 = EDGE_LOOP('',(#9802,#9803,#9809,#9810));
#9802 = ORIENTED_EDGE('',*,*,#8652,.T.);
#9803 = ORIENTED_EDGE('',*,*,#9804,.T.);
#9804 = EDGE_CURVE('',#8653,#9191,#9805,.T.);
#9805 = LINE('',#9806,#9807);
#9806 = CARTESIAN_POINT('',(160.02,-124.5185,-4.6E-02));
#9807 = VECTOR('',#9808,1.);
#9808 = DIRECTION('',(0.,0.,1.));
#9809 = ORIENTED_EDGE('',*,*,#9190,.F.);
#9810 = ORIENTED_EDGE('',*,*,#9804,.F.);
#9811 = CYLINDRICAL_SURFACE('',#9812,0.4445);
#9812 = AXIS2_PLACEMENT_3D('',#9813,#9814,#9815);
#9813 = CARTESIAN_POINT('',(160.02,-124.074,-4.6E-02));
#9814 = DIRECTION('',(-0.,0.,-1.));
#9815 = DIRECTION('',(6.39408536117E-14,-1.,-0.));
#9816 = ADVANCED_FACE('',(#9817),#9833,.T.);
#9817 = FACE_BOUND('',#9818,.T.);
#9818 = EDGE_LOOP('',(#9819,#9825,#9826,#9832));
#9819 = ORIENTED_EDGE('',*,*,#9820,.T.);
#9820 = EDGE_CURVE('',#8664,#9202,#9821,.T.);
#9821 = LINE('',#9822,#9823);
#9822 = CARTESIAN_POINT('',(154.,-125.5,0.));
#9823 = VECTOR('',#9824,1.);
#9824 = DIRECTION('',(0.,0.,1.));
#9825 = ORIENTED_EDGE('',*,*,#9201,.T.);
#9826 = ORIENTED_EDGE('',*,*,#9827,.F.);
#9827 = EDGE_CURVE('',#8666,#9204,#9828,.T.);
#9828 = LINE('',#9829,#9830);
#9829 = CARTESIAN_POINT('',(158.5,-125.5,0.));
#9830 = VECTOR('',#9831,1.);
#9831 = DIRECTION('',(0.,0.,1.));
#9832 = ORIENTED_EDGE('',*,*,#8663,.F.);
#9833 = PLANE('',#9834);
#9834 = AXIS2_PLACEMENT_3D('',#9835,#9836,#9837);
#9835 = CARTESIAN_POINT('',(154.,-125.5,0.));
#9836 = DIRECTION('',(0.,1.,0.));
#9837 = DIRECTION('',(1.,0.,0.));
#9838 = ADVANCED_FACE('',(#9839),#9850,.T.);
#9839 = FACE_BOUND('',#9840,.T.);
#9840 = EDGE_LOOP('',(#9841,#9847,#9848,#9849));
#9841 = ORIENTED_EDGE('',*,*,#9842,.T.);
#9842 = EDGE_CURVE('',#8674,#9212,#9843,.T.);
#9843 = LINE('',#9844,#9845);
#9844 = CARTESIAN_POINT('',(154.,-120.5,0.));
#9845 = VECTOR('',#9846,1.);
#9846 = DIRECTION('',(0.,0.,1.));
#9847 = ORIENTED_EDGE('',*,*,#9211,.T.);
#9848 = ORIENTED_EDGE('',*,*,#9820,.F.);
#9849 = ORIENTED_EDGE('',*,*,#8673,.F.);
#9850 = PLANE('',#9851);
#9851 = AXIS2_PLACEMENT_3D('',#9852,#9853,#9854);
#9852 = CARTESIAN_POINT('',(154.,-120.5,0.));
#9853 = DIRECTION('',(1.,0.,-0.));
#9854 = DIRECTION('',(0.,-1.,0.));
#9855 = ADVANCED_FACE('',(#9856),#9867,.T.);
#9856 = FACE_BOUND('',#9857,.T.);
#9857 = EDGE_LOOP('',(#9858,#9859,#9860,#9866));
#9858 = ORIENTED_EDGE('',*,*,#9827,.T.);
#9859 = ORIENTED_EDGE('',*,*,#9227,.T.);
#9860 = ORIENTED_EDGE('',*,*,#9861,.F.);
#9861 = EDGE_CURVE('',#8682,#9220,#9862,.T.);
#9862 = LINE('',#9863,#9864);
#9863 = CARTESIAN_POINT('',(158.5,-120.5,0.));
#9864 = VECTOR('',#9865,1.);
#9865 = DIRECTION('',(0.,0.,1.));
#9866 = ORIENTED_EDGE('',*,*,#8689,.F.);
#9867 = PLANE('',#9868);
#9868 = AXIS2_PLACEMENT_3D('',#9869,#9870,#9871);
#9869 = CARTESIAN_POINT('',(158.5,-125.5,0.));
#9870 = DIRECTION('',(-1.,0.,0.));
#9871 = DIRECTION('',(0.,1.,0.));
#9872 = ADVANCED_FACE('',(#9873),#9879,.T.);
#9873 = FACE_BOUND('',#9874,.T.);
#9874 = EDGE_LOOP('',(#9875,#9876,#9877,#9878));
#9875 = ORIENTED_EDGE('',*,*,#9861,.T.);
#9876 = ORIENTED_EDGE('',*,*,#9219,.T.);
#9877 = ORIENTED_EDGE('',*,*,#9842,.F.);
#9878 = ORIENTED_EDGE('',*,*,#8681,.F.);
#9879 = PLANE('',#9880);
#9880 = AXIS2_PLACEMENT_3D('',#9881,#9882,#9883);
#9881 = CARTESIAN_POINT('',(158.5,-120.5,0.));
#9882 = DIRECTION('',(0.,-1.,0.));
#9883 = DIRECTION('',(-1.,0.,0.));
#9884 = ADVANCED_FACE('',(#9885),#9896,.F.);
#9885 = FACE_BOUND('',#9886,.T.);
#9886 = EDGE_LOOP('',(#9887,#9888,#9894,#9895));
#9887 = ORIENTED_EDGE('',*,*,#8697,.T.);
#9888 = ORIENTED_EDGE('',*,*,#9889,.T.);
#9889 = EDGE_CURVE('',#8698,#9236,#9890,.T.);
#9890 = LINE('',#9891,#9892);
#9891 = CARTESIAN_POINT('',(160.02,-121.9785,-4.6E-02));
#9892 = VECTOR('',#9893,1.);
#9893 = DIRECTION('',(0.,0.,1.));
#9894 = ORIENTED_EDGE('',*,*,#9235,.F.);
#9895 = ORIENTED_EDGE('',*,*,#9889,.F.);
#9896 = CYLINDRICAL_SURFACE('',#9897,0.4445);
#9897 = AXIS2_PLACEMENT_3D('',#9898,#9899,#9900);
#9898 = CARTESIAN_POINT('',(160.02,-121.534,-4.6E-02));
#9899 = DIRECTION('',(-0.,0.,-1.));
#9900 = DIRECTION('',(6.39408536117E-14,-1.,-0.));
#9901 = ADVANCED_FACE('',(#9902),#9913,.F.);
#9902 = FACE_BOUND('',#9903,.T.);
#9903 = EDGE_LOOP('',(#9904,#9905,#9911,#9912));
#9904 = ORIENTED_EDGE('',*,*,#8708,.T.);
#9905 = ORIENTED_EDGE('',*,*,#9906,.T.);
#9906 = EDGE_CURVE('',#8709,#9247,#9907,.T.);
#9907 = LINE('',#9908,#9909);
#9908 = CARTESIAN_POINT('',(160.02,-119.4385,-4.6E-02));
#9909 = VECTOR('',#9910,1.);
#9910 = DIRECTION('',(0.,0.,1.));
#9911 = ORIENTED_EDGE('',*,*,#9246,.F.);
#9912 = ORIENTED_EDGE('',*,*,#9906,.F.);
#9913 = CYLINDRICAL_SURFACE('',#9914,0.4445);
#9914 = AXIS2_PLACEMENT_3D('',#9915,#9916,#9917);
#9915 = CARTESIAN_POINT('',(160.02,-118.994,-4.6E-02));
#9916 = DIRECTION('',(-0.,0.,-1.));
#9917 = DIRECTION('',(6.39408536117E-14,-1.,-0.));
#9918 = ADVANCED_FACE('',(#9919),#9930,.F.);
#9919 = FACE_BOUND('',#9920,.T.);
#9920 = EDGE_LOOP('',(#9921,#9922,#9928,#9929));
#9921 = ORIENTED_EDGE('',*,*,#8719,.T.);
#9922 = ORIENTED_EDGE('',*,*,#9923,.T.);
#9923 = EDGE_CURVE('',#8720,#9258,#9924,.T.);
#9924 = LINE('',#9925,#9926);
#9925 = CARTESIAN_POINT('',(160.02,-116.8985,-4.6E-02));
#9926 = VECTOR('',#9927,1.);
#9927 = DIRECTION('',(0.,0.,1.));
#9928 = ORIENTED_EDGE('',*,*,#9257,.F.);
#9929 = ORIENTED_EDGE('',*,*,#9923,.F.);
#9930 = CYLINDRICAL_SURFACE('',#9931,0.4445);
#9931 = AXIS2_PLACEMENT_3D('',#9932,#9933,#9934);
#9932 = CARTESIAN_POINT('',(160.02,-116.454,-4.6E-02));
#9933 = DIRECTION('',(-0.,0.,-1.));
#9934 = DIRECTION('',(6.39408536117E-14,-1.,-0.));
#9935 = ADVANCED_FACE('',(#9936),#9947,.F.);
#9936 = FACE_BOUND('',#9937,.T.);
#9937 = EDGE_LOOP('',(#9938,#9939,#9945,#9946));
#9938 = ORIENTED_EDGE('',*,*,#8730,.T.);
#9939 = ORIENTED_EDGE('',*,*,#9940,.T.);
#9940 = EDGE_CURVE('',#8731,#9269,#9941,.T.);
#9941 = LINE('',#9942,#9943);
#9942 = CARTESIAN_POINT('',(160.02,-114.3585,-4.6E-02));
#9943 = VECTOR('',#9944,1.);
#9944 = DIRECTION('',(0.,0.,1.));
#9945 = ORIENTED_EDGE('',*,*,#9268,.F.);
#9946 = ORIENTED_EDGE('',*,*,#9940,.F.);
#9947 = CYLINDRICAL_SURFACE('',#9948,0.4445);
#9948 = AXIS2_PLACEMENT_3D('',#9949,#9950,#9951);
#9949 = CARTESIAN_POINT('',(160.02,-113.914,-4.6E-02));
#9950 = DIRECTION('',(-0.,0.,-1.));
#9951 = DIRECTION('',(6.39408536117E-14,-1.,-0.));
#9952 = ADVANCED_FACE('',(#9953),#9964,.F.);
#9953 = FACE_BOUND('',#9954,.T.);
#9954 = EDGE_LOOP('',(#9955,#9956,#9962,#9963));
#9955 = ORIENTED_EDGE('',*,*,#8741,.T.);
#9956 = ORIENTED_EDGE('',*,*,#9957,.T.);
#9957 = EDGE_CURVE('',#8742,#9280,#9958,.T.);
#9958 = LINE('',#9959,#9960);
#9959 = CARTESIAN_POINT('',(165.1,-119.88,-4.6E-02));
#9960 = VECTOR('',#9961,1.);
#9961 = DIRECTION('',(0.,0.,1.));
#9962 = ORIENTED_EDGE('',*,*,#9279,.F.);
#9963 = ORIENTED_EDGE('',*,*,#9957,.F.);
#9964 = CYLINDRICAL_SURFACE('',#9965,0.5);
#9965 = AXIS2_PLACEMENT_3D('',#9966,#9967,#9968);
#9966 = CARTESIAN_POINT('',(165.1,-119.38,-4.6E-02));
#9967 = DIRECTION('',(-0.,-0.,-1.));
#9968 = DIRECTION('',(-0.,-1.,0.));
#9969 = ADVANCED_FACE('',(#9970),#9981,.F.);
#9970 = FACE_BOUND('',#9971,.T.);
#9971 = EDGE_LOOP('',(#9972,#9973,#9979,#9980));
#9972 = ORIENTED_EDGE('',*,*,#8752,.T.);
#9973 = ORIENTED_EDGE('',*,*,#9974,.T.);
#9974 = EDGE_CURVE('',#8753,#9291,#9975,.T.);
#9975 = LINE('',#9976,#9977);
#9976 = CARTESIAN_POINT('',(165.1,-117.34,-4.6E-02));
#9977 = VECTOR('',#9978,1.);
#9978 = DIRECTION('',(0.,0.,1.));
#9979 = ORIENTED_EDGE('',*,*,#9290,.F.);
#9980 = ORIENTED_EDGE('',*,*,#9974,.F.);
#9981 = CYLINDRICAL_SURFACE('',#9982,0.5);
#9982 = AXIS2_PLACEMENT_3D('',#9983,#9984,#9985);
#9983 = CARTESIAN_POINT('',(165.1,-116.84,-4.6E-02));
#9984 = DIRECTION('',(-0.,-0.,-1.));
#9985 = DIRECTION('',(-0.,-1.,0.));
#9986 = ADVANCED_FACE('',(#9987),#9998,.F.);
#9987 = FACE_BOUND('',#9988,.T.);
#9988 = EDGE_LOOP('',(#9989,#9990,#9996,#9997));
#9989 = ORIENTED_EDGE('',*,*,#8763,.T.);
#9990 = ORIENTED_EDGE('',*,*,#9991,.T.);
#9991 = EDGE_CURVE('',#8764,#9302,#9992,.T.);
#9992 = LINE('',#9993,#9994);
#9993 = CARTESIAN_POINT('',(125.88,-110.4,-4.6E-02));
#9994 = VECTOR('',#9995,1.);
#9995 = DIRECTION('',(0.,0.,1.));
#9996 = ORIENTED_EDGE('',*,*,#9301,.F.);
#9997 = ORIENTED_EDGE('',*,*,#9991,.F.);
#9998 = CYLINDRICAL_SURFACE('',#9999,0.4);
#9999 = AXIS2_PLACEMENT_3D('',#10000,#10001,#10002);
#10000 = CARTESIAN_POINT('',(125.88,-110.,-4.6E-02));
#10001 = DIRECTION('',(-0.,-0.,-1.));
#10002 = DIRECTION('',(-0.,-1.,0.));
#10003 = ADVANCED_FACE('',(#10004),#10015,.F.);
#10004 = FACE_BOUND('',#10005,.T.);
#10005 = EDGE_LOOP('',(#10006,#10007,#10013,#10014));
#10006 = ORIENTED_EDGE('',*,*,#8774,.T.);
#10007 = ORIENTED_EDGE('',*,*,#10008,.T.);
#10008 = EDGE_CURVE('',#8775,#9313,#10009,.T.);
#10009 = LINE('',#10010,#10011);
#10010 = CARTESIAN_POINT('',(133.5,-110.4,-4.6E-02));
#10011 = VECTOR('',#10012,1.);
#10012 = DIRECTION('',(0.,0.,1.));
#10013 = ORIENTED_EDGE('',*,*,#9312,.F.);
#10014 = ORIENTED_EDGE('',*,*,#10008,.F.);
#10015 = CYLINDRICAL_SURFACE('',#10016,0.4);
#10016 = AXIS2_PLACEMENT_3D('',#10017,#10018,#10019);
#10017 = CARTESIAN_POINT('',(133.5,-110.,-4.6E-02));
#10018 = DIRECTION('',(-0.,-0.,-1.));
#10019 = DIRECTION('',(-0.,-1.,0.));
#10020 = ADVANCED_FACE('',(#10021),#10032,.F.);
#10021 = FACE_BOUND('',#10022,.T.);
#10022 = EDGE_LOOP('',(#10023,#10024,#10030,#10031));
#10023 = ORIENTED_EDGE('',*,*,#8785,.T.);
#10024 = ORIENTED_EDGE('',*,*,#10025,.T.);
#10025 = EDGE_CURVE('',#8786,#9324,#10026,.T.);
#10026 = LINE('',#10027,#10028);
#10027 = CARTESIAN_POINT('',(137.16,-107.18,-4.6E-02));
#10028 = VECTOR('',#10029,1.);
#10029 = DIRECTION('',(0.,0.,1.));
#10030 = ORIENTED_EDGE('',*,*,#9323,.F.);
#10031 = ORIENTED_EDGE('',*,*,#10025,.F.);
#10032 = CYLINDRICAL_SURFACE('',#10033,0.5);
#10033 = AXIS2_PLACEMENT_3D('',#10034,#10035,#10036);
#10034 = CARTESIAN_POINT('',(137.16,-106.68,-4.6E-02));
#10035 = DIRECTION('',(-0.,-0.,-1.));
#10036 = DIRECTION('',(-0.,-1.,0.));
#10037 = ADVANCED_FACE('',(#10038),#10049,.F.);
#10038 = FACE_BOUND('',#10039,.T.);
#10039 = EDGE_LOOP('',(#10040,#10041,#10047,#10048));
#10040 = ORIENTED_EDGE('',*,*,#8796,.T.);
#10041 = ORIENTED_EDGE('',*,*,#10042,.T.);
#10042 = EDGE_CURVE('',#8797,#9335,#10043,.T.);
#10043 = LINE('',#10044,#10045);
#10044 = CARTESIAN_POINT('',(145.9,-107.28,-4.6E-02));
#10045 = VECTOR('',#10046,1.);
#10046 = DIRECTION('',(0.,0.,1.));
#10047 = ORIENTED_EDGE('',*,*,#9334,.F.);
#10048 = ORIENTED_EDGE('',*,*,#10042,.F.);
#10049 = CYLINDRICAL_SURFACE('',#10050,0.6);
#10050 = AXIS2_PLACEMENT_3D('',#10051,#10052,#10053);
#10051 = CARTESIAN_POINT('',(145.9,-106.68,-4.6E-02));
#10052 = DIRECTION('',(-0.,-0.,-1.));
#10053 = DIRECTION('',(-0.,-1.,0.));
#10054 = ADVANCED_FACE('',(#10055),#10066,.F.);
#10055 = FACE_BOUND('',#10056,.T.);
#10056 = EDGE_LOOP('',(#10057,#10058,#10064,#10065));
#10057 = ORIENTED_EDGE('',*,*,#8807,.T.);
#10058 = ORIENTED_EDGE('',*,*,#10059,.T.);
#10059 = EDGE_CURVE('',#8808,#9346,#10060,.T.);
#10060 = LINE('',#10061,#10062);
#10061 = CARTESIAN_POINT('',(121.92,-104.64,-4.6E-02));
#10062 = VECTOR('',#10063,1.);
#10063 = DIRECTION('',(0.,0.,1.));
#10064 = ORIENTED_EDGE('',*,*,#9345,.F.);
#10065 = ORIENTED_EDGE('',*,*,#10059,.F.);
#10066 = CYLINDRICAL_SURFACE('',#10067,0.5);
#10067 = AXIS2_PLACEMENT_3D('',#10068,#10069,#10070);
#10068 = CARTESIAN_POINT('',(121.92,-104.14,-4.6E-02));
#10069 = DIRECTION('',(-0.,-0.,-1.));
#10070 = DIRECTION('',(-0.,-1.,0.));
#10071 = ADVANCED_FACE('',(#10072),#10083,.F.);
#10072 = FACE_BOUND('',#10073,.T.);
#10073 = EDGE_LOOP('',(#10074,#10075,#10081,#10082));
#10074 = ORIENTED_EDGE('',*,*,#8818,.T.);
#10075 = ORIENTED_EDGE('',*,*,#10076,.T.);
#10076 = EDGE_CURVE('',#8819,#9357,#10077,.T.);
#10077 = LINE('',#10078,#10079);
#10078 = CARTESIAN_POINT('',(121.92,-102.1,-4.6E-02));
#10079 = VECTOR('',#10080,1.);
#10080 = DIRECTION('',(0.,0.,1.));
#10081 = ORIENTED_EDGE('',*,*,#9356,.F.);
#10082 = ORIENTED_EDGE('',*,*,#10076,.F.);
#10083 = CYLINDRICAL_SURFACE('',#10084,0.5);
#10084 = AXIS2_PLACEMENT_3D('',#10085,#10086,#10087);
#10085 = CARTESIAN_POINT('',(121.92,-101.6,-4.6E-02));
#10086 = DIRECTION('',(-0.,-0.,-1.));
#10087 = DIRECTION('',(-0.,-1.,0.));
#10088 = ADVANCED_FACE('',(#10089),#10100,.F.);
#10089 = FACE_BOUND('',#10090,.T.);
#10090 = EDGE_LOOP('',(#10091,#10092,#10098,#10099));
#10091 = ORIENTED_EDGE('',*,*,#8829,.T.);
#10092 = ORIENTED_EDGE('',*,*,#10093,.T.);
#10093 = EDGE_CURVE('',#8830,#9368,#10094,.T.);
#10094 = LINE('',#10095,#10096);
#10095 = CARTESIAN_POINT('',(121.92,-99.56,-4.6E-02));
#10096 = VECTOR('',#10097,1.);
#10097 = DIRECTION('',(0.,0.,1.));
#10098 = ORIENTED_EDGE('',*,*,#9367,.F.);
#10099 = ORIENTED_EDGE('',*,*,#10093,.F.);
#10100 = CYLINDRICAL_SURFACE('',#10101,0.5);
#10101 = AXIS2_PLACEMENT_3D('',#10102,#10103,#10104);
#10102 = CARTESIAN_POINT('',(121.92,-99.06,-4.6E-02));
#10103 = DIRECTION('',(-0.,-0.,-1.));
#10104 = DIRECTION('',(-0.,-1.,0.));
#10105 = ADVANCED_FACE('',(#10106),#10117,.F.);
#10106 = FACE_BOUND('',#10107,.T.);
#10107 = EDGE_LOOP('',(#10108,#10109,#10115,#10116));
#10108 = ORIENTED_EDGE('',*,*,#8840,.T.);
#10109 = ORIENTED_EDGE('',*,*,#10110,.T.);
#10110 = EDGE_CURVE('',#8841,#9379,#10111,.T.);
#10111 = LINE('',#10112,#10113);
#10112 = CARTESIAN_POINT('',(125.79,-99.46,-4.6E-02));
#10113 = VECTOR('',#10114,1.);
#10114 = DIRECTION('',(0.,0.,1.));
#10115 = ORIENTED_EDGE('',*,*,#9378,.F.);
#10116 = ORIENTED_EDGE('',*,*,#10110,.F.);
#10117 = CYLINDRICAL_SURFACE('',#10118,0.4);
#10118 = AXIS2_PLACEMENT_3D('',#10119,#10120,#10121);
#10119 = CARTESIAN_POINT('',(125.79,-99.06,-4.6E-02));
#10120 = DIRECTION('',(-0.,0.,-1.));
#10121 = DIRECTION('',(3.5527136788E-14,-1.,-0.));
#10122 = ADVANCED_FACE('',(#10123),#10134,.F.);
#10123 = FACE_BOUND('',#10124,.T.);
#10124 = EDGE_LOOP('',(#10125,#10126,#10132,#10133));
#10125 = ORIENTED_EDGE('',*,*,#8851,.T.);
#10126 = ORIENTED_EDGE('',*,*,#10127,.T.);
#10127 = EDGE_CURVE('',#8852,#9390,#10128,.T.);
#10128 = LINE('',#10129,#10130);
#10129 = CARTESIAN_POINT('',(133.41,-99.46,-4.6E-02));
#10130 = VECTOR('',#10131,1.);
#10131 = DIRECTION('',(0.,0.,1.));
#10132 = ORIENTED_EDGE('',*,*,#9389,.F.);
#10133 = ORIENTED_EDGE('',*,*,#10127,.F.);
#10134 = CYLINDRICAL_SURFACE('',#10135,0.4);
#10135 = AXIS2_PLACEMENT_3D('',#10136,#10137,#10138);
#10136 = CARTESIAN_POINT('',(133.41,-99.06,-4.6E-02));
#10137 = DIRECTION('',(-0.,-0.,-1.));
#10138 = DIRECTION('',(-0.,-1.,0.));
#10139 = ADVANCED_FACE('',(#10140),#10151,.F.);
#10140 = FACE_BOUND('',#10141,.T.);
#10141 = EDGE_LOOP('',(#10142,#10143,#10149,#10150));
#10142 = ORIENTED_EDGE('',*,*,#8862,.T.);
#10143 = ORIENTED_EDGE('',*,*,#10144,.T.);
#10144 = EDGE_CURVE('',#8863,#9401,#10145,.T.);
#10145 = LINE('',#10146,#10147);
#10146 = CARTESIAN_POINT('',(137.16,-104.64,-4.6E-02));
#10147 = VECTOR('',#10148,1.);
#10148 = DIRECTION('',(0.,0.,1.));
#10149 = ORIENTED_EDGE('',*,*,#9400,.F.);
#10150 = ORIENTED_EDGE('',*,*,#10144,.F.);
#10151 = CYLINDRICAL_SURFACE('',#10152,0.5);
#10152 = AXIS2_PLACEMENT_3D('',#10153,#10154,#10155);
#10153 = CARTESIAN_POINT('',(137.16,-104.14,-4.6E-02));
#10154 = DIRECTION('',(-0.,-0.,-1.));
#10155 = DIRECTION('',(-0.,-1.,0.));
#10156 = ADVANCED_FACE('',(#10157),#10168,.F.);
#10157 = FACE_BOUND('',#10158,.T.);
#10158 = EDGE_LOOP('',(#10159,#10165,#10166,#10167));
#10159 = ORIENTED_EDGE('',*,*,#10160,.T.);
#10160 = EDGE_CURVE('',#8874,#9412,#10161,.T.);
#10161 = LINE('',#10162,#10163);
#10162 = CARTESIAN_POINT('',(143.9,-102.68,0.));
#10163 = VECTOR('',#10164,1.);
#10164 = DIRECTION('',(0.,0.,1.));
#10165 = ORIENTED_EDGE('',*,*,#9411,.T.);
#10166 = ORIENTED_EDGE('',*,*,#10160,.F.);
#10167 = ORIENTED_EDGE('',*,*,#8873,.F.);
#10168 = CYLINDRICAL_SURFACE('',#10169,1.5);
#10169 = AXIS2_PLACEMENT_3D('',#10170,#10171,#10172);
#10170 = CARTESIAN_POINT('',(142.4,-102.68,0.));
#10171 = DIRECTION('',(-0.,-0.,-1.));
#10172 = DIRECTION('',(1.,0.,-0.));
#10173 = ADVANCED_FACE('',(#10174),#10185,.F.);
#10174 = FACE_BOUND('',#10175,.T.);
#10175 = EDGE_LOOP('',(#10176,#10177,#10183,#10184));
#10176 = ORIENTED_EDGE('',*,*,#8884,.T.);
#10177 = ORIENTED_EDGE('',*,*,#10178,.T.);
#10178 = EDGE_CURVE('',#8885,#9423,#10179,.T.);
#10179 = LINE('',#10180,#10181);
#10180 = CARTESIAN_POINT('',(137.16,-102.1,-4.6E-02));
#10181 = VECTOR('',#10182,1.);
#10182 = DIRECTION('',(0.,0.,1.));
#10183 = ORIENTED_EDGE('',*,*,#9422,.F.);
#10184 = ORIENTED_EDGE('',*,*,#10178,.F.);
#10185 = CYLINDRICAL_SURFACE('',#10186,0.5);
#10186 = AXIS2_PLACEMENT_3D('',#10187,#10188,#10189);
#10187 = CARTESIAN_POINT('',(137.16,-101.6,-4.6E-02));
#10188 = DIRECTION('',(-0.,-0.,-1.));
#10189 = DIRECTION('',(-0.,-1.,0.));
#10190 = ADVANCED_FACE('',(#10191),#10202,.F.);
#10191 = FACE_BOUND('',#10192,.T.);
#10192 = EDGE_LOOP('',(#10193,#10194,#10200,#10201));
#10193 = ORIENTED_EDGE('',*,*,#8895,.T.);
#10194 = ORIENTED_EDGE('',*,*,#10195,.T.);
#10195 = EDGE_CURVE('',#8896,#9434,#10196,.T.);
#10196 = LINE('',#10197,#10198);
#10197 = CARTESIAN_POINT('',(137.16,-99.56,-4.6E-02));
#10198 = VECTOR('',#10199,1.);
#10199 = DIRECTION('',(0.,0.,1.));
#10200 = ORIENTED_EDGE('',*,*,#9433,.F.);
#10201 = ORIENTED_EDGE('',*,*,#10195,.F.);
#10202 = CYLINDRICAL_SURFACE('',#10203,0.5);
#10203 = AXIS2_PLACEMENT_3D('',#10204,#10205,#10206);
#10204 = CARTESIAN_POINT('',(137.16,-99.06,-4.6E-02));
#10205 = DIRECTION('',(-0.,-0.,-1.));
#10206 = DIRECTION('',(-0.,-1.,0.));
#10207 = ADVANCED_FACE('',(#10208),#10219,.F.);
#10208 = FACE_BOUND('',#10209,.T.);
#10209 = EDGE_LOOP('',(#10210,#10211,#10217,#10218));
#10210 = ORIENTED_EDGE('',*,*,#8906,.T.);
#10211 = ORIENTED_EDGE('',*,*,#10212,.T.);
#10212 = EDGE_CURVE('',#8907,#9445,#10213,.T.);
#10213 = LINE('',#10214,#10215);
#10214 = CARTESIAN_POINT('',(148.44,-107.28,-4.6E-02));
#10215 = VECTOR('',#10216,1.);
#10216 = DIRECTION('',(0.,0.,1.));
#10217 = ORIENTED_EDGE('',*,*,#9444,.F.);
#10218 = ORIENTED_EDGE('',*,*,#10212,.F.);
#10219 = CYLINDRICAL_SURFACE('',#10220,0.6);
#10220 = AXIS2_PLACEMENT_3D('',#10221,#10222,#10223);
#10221 = CARTESIAN_POINT('',(148.44,-106.68,-4.6E-02));
#10222 = DIRECTION('',(-0.,-0.,-1.));
#10223 = DIRECTION('',(-0.,-1.,0.));
#10224 = ADVANCED_FACE('',(#10225),#10236,.F.);
#10225 = FACE_BOUND('',#10226,.T.);
#10226 = EDGE_LOOP('',(#10227,#10228,#10234,#10235));
#10227 = ORIENTED_EDGE('',*,*,#8917,.T.);
#10228 = ORIENTED_EDGE('',*,*,#10229,.T.);
#10229 = EDGE_CURVE('',#8918,#9456,#10230,.T.);
#10230 = LINE('',#10231,#10232);
#10231 = CARTESIAN_POINT('',(150.98,-107.28,-4.6E-02));
#10232 = VECTOR('',#10233,1.);
#10233 = DIRECTION('',(0.,0.,1.));
#10234 = ORIENTED_EDGE('',*,*,#9455,.F.);
#10235 = ORIENTED_EDGE('',*,*,#10229,.F.);
#10236 = CYLINDRICAL_SURFACE('',#10237,0.6);
#10237 = AXIS2_PLACEMENT_3D('',#10238,#10239,#10240);
#10238 = CARTESIAN_POINT('',(150.98,-106.68,-4.6E-02));
#10239 = DIRECTION('',(-0.,-0.,-1.));
#10240 = DIRECTION('',(-4.736951571734E-14,-1.,0.));
#10241 = ADVANCED_FACE('',(#10242),#10253,.F.);
#10242 = FACE_BOUND('',#10243,.T.);
#10243 = EDGE_LOOP('',(#10244,#10245,#10251,#10252));
#10244 = ORIENTED_EDGE('',*,*,#8928,.T.);
#10245 = ORIENTED_EDGE('',*,*,#10246,.T.);
#10246 = EDGE_CURVE('',#8929,#9467,#10247,.T.);
#10247 = LINE('',#10248,#10249);
#10248 = CARTESIAN_POINT('',(153.52,-107.28,-4.6E-02));
#10249 = VECTOR('',#10250,1.);
#10250 = DIRECTION('',(0.,0.,1.));
#10251 = ORIENTED_EDGE('',*,*,#9466,.F.);
#10252 = ORIENTED_EDGE('',*,*,#10246,.F.);
#10253 = CYLINDRICAL_SURFACE('',#10254,0.6);
#10254 = AXIS2_PLACEMENT_3D('',#10255,#10256,#10257);
#10255 = CARTESIAN_POINT('',(153.52,-106.68,-4.6E-02));
#10256 = DIRECTION('',(-0.,0.,-1.));
#10257 = DIRECTION('',(4.736951571734E-14,-1.,-0.));
#10258 = ADVANCED_FACE('',(#10259),#10270,.F.);
#10259 = FACE_BOUND('',#10260,.T.);
#10260 = EDGE_LOOP('',(#10261,#10262,#10268,#10269));
#10261 = ORIENTED_EDGE('',*,*,#8939,.T.);
#10262 = ORIENTED_EDGE('',*,*,#10263,.T.);
#10263 = EDGE_CURVE('',#8940,#9478,#10264,.T.);
#10264 = LINE('',#10265,#10266);
#10265 = CARTESIAN_POINT('',(156.06,-107.28,-4.6E-02));
#10266 = VECTOR('',#10267,1.);
#10267 = DIRECTION('',(0.,0.,1.));
#10268 = ORIENTED_EDGE('',*,*,#9477,.F.);
#10269 = ORIENTED_EDGE('',*,*,#10263,.F.);
#10270 = CYLINDRICAL_SURFACE('',#10271,0.6);
#10271 = AXIS2_PLACEMENT_3D('',#10272,#10273,#10274);
#10272 = CARTESIAN_POINT('',(156.06,-106.68,-4.6E-02));
#10273 = DIRECTION('',(-0.,-0.,-1.));
#10274 = DIRECTION('',(-0.,-1.,0.));
#10275 = ADVANCED_FACE('',(#10276),#10287,.F.);
#10276 = FACE_BOUND('',#10277,.T.);
#10277 = EDGE_LOOP('',(#10278,#10279,#10285,#10286));
#10278 = ORIENTED_EDGE('',*,*,#8950,.T.);
#10279 = ORIENTED_EDGE('',*,*,#10280,.T.);
#10280 = EDGE_CURVE('',#8951,#9489,#10281,.T.);
#10281 = LINE('',#10282,#10283);
#10282 = CARTESIAN_POINT('',(158.6,-107.28,-4.6E-02));
#10283 = VECTOR('',#10284,1.);
#10284 = DIRECTION('',(0.,0.,1.));
#10285 = ORIENTED_EDGE('',*,*,#9488,.F.);
#10286 = ORIENTED_EDGE('',*,*,#10280,.F.);
#10287 = CYLINDRICAL_SURFACE('',#10288,0.6);
#10288 = AXIS2_PLACEMENT_3D('',#10289,#10290,#10291);
#10289 = CARTESIAN_POINT('',(158.6,-106.68,-4.6E-02));
#10290 = DIRECTION('',(-0.,-0.,-1.));
#10291 = DIRECTION('',(-0.,-1.,0.));
#10292 = ADVANCED_FACE('',(#10293),#10304,.F.);
#10293 = FACE_BOUND('',#10294,.T.);
#10294 = EDGE_LOOP('',(#10295,#10296,#10302,#10303));
#10295 = ORIENTED_EDGE('',*,*,#8961,.T.);
#10296 = ORIENTED_EDGE('',*,*,#10297,.T.);
#10297 = EDGE_CURVE('',#8962,#9500,#10298,.T.);
#10298 = LINE('',#10299,#10300);
#10299 = CARTESIAN_POINT('',(168.92,-111.39,-4.6E-02));
#10300 = VECTOR('',#10301,1.);
#10301 = DIRECTION('',(0.,0.,1.));
#10302 = ORIENTED_EDGE('',*,*,#9499,.F.);
#10303 = ORIENTED_EDGE('',*,*,#10297,.F.);
#10304 = CYLINDRICAL_SURFACE('',#10305,0.5);
#10305 = AXIS2_PLACEMENT_3D('',#10306,#10307,#10308);
#10306 = CARTESIAN_POINT('',(168.92,-110.89,-4.6E-02));
#10307 = DIRECTION('',(-0.,-0.,-1.));
#10308 = DIRECTION('',(-0.,-1.,0.));
#10309 = ADVANCED_FACE('',(#10310),#10321,.F.);
#10310 = FACE_BOUND('',#10311,.T.);
#10311 = EDGE_LOOP('',(#10312,#10313,#10319,#10320));
#10312 = ORIENTED_EDGE('',*,*,#8972,.T.);
#10313 = ORIENTED_EDGE('',*,*,#10314,.T.);
#10314 = EDGE_CURVE('',#8973,#9511,#10315,.T.);
#10315 = LINE('',#10316,#10317);
#10316 = CARTESIAN_POINT('',(171.46,-111.39,-4.6E-02));
#10317 = VECTOR('',#10318,1.);
#10318 = DIRECTION('',(0.,0.,1.));
#10319 = ORIENTED_EDGE('',*,*,#9510,.F.);
#10320 = ORIENTED_EDGE('',*,*,#10314,.F.);
#10321 = CYLINDRICAL_SURFACE('',#10322,0.5);
#10322 = AXIS2_PLACEMENT_3D('',#10323,#10324,#10325);
#10323 = CARTESIAN_POINT('',(171.46,-110.89,-4.6E-02));
#10324 = DIRECTION('',(-0.,-0.,-1.));
#10325 = DIRECTION('',(-0.,-1.,0.));
#10326 = ADVANCED_FACE('',(#10327),#10338,.F.);
#10327 = FACE_BOUND('',#10328,.T.);
#10328 = EDGE_LOOP('',(#10329,#10330,#10336,#10337));
#10329 = ORIENTED_EDGE('',*,*,#8983,.T.);
#10330 = ORIENTED_EDGE('',*,*,#10331,.T.);
#10331 = EDGE_CURVE('',#8984,#9522,#10332,.T.);
#10332 = LINE('',#10333,#10334);
#10333 = CARTESIAN_POINT('',(168.92,-106.21,-4.6E-02));
#10334 = VECTOR('',#10335,1.);
#10335 = DIRECTION('',(0.,0.,1.));
#10336 = ORIENTED_EDGE('',*,*,#9521,.F.);
#10337 = ORIENTED_EDGE('',*,*,#10331,.F.);
#10338 = CYLINDRICAL_SURFACE('',#10339,0.4);
#10339 = AXIS2_PLACEMENT_3D('',#10340,#10341,#10342);
#10340 = CARTESIAN_POINT('',(168.92,-105.81,-4.6E-02));
#10341 = DIRECTION('',(-0.,-0.,-1.));
#10342 = DIRECTION('',(-7.105427357601E-14,-1.,0.));
#10343 = ADVANCED_FACE('',(#10344),#10355,.F.);
#10344 = FACE_BOUND('',#10345,.T.);
#10345 = EDGE_LOOP('',(#10346,#10347,#10353,#10354));
#10346 = ORIENTED_EDGE('',*,*,#8994,.T.);
#10347 = ORIENTED_EDGE('',*,*,#10348,.T.);
#10348 = EDGE_CURVE('',#8995,#9533,#10349,.T.);
#10349 = LINE('',#10350,#10351);
#10350 = CARTESIAN_POINT('',(174.,-106.21,-4.6E-02));
#10351 = VECTOR('',#10352,1.);
#10352 = DIRECTION('',(0.,0.,1.));
#10353 = ORIENTED_EDGE('',*,*,#9532,.F.);
#10354 = ORIENTED_EDGE('',*,*,#10348,.F.);
#10355 = CYLINDRICAL_SURFACE('',#10356,0.4);
#10356 = AXIS2_PLACEMENT_3D('',#10357,#10358,#10359);
#10357 = CARTESIAN_POINT('',(174.,-105.81,-4.6E-02));
#10358 = DIRECTION('',(-0.,-0.,-1.));
#10359 = DIRECTION('',(-0.,-1.,0.));
#10360 = ADVANCED_FACE('',(#10361),#10372,.F.);
#10361 = FACE_BOUND('',#10362,.T.);
#10362 = EDGE_LOOP('',(#10363,#10369,#10370,#10371));
#10363 = ORIENTED_EDGE('',*,*,#10364,.T.);
#10364 = EDGE_CURVE('',#9006,#9544,#10365,.T.);
#10365 = LINE('',#10366,#10367);
#10366 = CARTESIAN_POINT('',(163.9,-102.68,0.));
#10367 = VECTOR('',#10368,1.);
#10368 = DIRECTION('',(0.,0.,1.));
#10369 = ORIENTED_EDGE('',*,*,#9543,.T.);
#10370 = ORIENTED_EDGE('',*,*,#10364,.F.);
#10371 = ORIENTED_EDGE('',*,*,#9005,.F.);
#10372 = CYLINDRICAL_SURFACE('',#10373,1.5);
#10373 = AXIS2_PLACEMENT_3D('',#10374,#10375,#10376);
#10374 = CARTESIAN_POINT('',(162.4,-102.68,0.));
#10375 = DIRECTION('',(-0.,-0.,-1.));
#10376 = DIRECTION('',(1.,0.,-0.));
#10377 = ADVANCED_FACE('',(#10378),#10389,.F.);
#10378 = FACE_BOUND('',#10379,.T.);
#10379 = EDGE_LOOP('',(#10380,#10381,#10387,#10388));
#10380 = ORIENTED_EDGE('',*,*,#9016,.T.);
#10381 = ORIENTED_EDGE('',*,*,#10382,.T.);
#10382 = EDGE_CURVE('',#9017,#9555,#10383,.T.);
#10383 = LINE('',#10384,#10385);
#10384 = CARTESIAN_POINT('',(168.92,-98.59,-4.6E-02));
#10385 = VECTOR('',#10386,1.);
#10386 = DIRECTION('',(0.,0.,1.));
#10387 = ORIENTED_EDGE('',*,*,#9554,.F.);
#10388 = ORIENTED_EDGE('',*,*,#10382,.F.);
#10389 = CYLINDRICAL_SURFACE('',#10390,0.4);
#10390 = AXIS2_PLACEMENT_3D('',#10391,#10392,#10393);
#10391 = CARTESIAN_POINT('',(168.92,-98.19,-4.6E-02));
#10392 = DIRECTION('',(-0.,-0.,-1.));
#10393 = DIRECTION('',(-7.105427357601E-14,-1.,0.));
#10394 = ADVANCED_FACE('',(#10395),#10406,.F.);
#10395 = FACE_BOUND('',#10396,.T.);
#10396 = EDGE_LOOP('',(#10397,#10398,#10404,#10405));
#10397 = ORIENTED_EDGE('',*,*,#9027,.T.);
#10398 = ORIENTED_EDGE('',*,*,#10399,.T.);
#10399 = EDGE_CURVE('',#9028,#9566,#10400,.T.);
#10400 = LINE('',#10401,#10402);
#10401 = CARTESIAN_POINT('',(174.,-98.59,-4.6E-02));
#10402 = VECTOR('',#10403,1.);
#10403 = DIRECTION('',(0.,0.,1.));
#10404 = ORIENTED_EDGE('',*,*,#9565,.F.);
#10405 = ORIENTED_EDGE('',*,*,#10399,.F.);
#10406 = CYLINDRICAL_SURFACE('',#10407,0.4);
#10407 = AXIS2_PLACEMENT_3D('',#10408,#10409,#10410);
#10408 = CARTESIAN_POINT('',(174.,-98.19,-4.6E-02));
#10409 = DIRECTION('',(-0.,-0.,-1.));
#10410 = DIRECTION('',(-0.,-1.,0.));
#10411 = ( GEOMETRIC_REPRESENTATION_CONTEXT(3) 
GLOBAL_UNCERTAINTY_ASSIGNED_CONTEXT((#10415)) 
GLOBAL_UNIT_ASSIGNED_CONTEXT((#10412,#10413,#10414)) 
REPRESENTATION_CONTEXT('Context #1',
  '3D Context with UNIT and UNCERTAINTY') );
#10412 = ( LENGTH_UNIT() NAMED_UNIT(*) SI_UNIT(.MILLI.,.METRE.) );
#10413 = ( NAMED_UNIT(*) PLANE_ANGLE_UNIT() SI_UNIT($,.RADIAN.) );
#10414 = ( NAMED_UNIT(*) SI_UNIT($,.STERADIAN.) SOLID_ANGLE_UNIT() );
#10415 = UNCERTAINTY_MEASURE_WITH_UNIT(LENGTH_MEASURE(1.E-07),#10412,
  'distance_accuracy_value','confusion accuracy');
#10416 = CONTEXT_DEPENDENT_SHAPE_REPRESENTATION(#10417,#10419);
#10417 = ( REPRESENTATION_RELATIONSHIP('','',#8466,#10) 
REPRESENTATION_RELATIONSHIP_WITH_TRANSFORMATION(#10418) 
SHAPE_REPRESENTATION_RELATIONSHIP() );
#10418 = ITEM_DEFINED_TRANSFORMATION('','',#11,#19);
#10419 = PRODUCT_DEFINITION_SHAPE('Placement','Placement of an item',
  #10420);
#10420 = NEXT_ASSEMBLY_USAGE_OCCURRENCE('2','=>[0:1:1:3]','',#5,#8461,$
  );
#10421 = PRODUCT_RELATED_PRODUCT_CATEGORY('part',$,(#8463));
#10422 = MECHANICAL_DESIGN_GEOMETRIC_PRESENTATION_REPRESENTATION('',(
    #10423),#10411);
#10423 = STYLED_ITEM('color',(#10424),#8467);
#10424 = PRESENTATION_STYLE_ASSIGNMENT((#10425));
#10425 = SURFACE_STYLE_USAGE(.BOTH.,#10426);
#10426 = SURFACE_SIDE_STYLE('',(#10427));
#10427 = SURFACE_STYLE_FILL_AREA(#10428);
#10428 = FILL_AREA_STYLE('',(#10429));
#10429 = FILL_AREA_STYLE_COLOUR('',#10430);
#10430 = COLOUR_RGB('',0.313304153717,0.484529207832,0.410020903123);
#10431 = MECHANICAL_DESIGN_GEOMETRIC_PRESENTATION_REPRESENTATION('',(
    #10432,#10440,#10447,#10454,#10461,#10468,#10475,#10482,#10489,
    #10496,#10503,#10510,#10517),#8448);
#10432 = STYLED_ITEM('color',(#10433),#37);
#10433 = PRESENTATION_STYLE_ASSIGNMENT((#10434));
#10434 = SURFACE_STYLE_USAGE(.BOTH.,#10435);
#10435 = SURFACE_SIDE_STYLE('',(#10436));
#10436 = SURFACE_STYLE_FILL_AREA(#10437);
#10437 = FILL_AREA_STYLE('',(#10438));
#10438 = FILL_AREA_STYLE_COLOUR('',#10439);
#10439 = COLOUR_RGB('',0.854305825093,0.803630995277,0.);
#10440 = STYLED_ITEM('color',(#10441),#269);
#10441 = PRESENTATION_STYLE_ASSIGNMENT((#10442));
#10442 = SURFACE_STYLE_USAGE(.BOTH.,#10443);
#10443 = SURFACE_SIDE_STYLE('',(#10444));
#10444 = SURFACE_STYLE_FILL_AREA(#10445);
#10445 = FILL_AREA_STYLE('',(#10446));
#10446 = FILL_AREA_STYLE_COLOUR('',#10439);
#10447 = STYLED_ITEM('color',(#10448),#905);
#10448 = PRESENTATION_STYLE_ASSIGNMENT((#10449));
#10449 = SURFACE_STYLE_USAGE(.BOTH.,#10450);
#10450 = SURFACE_SIDE_STYLE('',(#10451));
#10451 = SURFACE_STYLE_FILL_AREA(#10452);
#10452 = FILL_AREA_STYLE('',(#10453));
#10453 = FILL_AREA_STYLE_COLOUR('',#10439);
#10454 = STYLED_ITEM('color',(#10455),#2431);
#10455 = PRESENTATION_STYLE_ASSIGNMENT((#10456));
#10456 = SURFACE_STYLE_USAGE(.BOTH.,#10457);
#10457 = SURFACE_SIDE_STYLE('',(#10458));
#10458 = SURFACE_STYLE_FILL_AREA(#10459);
#10459 = FILL_AREA_STYLE('',(#10460));
#10460 = FILL_AREA_STYLE_COLOUR('',#10439);
#10461 = STYLED_ITEM('color',(#10462),#2764);
#10462 = PRESENTATION_STYLE_ASSIGNMENT((#10463));
#10463 = SURFACE_STYLE_USAGE(.BOTH.,#10464);
#10464 = SURFACE_SIDE_STYLE('',(#10465));
#10465 = SURFACE_STYLE_FILL_AREA(#10466);
#10466 = FILL_AREA_STYLE('',(#10467));
#10467 = FILL_AREA_STYLE_COLOUR('',#10439);
#10468 = STYLED_ITEM('color',(#10469),#3472);
#10469 = PRESENTATION_STYLE_ASSIGNMENT((#10470));
#10470 = SURFACE_STYLE_USAGE(.BOTH.,#10471);
#10471 = SURFACE_SIDE_STYLE('',(#10472));
#10472 = SURFACE_STYLE_FILL_AREA(#10473);
#10473 = FILL_AREA_STYLE('',(#10474));
#10474 = FILL_AREA_STYLE_COLOUR('',#10439);
#10475 = STYLED_ITEM('color',(#10476),#3805);
#10476 = PRESENTATION_STYLE_ASSIGNMENT((#10477));
#10477 = SURFACE_STYLE_USAGE(.BOTH.,#10478);
#10478 = SURFACE_SIDE_STYLE('',(#10479));
#10479 = SURFACE_STYLE_FILL_AREA(#10480);
#10480 = FILL_AREA_STYLE('',(#10481));
#10481 = FILL_AREA_STYLE_COLOUR('',#10439);
#10482 = STYLED_ITEM('color',(#10483),#4550);
#10483 = PRESENTATION_STYLE_ASSIGNMENT((#10484));
#10484 = SURFACE_STYLE_USAGE(.BOTH.,#10485);
#10485 = SURFACE_SIDE_STYLE('',(#10486));
#10486 = SURFACE_STYLE_FILL_AREA(#10487);
#10487 = FILL_AREA_STYLE('',(#10488));
#10488 = FILL_AREA_STYLE_COLOUR('',#10439);
#10489 = STYLED_ITEM('color',(#10490),#4883);
#10490 = PRESENTATION_STYLE_ASSIGNMENT((#10491));
#10491 = SURFACE_STYLE_USAGE(.BOTH.,#10492);
#10492 = SURFACE_SIDE_STYLE('',(#10493));
#10493 = SURFACE_STYLE_FILL_AREA(#10494);
#10494 = FILL_AREA_STYLE('',(#10495));
#10495 = FILL_AREA_STYLE_COLOUR('',#10439);
#10496 = STYLED_ITEM('color',(#10497),#5317);
#10497 = PRESENTATION_STYLE_ASSIGNMENT((#10498));
#10498 = SURFACE_STYLE_USAGE(.BOTH.,#10499);
#10499 = SURFACE_SIDE_STYLE('',(#10500));
#10500 = SURFACE_STYLE_FILL_AREA(#10501);
#10501 = FILL_AREA_STYLE('',(#10502));
#10502 = FILL_AREA_STYLE_COLOUR('',#10439);
#10503 = STYLED_ITEM('color',(#10504),#5751);
#10504 = PRESENTATION_STYLE_ASSIGNMENT((#10505));
#10505 = SURFACE_STYLE_USAGE(.BOTH.,#10506);
#10506 = SURFACE_SIDE_STYLE('',(#10507));
#10507 = SURFACE_STYLE_FILL_AREA(#10508);
#10508 = FILL_AREA_STYLE('',(#10509));
#10509 = FILL_AREA_STYLE_COLOUR('',#10439);
#10510 = STYLED_ITEM('color',(#10511),#6387);
#10511 = PRESENTATION_STYLE_ASSIGNMENT((#10512));
#10512 = SURFACE_STYLE_USAGE(.BOTH.,#10513);
#10513 = SURFACE_SIDE_STYLE('',(#10514));
#10514 = SURFACE_STYLE_FILL_AREA(#10515);
#10515 = FILL_AREA_STYLE('',(#10516));
#10516 = FILL_AREA_STYLE_COLOUR('',#10439);
#10517 = STYLED_ITEM('color',(#10518),#8014);
#10518 = PRESENTATION_STYLE_ASSIGNMENT((#10519));
#10519 = SURFACE_STYLE_USAGE(.BOTH.,#10520);
#10520 = SURFACE_SIDE_STYLE('',(#10521));
#10521 = SURFACE_STYLE_FILL_AREA(#10522);
#10522 = FILL_AREA_STYLE('',(#10523));
#10523 = FILL_AREA_STYLE_COLOUR('',#10439);
ENDSEC;
END-ISO-10303-21;
